# Blender 5.2.2 LTS
# www.blender.org
mtllib platform.mtl
o platform
v -0.192112 2.309775 0.402260
v -0.023162 0.911622 0.241665
v -0.534225 0.597903 0.515224
v -0.192112 2.343932 0.402260
v -0.209254 0.801816 0.477954
v -0.192112 2.309775 -0.411217
v -0.192112 2.343932 -0.411217
v -0.534225 0.597903 -0.506779
v 0.159181 2.309775 0.402260
v -0.008601 0.911622 0.243099
v 0.159181 2.343932 0.402260
v -0.209254 0.801816 -0.469508
v 0.159181 2.309775 -0.411217
v 0.159181 2.343932 -0.411217
v -0.192112 2.309775 0.255483
v 0.005401 0.911622 0.247346
v 0.527753 0.597903 0.515224
v -0.192112 2.343932 0.255483
v 0.421947 0.801816 0.477954
v 0.159181 2.309775 0.255483
v 0.159181 2.343932 0.255483
v 0.527753 0.597903 -0.506779
v -0.192112 2.343932 -0.270427
v 0.159181 2.309775 -0.270427
v 0.018304 0.911622 0.254244
v 0.421947 0.801816 -0.469508
v -0.192112 2.309775 -0.270427
v 0.159181 2.343932 -0.270427
v 0.159181 2.389738 -0.270427
v -0.534225 0.801816 0.515224
v 0.159181 2.389738 0.255483
v 0.029615 0.911622 0.263526
v -0.192112 2.389738 0.255483
v -0.534225 0.801816 -0.506779
v -0.192112 2.389738 -0.270427
v 0.527753 0.801816 -0.506779
v 0.145622 2.389738 -0.250127
v 0.145622 2.389738 0.235184
v 0.038897 0.911622 0.274836
v -0.178552 2.389738 0.235184
v 0.527753 0.801816 0.515224
v -0.178552 2.389738 -0.250127
v 0.104104 2.782014 -0.153986
v -0.209254 0.872547 0.477954
v 0.045794 0.911622 0.287740
v 0.104104 2.782014 0.139043
v -0.137035 2.782014 0.139043
v -0.137035 2.782014 -0.153986
v -0.209254 0.872547 -0.469508
v 0.145622 2.782014 -0.250127
v 0.421947 0.872547 0.477954
v 0.050041 0.911622 0.301741
v 0.145622 2.782014 0.235184
v 0.421947 0.872547 -0.469508
v -0.178552 2.782014 0.235184
v -0.178552 2.782014 -0.250127
v 0.104104 2.802897 -0.153986
v 0.051475 0.911622 0.316302
v 0.104104 2.802897 0.139043
v -0.137035 2.802897 0.139043
v 0.050041 0.911622 0.330863
v -0.137035 2.802897 -0.153986
v 0.045794 0.911622 0.344864
v 0.038897 0.911622 0.357768
v 0.029615 0.911622 0.369078
v 0.018304 0.911622 0.378360
v 0.005401 0.911622 0.385257
v -0.008601 0.911622 0.389505
v -0.023162 0.911622 0.390939
v -0.037723 0.911622 0.389505
v -0.051724 0.911622 0.385257
v -0.064628 0.911622 0.378360
v -0.075938 0.911622 0.369078
v -0.085220 0.911622 0.357768
v -0.092117 0.911622 0.344864
v -0.096364 0.911622 0.330863
v -0.097799 0.911622 0.316302
v -0.096364 0.911622 0.301741
v -0.092117 0.911622 0.287740
v -0.085220 0.911622 0.274836
v -0.075938 0.911622 0.263526
v -0.064628 0.911622 0.254244
v -0.051724 0.911622 0.247346
v -0.037723 0.911622 0.243099
v -0.023162 0.911622 0.206705
v -0.001780 0.911622 0.208811
v 0.018779 0.911622 0.215048
v 0.037727 0.911622 0.225176
v 0.054335 0.911622 0.238805
v 0.067965 0.911622 0.255413
v 0.078092 0.911622 0.274361
v 0.084329 0.911622 0.294921
v 0.086435 0.911622 0.316302
v 0.084329 0.911622 0.337683
v 0.078092 0.911622 0.358243
v 0.067965 0.911622 0.377191
v 0.054335 0.911622 0.393799
v 0.037727 0.911622 0.407428
v 0.018779 0.911622 0.417556
v -0.001780 0.911622 0.423793
v -0.023162 0.911622 0.425899
v -0.044543 0.911622 0.423793
v -0.065103 0.911622 0.417556
v -0.084050 0.911622 0.407428
v -0.100658 0.911622 0.393799
v -0.114288 0.911622 0.377191
v -0.124416 0.911622 0.358243
v -0.130653 0.911622 0.337683
v -0.132758 0.911622 0.316302
v -0.130653 0.911622 0.294921
v -0.124416 0.911622 0.274361
v -0.114288 0.911622 0.255413
v -0.100658 0.911622 0.238805
v -0.084050 0.911622 0.225176
v -0.065103 0.911622 0.215048
v -0.044543 0.911622 0.208811
v -0.023162 0.885553 0.206705
v -0.001780 0.885553 0.208811
v 0.018779 0.885553 0.215048
v 0.037727 0.885553 0.225176
v 0.054335 0.885553 0.238805
v 0.067965 0.885553 0.255413
v 0.078092 0.885553 0.274361
v 0.084329 0.885553 0.294921
v 0.086435 0.885553 0.316302
v 0.084329 0.885553 0.337683
v 0.078092 0.885553 0.358243
v 0.067965 0.885553 0.377191
v 0.054335 0.885553 0.393799
v 0.037727 0.885553 0.407428
v 0.018779 0.885553 0.417556
v -0.001780 0.885553 0.423793
v -0.023162 0.885553 0.425899
v -0.044543 0.885553 0.423793
v -0.065103 0.885553 0.417556
v -0.084050 0.885553 0.407428
v -0.100658 0.885553 0.393799
v -0.114288 0.885553 0.377191
v -0.124416 0.885553 0.358243
v -0.130653 0.885553 0.337683
v -0.132758 0.885553 0.316302
v -0.130653 0.885553 0.294921
v -0.124416 0.885553 0.274361
v -0.114288 0.885553 0.255413
v -0.100658 0.885553 0.238805
v -0.084050 0.885553 0.225176
v -0.065103 0.885553 0.215048
v -0.044543 0.885553 0.208811
v -0.023162 0.885553 0.176744
v 0.004065 0.885553 0.179426
v 0.030245 0.885553 0.187367
v 0.054372 0.885553 0.200264
v 0.075521 0.885553 0.217620
v 0.092876 0.885553 0.238768
v 0.105773 0.885553 0.262896
v 0.113715 0.885553 0.289076
v 0.116396 0.885553 0.316302
v 0.113715 0.885553 0.343528
v 0.105773 0.885553 0.369709
v 0.092876 0.885553 0.393836
v 0.075521 0.885553 0.414984
v 0.054372 0.885553 0.432340
v 0.030245 0.885553 0.445237
v 0.004065 0.885553 0.453178
v -0.023162 0.885553 0.455860
v -0.050388 0.885553 0.453178
v -0.076568 0.885553 0.445237
v -0.100696 0.885553 0.432340
v -0.121844 0.885553 0.414984
v -0.139200 0.885553 0.393836
v -0.152096 0.885553 0.369709
v -0.160038 0.885553 0.343528
v -0.162720 0.885553 0.316302
v -0.160038 0.885553 0.289076
v -0.152096 0.885553 0.262896
v -0.139200 0.885553 0.238768
v -0.121844 0.885553 0.217620
v -0.100696 0.885553 0.200264
v -0.076568 0.885553 0.187367
v -0.050388 0.885553 0.179426
v -0.023162 0.911622 -0.402287
v -0.008601 0.911622 -0.400853
v 0.005401 0.911622 -0.396606
v 0.018304 0.911622 -0.389709
v 0.029615 0.911622 -0.380427
v 0.038897 0.911622 -0.369116
v 0.045794 0.911622 -0.356213
v 0.050041 0.911622 -0.342211
v 0.051475 0.911622 -0.327650
v 0.050041 0.911622 -0.313089
v 0.045794 0.911622 -0.299088
v 0.038897 0.911622 -0.286184
v 0.029615 0.911622 -0.274874
v 0.018304 0.911622 -0.265592
v 0.005401 0.911622 -0.258695
v -0.008601 0.911622 -0.254448
v -0.023162 0.911622 -0.253013
v -0.037723 0.911622 -0.254448
v -0.051724 0.911622 -0.258695
v -0.064628 0.911622 -0.265592
v -0.075938 0.911622 -0.274874
v -0.085220 0.911622 -0.286184
v -0.092117 0.911622 -0.299088
v -0.096364 0.911622 -0.313089
v -0.097799 0.911622 -0.327650
v -0.096364 0.911622 -0.342211
v -0.092117 0.911622 -0.356213
v -0.085220 0.911622 -0.369116
v -0.075938 0.911622 -0.380427
v -0.064628 0.911622 -0.389709
v -0.051724 0.911622 -0.396606
v -0.037723 0.911622 -0.400853
v -0.023162 0.911622 -0.437247
v -0.001780 0.911622 -0.435141
v 0.018779 0.911622 -0.428904
v 0.037727 0.911622 -0.418777
v 0.054335 0.911622 -0.405147
v 0.067965 0.911622 -0.388539
v 0.078092 0.911622 -0.369591
v 0.084329 0.911622 -0.349032
v 0.086435 0.911622 -0.327650
v 0.084329 0.911622 -0.306269
v 0.078092 0.911622 -0.285709
v 0.067965 0.911622 -0.266762
v 0.054335 0.911622 -0.250154
v 0.037727 0.911622 -0.236524
v 0.018779 0.911622 -0.226396
v -0.001780 0.911622 -0.220159
v -0.023162 0.911622 -0.218054
v -0.044543 0.911622 -0.220159
v -0.065103 0.911622 -0.226396
v -0.084050 0.911622 -0.236524
v -0.100658 0.911622 -0.250154
v -0.114288 0.911622 -0.266762
v -0.124416 0.911622 -0.285709
v -0.130653 0.911622 -0.306269
v -0.132758 0.911622 -0.327650
v -0.130653 0.911622 -0.349032
v -0.124416 0.911622 -0.369591
v -0.114288 0.911622 -0.388539
v -0.100658 0.911622 -0.405147
v -0.084050 0.911622 -0.418777
v -0.065103 0.911622 -0.428904
v -0.044543 0.911622 -0.435141
v -0.023162 0.885553 -0.437247
v -0.001780 0.885553 -0.435141
v 0.018779 0.885553 -0.428904
v 0.037727 0.885553 -0.418777
v 0.054335 0.885553 -0.405147
v 0.067965 0.885553 -0.388539
v 0.078092 0.885553 -0.369591
v 0.084329 0.885553 -0.349032
v 0.086435 0.885553 -0.327650
v 0.084329 0.885553 -0.306269
v 0.078092 0.885553 -0.285709
v 0.067965 0.885553 -0.266762
v 0.054335 0.885553 -0.250154
v 0.037727 0.885553 -0.236524
v 0.018779 0.885553 -0.226396
v -0.001780 0.885553 -0.220159
v -0.023162 0.885553 -0.218054
v -0.044543 0.885553 -0.220159
v -0.065103 0.885553 -0.226396
v -0.084050 0.885553 -0.236524
v -0.100658 0.885553 -0.250154
v -0.114288 0.885553 -0.266762
v -0.124416 0.885553 -0.285709
v -0.130653 0.885553 -0.306269
v -0.132758 0.885553 -0.327650
v -0.130653 0.885553 -0.349032
v -0.124416 0.885553 -0.369591
v -0.114288 0.885553 -0.388539
v -0.100658 0.885553 -0.405147
v -0.084050 0.885553 -0.418777
v -0.065103 0.885553 -0.428904
v -0.044543 0.885553 -0.435141
v -0.023162 0.885553 -0.467208
v 0.004065 0.885553 -0.464527
v 0.030245 0.885553 -0.456585
v 0.054372 0.885553 -0.443688
v 0.075521 0.885553 -0.426333
v 0.092876 0.885553 -0.405184
v 0.105773 0.885553 -0.381057
v 0.113715 0.885553 -0.354877
v 0.116396 0.885553 -0.327650
v 0.113715 0.885553 -0.300424
v 0.105773 0.885553 -0.274244
v 0.092876 0.885553 -0.250116
v 0.075521 0.885553 -0.228968
v 0.054372 0.885553 -0.211612
v 0.030245 0.885553 -0.198716
v 0.004065 0.885553 -0.190774
v -0.023162 0.885553 -0.188092
v -0.050388 0.885553 -0.190774
v -0.076568 0.885553 -0.198716
v -0.100696 0.885553 -0.211612
v -0.121844 0.885553 -0.228968
v -0.139200 0.885553 -0.250116
v -0.152096 0.885553 -0.274244
v -0.160038 0.885553 -0.300424
v -0.162720 0.885553 -0.327650
v -0.160038 0.885553 -0.354877
v -0.152096 0.885553 -0.381057
v -0.139200 0.885553 -0.405184
v -0.121844 0.885553 -0.426333
v -0.100696 0.885553 -0.443688
v -0.076568 0.885553 -0.456585
v -0.050388 0.885553 -0.464527
v -0.023162 0.897001 -0.069569
v -0.010463 0.897001 -0.068318
v 0.001747 0.897001 -0.064614
v 0.013001 0.897001 -0.058599
v 0.022864 0.897001 -0.050504
v 0.030959 0.897001 -0.040641
v 0.036974 0.897001 -0.029388
v 0.040678 0.897001 -0.017177
v 0.041929 0.897001 -0.004479
v 0.040678 0.897001 0.008220
v 0.036974 0.897001 0.020430
v 0.030959 0.897001 0.031684
v 0.022864 0.897001 0.041547
v 0.013001 0.897001 0.049642
v 0.001747 0.897001 0.055657
v -0.010463 0.897001 0.059361
v -0.023162 0.897001 0.060612
v -0.035860 0.897001 0.059361
v -0.048071 0.897001 0.055657
v -0.059324 0.897001 0.049642
v -0.069188 0.897001 0.041547
v -0.077282 0.897001 0.031684
v -0.083297 0.897001 0.020430
v -0.087001 0.897001 0.008220
v -0.088252 0.897001 -0.004479
v -0.087001 0.897001 -0.017177
v -0.083297 0.897001 -0.029388
v -0.077282 0.897001 -0.040641
v -0.069188 0.897001 -0.050504
v -0.059324 0.897001 -0.058599
v -0.048071 0.897001 -0.064614
v -0.035860 0.897001 -0.068318
v -0.023162 0.897001 -0.080697
v -0.008292 0.897001 -0.079233
v 0.006006 0.897001 -0.074895
v 0.019183 0.897001 -0.067852
v 0.030733 0.897001 -0.058373
v 0.040212 0.897001 -0.046823
v 0.047255 0.897001 -0.033646
v 0.051592 0.897001 -0.019348
v 0.053057 0.897001 -0.004479
v 0.051592 0.897001 0.010391
v 0.047255 0.897001 0.024689
v 0.040212 0.897001 0.037866
v 0.030733 0.897001 0.049416
v 0.019183 0.897001 0.058895
v 0.006006 0.897001 0.065938
v -0.008292 0.897001 0.070275
v -0.023162 0.897001 0.071740
v -0.038031 0.897001 0.070275
v -0.052329 0.897001 0.065938
v -0.065506 0.897001 0.058895
v -0.077056 0.897001 0.049416
v -0.086535 0.897001 0.037866
v -0.093578 0.897001 0.024689
v -0.097916 0.897001 0.010391
v -0.099380 0.897001 -0.004479
v -0.097916 0.897001 -0.019348
v -0.093578 0.897001 -0.033646
v -0.086535 0.897001 -0.046823
v -0.077056 0.897001 -0.058373
v -0.065506 0.897001 -0.067852
v -0.052329 0.897001 -0.074895
v -0.038031 0.897001 -0.079233
v 0.030959 1.968012 0.031684
v 0.030959 1.942512 0.031684
v 0.030959 1.917011 0.031684
v 0.030959 1.891511 0.031684
v 0.030959 1.866011 0.031684
v 0.030959 1.840510 0.031684
v 0.030959 1.815010 0.031684
v 0.030959 1.789510 0.031684
v 0.030959 1.764010 0.031684
v 0.030959 1.738509 0.031684
v 0.030959 1.713009 0.031684
v 0.030959 1.687509 0.031684
v 0.030959 1.662009 0.031684
v 0.030959 1.636508 0.031684
v 0.030959 1.611008 0.031684
v 0.030959 1.585508 0.031684
v 0.030959 1.560008 0.031684
v 0.030959 1.534507 0.031684
v 0.030959 1.509007 0.031684
v 0.030959 1.483507 0.031684
v 0.030959 1.458007 0.031684
v 0.030959 1.432506 0.031684
v 0.030959 1.407006 0.031684
v 0.030959 1.381506 0.031684
v 0.030959 1.356006 0.031684
v 0.030959 1.330505 0.031684
v 0.030959 1.305005 0.031684
v 0.030959 1.279505 0.031684
v 0.030959 1.254004 0.031684
v 0.030959 1.228504 0.031684
v 0.030959 1.203004 0.031684
v 0.030959 1.177504 0.031684
v 0.030959 1.152003 0.031684
v 0.030959 1.126503 0.031684
v 0.030959 1.101003 0.031684
v 0.030959 1.075503 0.031684
v 0.030959 1.050002 0.031684
v 0.030959 1.024502 0.031684
v 0.030959 0.999002 0.031684
v 0.030959 0.973502 0.031684
v 0.030959 0.948002 0.031684
v 0.030959 0.922501 0.031684
v 0.022864 0.922501 0.041547
v 0.022864 0.948002 0.041547
v 0.022864 0.973502 0.041547
v 0.022864 0.999002 0.041547
v 0.022864 1.024502 0.041547
v 0.022864 1.050003 0.041547
v 0.022864 1.075503 0.041547
v 0.022864 1.101003 0.041547
v 0.022864 1.126503 0.041547
v 0.022864 1.152004 0.041547
v 0.022864 1.177504 0.041547
v 0.022864 1.203004 0.041547
v 0.022864 1.228505 0.041547
v 0.022864 1.254005 0.041547
v 0.022864 1.279505 0.041547
v 0.022864 1.305005 0.041547
v 0.022864 1.330506 0.041547
v 0.022864 1.356006 0.041547
v 0.022864 1.381506 0.041547
v 0.022864 1.407006 0.041547
v 0.022864 1.432507 0.041547
v 0.022864 1.458007 0.041547
v 0.022864 1.483507 0.041547
v 0.022864 1.509007 0.041547
v 0.022864 1.534508 0.041547
v 0.022864 1.560008 0.041547
v 0.022864 1.585508 0.041547
v 0.022864 1.611008 0.041547
v 0.022864 1.636508 0.041547
v 0.022864 1.662009 0.041547
v 0.022864 1.687509 0.041547
v 0.022864 1.713009 0.041547
v 0.022864 1.738509 0.041547
v 0.022864 1.764010 0.041547
v 0.022864 1.789510 0.041547
v 0.022864 1.815010 0.041547
v 0.022864 1.840510 0.041547
v 0.022864 1.866011 0.041547
v 0.022864 1.891511 0.041547
v 0.022864 1.917011 0.041547
v 0.022864 1.942512 0.041547
v 0.022864 1.968012 0.041547
v -0.087001 1.968012 -0.017177
v -0.087001 1.942512 -0.017177
v -0.087001 1.917011 -0.017177
v -0.087001 1.891511 -0.017177
v -0.087001 1.866011 -0.017177
v -0.087001 1.840510 -0.017177
v -0.087001 1.815010 -0.017177
v -0.087001 1.789510 -0.017177
v -0.087001 1.764010 -0.017177
v -0.087001 1.738509 -0.017177
v -0.087001 1.713009 -0.017177
v -0.087001 1.687509 -0.017177
v -0.087001 1.662009 -0.017177
v -0.087001 1.636508 -0.017177
v -0.087001 1.611008 -0.017177
v -0.087001 1.585508 -0.017177
v -0.087001 1.560008 -0.017177
v -0.087001 1.534507 -0.017177
v -0.087001 1.509007 -0.017177
v -0.087001 1.483507 -0.017177
v -0.087001 1.458007 -0.017177
v -0.087001 1.432506 -0.017177
v -0.087001 1.407006 -0.017177
v -0.087001 1.381506 -0.017177
v -0.087001 1.356006 -0.017177
v -0.087001 1.330505 -0.017177
v -0.087001 1.305005 -0.017177
v -0.087001 1.279505 -0.017177
v -0.087001 1.254004 -0.017177
v -0.087001 1.228504 -0.017177
v -0.087001 1.203004 -0.017177
v -0.087001 1.177504 -0.017177
v -0.087001 1.152003 -0.017177
v -0.087001 1.126503 -0.017177
v -0.087001 1.101003 -0.017177
v -0.087001 1.075503 -0.017177
v -0.087001 1.050002 -0.017177
v -0.087001 1.024502 -0.017177
v -0.087001 0.999002 -0.017177
v -0.087001 0.973502 -0.017177
v -0.087001 0.948002 -0.017177
v -0.087001 0.922501 -0.017177
v -0.083297 0.922501 -0.029388
v -0.083297 0.948002 -0.029388
v -0.083297 0.973502 -0.029388
v -0.083297 0.999002 -0.029388
v -0.083297 1.024502 -0.029388
v -0.083297 1.050003 -0.029388
v -0.083297 1.075503 -0.029388
v -0.083297 1.101003 -0.029388
v -0.083297 1.126503 -0.029388
v -0.083297 1.152004 -0.029388
v -0.083297 1.177504 -0.029388
v -0.083297 1.203004 -0.029388
v -0.083297 1.228505 -0.029388
v -0.083297 1.254005 -0.029388
v -0.083297 1.279505 -0.029388
v -0.083297 1.305005 -0.029388
v -0.083297 1.330506 -0.029388
v -0.083297 1.356006 -0.029388
v -0.083297 1.381506 -0.029388
v -0.083297 1.407006 -0.029388
v -0.083297 1.432507 -0.029388
v -0.083297 1.458007 -0.029388
v -0.083297 1.483507 -0.029388
v -0.083297 1.509007 -0.029388
v -0.083297 1.534508 -0.029388
v -0.083297 1.560008 -0.029388
v -0.083297 1.585508 -0.029388
v -0.083297 1.611008 -0.029388
v -0.083297 1.636508 -0.029388
v -0.083297 1.662009 -0.029388
v -0.083297 1.687509 -0.029388
v -0.083297 1.713009 -0.029388
v -0.083297 1.738509 -0.029388
v -0.083297 1.764010 -0.029388
v -0.083297 1.789510 -0.029388
v -0.083297 1.815010 -0.029388
v -0.083297 1.840510 -0.029388
v -0.083297 1.866011 -0.029388
v -0.083297 1.891511 -0.029388
v -0.083297 1.917011 -0.029388
v -0.083297 1.942512 -0.029388
v -0.083297 1.968012 -0.029388
v 0.013001 0.922501 0.049642
v 0.013001 0.948002 0.049642
v 0.013001 0.973502 0.049642
v 0.013001 0.999002 0.049642
v 0.013001 1.024502 0.049642
v 0.013001 1.050003 0.049642
v 0.013001 1.075503 0.049642
v 0.013001 1.101003 0.049642
v 0.013001 1.126503 0.049642
v 0.013001 1.152004 0.049642
v 0.013001 1.177504 0.049642
v 0.013001 1.203004 0.049642
v 0.013001 1.228505 0.049642
v 0.013001 1.254005 0.049642
v 0.013001 1.279505 0.049642
v 0.013001 1.305005 0.049642
v 0.013001 1.330506 0.049642
v 0.013001 1.356006 0.049642
v 0.013001 1.381506 0.049642
v 0.013001 1.407006 0.049642
v 0.013001 1.432507 0.049642
v 0.013001 1.458007 0.049642
v 0.013001 1.483507 0.049642
v 0.013001 1.509007 0.049642
v 0.013001 1.534508 0.049642
v 0.013001 1.560008 0.049642
v 0.013001 1.585508 0.049642
v 0.013001 1.611008 0.049642
v 0.013001 1.636508 0.049642
v 0.013001 1.662009 0.049642
v 0.013001 1.687509 0.049642
v 0.013001 1.713009 0.049642
v 0.013001 1.738509 0.049642
v 0.013001 1.764010 0.049642
v 0.013001 1.789510 0.049642
v 0.013001 1.815010 0.049642
v 0.013001 1.840510 0.049642
v 0.013001 1.866011 0.049642
v 0.013001 1.891511 0.049642
v 0.013001 1.917011 0.049642
v 0.013001 1.942512 0.049642
v 0.013001 1.968012 0.049642
v -0.077282 0.922501 -0.040641
v -0.077282 0.948002 -0.040641
v -0.077282 0.973502 -0.040641
v -0.077282 0.999002 -0.040641
v -0.077282 1.024502 -0.040641
v -0.077282 1.050003 -0.040641
v -0.077282 1.075503 -0.040641
v -0.077282 1.101003 -0.040641
v -0.077282 1.126503 -0.040641
v -0.077282 1.152004 -0.040641
v -0.077282 1.177504 -0.040641
v -0.077282 1.203004 -0.040641
v -0.077282 1.228505 -0.040641
v -0.077282 1.254005 -0.040641
v -0.077282 1.279505 -0.040641
v -0.077282 1.305005 -0.040641
v -0.077282 1.330506 -0.040641
v -0.077282 1.356006 -0.040641
v -0.077282 1.381506 -0.040641
v -0.077282 1.407006 -0.040641
v -0.077282 1.432507 -0.040641
v -0.077282 1.458007 -0.040641
v -0.077282 1.483507 -0.040641
v -0.077282 1.509007 -0.040641
v -0.077282 1.534508 -0.040641
v -0.077282 1.560008 -0.040641
v -0.077282 1.585508 -0.040641
v -0.077282 1.611008 -0.040641
v -0.077282 1.636508 -0.040641
v -0.077282 1.662009 -0.040641
v -0.077282 1.687509 -0.040641
v -0.077282 1.713009 -0.040641
v -0.077282 1.738509 -0.040641
v -0.077282 1.764010 -0.040641
v -0.077282 1.789510 -0.040641
v -0.077282 1.815010 -0.040641
v -0.077282 1.840510 -0.040641
v -0.077282 1.866011 -0.040641
v -0.077282 1.891511 -0.040641
v -0.077282 1.917011 -0.040641
v -0.077282 1.942512 -0.040641
v -0.077282 1.968012 -0.040641
v 0.001747 0.922501 0.055657
v 0.001747 0.948002 0.055657
v 0.001747 0.973502 0.055657
v 0.001747 0.999002 0.055657
v 0.001747 1.024502 0.055657
v 0.001747 1.050003 0.055657
v 0.001747 1.075503 0.055657
v 0.001747 1.101003 0.055657
v 0.001747 1.126503 0.055657
v 0.001747 1.152004 0.055657
v 0.001747 1.177504 0.055657
v 0.001747 1.203004 0.055657
v 0.001747 1.228505 0.055657
v 0.001747 1.254005 0.055657
v 0.001747 1.279505 0.055657
v 0.001747 1.305005 0.055657
v 0.001747 1.330506 0.055657
v 0.001747 1.356006 0.055657
v 0.001747 1.381506 0.055657
v 0.001747 1.407006 0.055657
v 0.001747 1.432507 0.055657
v 0.001747 1.458007 0.055657
v 0.001747 1.483507 0.055657
v 0.001747 1.509007 0.055657
v 0.001747 1.534508 0.055657
v 0.001747 1.560008 0.055657
v 0.001747 1.585508 0.055657
v 0.001747 1.611008 0.055657
v 0.001747 1.636508 0.055657
v 0.001747 1.662009 0.055657
v 0.001747 1.687509 0.055657
v 0.001747 1.713009 0.055657
v 0.001747 1.738509 0.055657
v 0.001747 1.764010 0.055657
v 0.001747 1.789510 0.055657
v 0.001747 1.815010 0.055657
v 0.001747 1.840510 0.055657
v 0.001747 1.866011 0.055657
v 0.001747 1.891511 0.055657
v 0.001747 1.917011 0.055657
v 0.001747 1.942512 0.055657
v 0.001747 1.968012 0.055657
v -0.023162 1.968012 -0.069569
v -0.023162 1.942512 -0.069569
v -0.023162 1.917011 -0.069569
v -0.023162 1.891511 -0.069569
v -0.023162 1.866011 -0.069569
v -0.023162 1.840510 -0.069569
v -0.023162 1.815010 -0.069569
v -0.023162 1.789510 -0.069569
v -0.023162 1.764010 -0.069569
v -0.023162 1.738509 -0.069569
v -0.023162 1.713009 -0.069569
v -0.023162 1.687509 -0.069569
v -0.023162 1.662009 -0.069569
v -0.023162 1.636508 -0.069569
v -0.023162 1.611008 -0.069569
v -0.023162 1.585508 -0.069569
v -0.023162 1.560008 -0.069569
v -0.023162 1.534507 -0.069569
v -0.023162 1.509007 -0.069569
v -0.023162 1.483507 -0.069569
v -0.023162 1.458007 -0.069569
v -0.023162 1.432506 -0.069569
v -0.023162 1.407006 -0.069569
v -0.023162 1.381506 -0.069569
v -0.023162 1.356006 -0.069569
v -0.023162 1.330505 -0.069569
v -0.023162 1.305005 -0.069569
v -0.023162 1.279505 -0.069569
v -0.023162 1.254004 -0.069569
v -0.023162 1.228504 -0.069569
v -0.023162 1.203004 -0.069569
v -0.023162 1.177504 -0.069569
v -0.023162 1.152003 -0.069569
v -0.023162 1.126503 -0.069569
v -0.023162 1.101003 -0.069569
v -0.023162 1.075503 -0.069569
v -0.023162 1.050002 -0.069569
v -0.023162 1.024502 -0.069569
v -0.023162 0.999002 -0.069569
v -0.023162 0.973502 -0.069569
v -0.023162 0.948002 -0.069569
v -0.023162 0.922501 -0.069569
v -0.010463 0.922501 -0.068318
v -0.010463 0.948002 -0.068318
v -0.010463 0.973502 -0.068318
v -0.010463 0.999002 -0.068318
v -0.010463 1.024502 -0.068318
v -0.010463 1.050003 -0.068318
v -0.010463 1.075503 -0.068318
v -0.010463 1.101003 -0.068318
v -0.010463 1.126503 -0.068318
v -0.010463 1.152004 -0.068318
v -0.010463 1.177504 -0.068318
v -0.010463 1.203004 -0.068318
v -0.010463 1.228505 -0.068318
v -0.010463 1.254005 -0.068318
v -0.010463 1.279505 -0.068318
v -0.010463 1.305005 -0.068318
v -0.010463 1.330506 -0.068318
v -0.010463 1.356006 -0.068318
v -0.010463 1.381506 -0.068318
v -0.010463 1.407006 -0.068318
v -0.010463 1.432507 -0.068318
v -0.010463 1.458007 -0.068318
v -0.010463 1.483507 -0.068318
v -0.010463 1.509007 -0.068318
v -0.010463 1.534508 -0.068318
v -0.010463 1.560008 -0.068318
v -0.010463 1.585508 -0.068318
v -0.010463 1.611008 -0.068318
v -0.010463 1.636508 -0.068318
v -0.010463 1.662009 -0.068318
v -0.010463 1.687509 -0.068318
v -0.010463 1.713009 -0.068318
v -0.010463 1.738509 -0.068318
v -0.010463 1.764010 -0.068318
v -0.010463 1.789510 -0.068318
v -0.010463 1.815010 -0.068318
v -0.010463 1.840510 -0.068318
v -0.010463 1.866011 -0.068318
v -0.010463 1.891511 -0.068318
v -0.010463 1.917011 -0.068318
v -0.010463 1.942512 -0.068318
v -0.010463 1.968012 -0.068318
v -0.069188 0.922501 -0.050504
v -0.069188 0.948002 -0.050504
v -0.069188 0.973502 -0.050504
v -0.069188 0.999002 -0.050504
v -0.069188 1.024502 -0.050504
v -0.069188 1.050003 -0.050504
v -0.069188 1.075503 -0.050504
v -0.069188 1.101003 -0.050504
v -0.069188 1.126503 -0.050504
v -0.069188 1.152004 -0.050504
v -0.069188 1.177504 -0.050504
v -0.069188 1.203004 -0.050504
v -0.069188 1.228505 -0.050504
v -0.069188 1.254005 -0.050504
v -0.069188 1.279505 -0.050504
v -0.069188 1.305005 -0.050504
v -0.069188 1.330506 -0.050504
v -0.069188 1.356006 -0.050504
v -0.069188 1.381506 -0.050504
v -0.069188 1.407006 -0.050504
v -0.069188 1.432507 -0.050504
v -0.069188 1.458007 -0.050504
v -0.069188 1.483507 -0.050504
v -0.069188 1.509007 -0.050504
v -0.069188 1.534508 -0.050504
v -0.069188 1.560008 -0.050504
v -0.069188 1.585508 -0.050504
v -0.069188 1.611008 -0.050504
v -0.069188 1.636508 -0.050504
v -0.069188 1.662009 -0.050504
v -0.069188 1.687509 -0.050504
v -0.069188 1.713009 -0.050504
v -0.069188 1.738509 -0.050504
v -0.069188 1.764010 -0.050504
v -0.069188 1.789510 -0.050504
v -0.069188 1.815010 -0.050504
v -0.069188 1.840510 -0.050504
v -0.069188 1.866011 -0.050504
v -0.069188 1.891511 -0.050504
v -0.069188 1.917011 -0.050504
v -0.069188 1.942512 -0.050504
v -0.069188 1.968012 -0.050504
v -0.010463 0.922501 0.059361
v -0.010463 0.948002 0.059361
v -0.010463 0.973502 0.059361
v -0.010463 0.999002 0.059361
v -0.010463 1.024502 0.059361
v -0.010463 1.050003 0.059361
v -0.010463 1.075503 0.059361
v -0.010463 1.101003 0.059361
v -0.010463 1.126503 0.059361
v -0.010463 1.152004 0.059361
v -0.010463 1.177504 0.059361
v -0.010463 1.203004 0.059361
v -0.010463 1.228505 0.059361
v -0.010463 1.254005 0.059361
v -0.010463 1.279505 0.059361
v -0.010463 1.305005 0.059361
v -0.010463 1.330506 0.059361
v -0.010463 1.356006 0.059361
v -0.010463 1.381506 0.059361
v -0.010463 1.407006 0.059361
v -0.010463 1.432507 0.059361
v -0.010463 1.458007 0.059361
v -0.010463 1.483507 0.059361
v -0.010463 1.509007 0.059361
v -0.010463 1.534508 0.059361
v -0.010463 1.560008 0.059361
v -0.010463 1.585508 0.059361
v -0.010463 1.611008 0.059361
v -0.010463 1.636508 0.059361
v -0.010463 1.662009 0.059361
v -0.010463 1.687509 0.059361
v -0.010463 1.713009 0.059361
v -0.010463 1.738509 0.059361
v -0.010463 1.764010 0.059361
v -0.010463 1.789510 0.059361
v -0.010463 1.815010 0.059361
v -0.010463 1.840510 0.059361
v -0.010463 1.866011 0.059361
v -0.010463 1.891511 0.059361
v -0.010463 1.917011 0.059361
v -0.010463 1.942512 0.059361
v -0.010463 1.968012 0.059361
v 0.001747 0.922501 -0.064614
v 0.001747 0.948002 -0.064614
v 0.001747 0.973502 -0.064614
v 0.001747 0.999002 -0.064614
v 0.001747 1.024502 -0.064614
v 0.001747 1.050003 -0.064614
v 0.001747 1.075503 -0.064614
v 0.001747 1.101003 -0.064614
v 0.001747 1.126503 -0.064614
v 0.001747 1.152004 -0.064614
v 0.001747 1.177504 -0.064614
v 0.001747 1.203004 -0.064614
v 0.001747 1.228505 -0.064614
v 0.001747 1.254005 -0.064614
v 0.001747 1.279505 -0.064614
v 0.001747 1.305005 -0.064614
v 0.001747 1.330506 -0.064614
v 0.001747 1.356006 -0.064614
v 0.001747 1.381506 -0.064614
v 0.001747 1.407006 -0.064614
v 0.001747 1.432507 -0.064614
v 0.001747 1.458007 -0.064614
v 0.001747 1.483507 -0.064614
v 0.001747 1.509007 -0.064614
v 0.001747 1.534508 -0.064614
v 0.001747 1.560008 -0.064614
v 0.001747 1.585508 -0.064614
v 0.001747 1.611008 -0.064614
v 0.001747 1.636508 -0.064614
v 0.001747 1.662009 -0.064614
v 0.001747 1.687509 -0.064614
v 0.001747 1.713009 -0.064614
v 0.001747 1.738509 -0.064614
v 0.001747 1.764010 -0.064614
v 0.001747 1.789510 -0.064614
v 0.001747 1.815010 -0.064614
v 0.001747 1.840510 -0.064614
v 0.001747 1.866011 -0.064614
v 0.001747 1.891511 -0.064614
v 0.001747 1.917011 -0.064614
v 0.001747 1.942512 -0.064614
v 0.001747 1.968012 -0.064614
v -0.059324 0.922501 -0.058599
v -0.059324 0.948002 -0.058599
v -0.059324 0.973502 -0.058599
v -0.059324 0.999002 -0.058599
v -0.059324 1.024502 -0.058599
v -0.059324 1.050003 -0.058599
v -0.059324 1.075503 -0.058599
v -0.059324 1.101003 -0.058599
v -0.059324 1.126503 -0.058599
v -0.059324 1.152004 -0.058599
v -0.059324 1.177504 -0.058599
v -0.059324 1.203004 -0.058599
v -0.059324 1.228505 -0.058599
v -0.059324 1.254005 -0.058599
v -0.059324 1.279505 -0.058599
v -0.059324 1.305005 -0.058599
v -0.059324 1.330506 -0.058599
v -0.059324 1.356006 -0.058599
v -0.059324 1.381506 -0.058599
v -0.059324 1.407006 -0.058599
v -0.059324 1.432507 -0.058599
v -0.059324 1.458007 -0.058599
v -0.059324 1.483507 -0.058599
v -0.059324 1.509007 -0.058599
v -0.059324 1.534508 -0.058599
v -0.059324 1.560008 -0.058599
v -0.059324 1.585508 -0.058599
v -0.059324 1.611008 -0.058599
v -0.059324 1.636508 -0.058599
v -0.059324 1.662009 -0.058599
v -0.059324 1.687509 -0.058599
v -0.059324 1.713009 -0.058599
v -0.059324 1.738509 -0.058599
v -0.059324 1.764010 -0.058599
v -0.059324 1.789510 -0.058599
v -0.059324 1.815010 -0.058599
v -0.059324 1.840510 -0.058599
v -0.059324 1.866011 -0.058599
v -0.059324 1.891511 -0.058599
v -0.059324 1.917011 -0.058599
v -0.059324 1.942512 -0.058599
v -0.059324 1.968012 -0.058599
v -0.023162 0.922501 0.060612
v -0.023162 0.948002 0.060612
v -0.023162 0.973502 0.060612
v -0.023162 0.999002 0.060612
v -0.023162 1.024502 0.060612
v -0.023162 1.050003 0.060612
v -0.023162 1.075503 0.060612
v -0.023162 1.101003 0.060612
v -0.023162 1.126503 0.060612
v -0.023162 1.152004 0.060612
v -0.023162 1.177504 0.060612
v -0.023162 1.203004 0.060612
v -0.023162 1.228505 0.060612
v -0.023162 1.254005 0.060612
v -0.023162 1.279505 0.060612
v -0.023162 1.305005 0.060612
v -0.023162 1.330506 0.060612
v -0.023162 1.356006 0.060612
v -0.023162 1.381506 0.060612
v -0.023162 1.407006 0.060612
v -0.023162 1.432507 0.060612
v -0.023162 1.458007 0.060612
v -0.023162 1.483507 0.060612
v -0.023162 1.509007 0.060612
v -0.023162 1.534508 0.060612
v -0.023162 1.560008 0.060612
v -0.023162 1.585508 0.060612
v -0.023162 1.611008 0.060612
v -0.023162 1.636508 0.060612
v -0.023162 1.662009 0.060612
v -0.023162 1.687509 0.060612
v -0.023162 1.713009 0.060612
v -0.023162 1.738509 0.060612
v -0.023162 1.764010 0.060612
v -0.023162 1.789510 0.060612
v -0.023162 1.815010 0.060612
v -0.023162 1.840510 0.060612
v -0.023162 1.866011 0.060612
v -0.023162 1.891511 0.060612
v -0.023162 1.917011 0.060612
v -0.023162 1.942512 0.060612
v -0.023162 1.968012 0.060612
v 0.013001 0.922501 -0.058599
v 0.013001 0.948002 -0.058599
v 0.013001 0.973502 -0.058599
v 0.013001 0.999002 -0.058599
v 0.013001 1.024502 -0.058599
v 0.013001 1.050003 -0.058599
v 0.013001 1.075503 -0.058599
v 0.013001 1.101003 -0.058599
v 0.013001 1.126503 -0.058599
v 0.013001 1.152004 -0.058599
v 0.013001 1.177504 -0.058599
v 0.013001 1.203004 -0.058599
v 0.013001 1.228505 -0.058599
v 0.013001 1.254005 -0.058599
v 0.013001 1.279505 -0.058599
v 0.013001 1.305005 -0.058599
v 0.013001 1.330506 -0.058599
v 0.013001 1.356006 -0.058599
v 0.013001 1.381506 -0.058599
v 0.013001 1.407006 -0.058599
v 0.013001 1.432507 -0.058599
v 0.013001 1.458007 -0.058599
v 0.013001 1.483507 -0.058599
v 0.013001 1.509007 -0.058599
v 0.013001 1.534508 -0.058599
v 0.013001 1.560008 -0.058599
v 0.013001 1.585508 -0.058599
v 0.013001 1.611008 -0.058599
v 0.013001 1.636508 -0.058599
v 0.013001 1.662009 -0.058599
v 0.013001 1.687509 -0.058599
v 0.013001 1.713009 -0.058599
v 0.013001 1.738509 -0.058599
v 0.013001 1.764010 -0.058599
v 0.013001 1.789510 -0.058599
v 0.013001 1.815010 -0.058599
v 0.013001 1.840510 -0.058599
v 0.013001 1.866011 -0.058599
v 0.013001 1.891511 -0.058599
v 0.013001 1.917011 -0.058599
v 0.013001 1.942512 -0.058599
v 0.013001 1.968012 -0.058599
v -0.048071 0.922501 -0.064614
v -0.048071 0.948002 -0.064614
v -0.048071 0.973502 -0.064614
v -0.048071 0.999002 -0.064614
v -0.048071 1.024502 -0.064614
v -0.048071 1.050003 -0.064614
v -0.048071 1.075503 -0.064614
v -0.048071 1.101003 -0.064614
v -0.048071 1.126503 -0.064614
v -0.048071 1.152004 -0.064614
v -0.048071 1.177504 -0.064614
v -0.048071 1.203004 -0.064614
v -0.048071 1.228505 -0.064614
v -0.048071 1.254005 -0.064614
v -0.048071 1.279505 -0.064614
v -0.048071 1.305005 -0.064614
v -0.048071 1.330506 -0.064614
v -0.048071 1.356006 -0.064614
v -0.048071 1.381506 -0.064614
v -0.048071 1.407006 -0.064614
v -0.048071 1.432507 -0.064614
v -0.048071 1.458007 -0.064614
v -0.048071 1.483507 -0.064614
v -0.048071 1.509007 -0.064614
v -0.048071 1.534508 -0.064614
v -0.048071 1.560008 -0.064614
v -0.048071 1.585508 -0.064614
v -0.048071 1.611008 -0.064614
v -0.048071 1.636508 -0.064614
v -0.048071 1.662009 -0.064614
v -0.048071 1.687509 -0.064614
v -0.048071 1.713009 -0.064614
v -0.048071 1.738509 -0.064614
v -0.048071 1.764010 -0.064614
v -0.048071 1.789510 -0.064614
v -0.048071 1.815010 -0.064614
v -0.048071 1.840510 -0.064614
v -0.048071 1.866011 -0.064614
v -0.048071 1.891511 -0.064614
v -0.048071 1.917011 -0.064614
v -0.048071 1.942512 -0.064614
v -0.048071 1.968012 -0.064614
v -0.035860 0.922501 0.059361
v -0.035860 0.948002 0.059361
v -0.035860 0.973502 0.059361
v -0.035860 0.999002 0.059361
v -0.035860 1.024502 0.059361
v -0.035860 1.050003 0.059361
v -0.035860 1.075503 0.059361
v -0.035860 1.101003 0.059361
v -0.035860 1.126503 0.059361
v -0.035860 1.152004 0.059361
v -0.035860 1.177504 0.059361
v -0.035860 1.203004 0.059361
v -0.035860 1.228505 0.059361
v -0.035860 1.254005 0.059361
v -0.035860 1.279505 0.059361
v -0.035860 1.305005 0.059361
v -0.035860 1.330506 0.059361
v -0.035860 1.356006 0.059361
v -0.035860 1.381506 0.059361
v -0.035860 1.407006 0.059361
v -0.035860 1.432507 0.059361
v -0.035860 1.458007 0.059361
v -0.035860 1.483507 0.059361
v -0.035860 1.509007 0.059361
v -0.035860 1.534508 0.059361
v -0.035860 1.560008 0.059361
v -0.035860 1.585508 0.059361
v -0.035860 1.611008 0.059361
v -0.035860 1.636508 0.059361
v -0.035860 1.662009 0.059361
v -0.035860 1.687509 0.059361
v -0.035860 1.713009 0.059361
v -0.035860 1.738509 0.059361
v -0.035860 1.764010 0.059361
v -0.035860 1.789510 0.059361
v -0.035860 1.815010 0.059361
v -0.035860 1.840510 0.059361
v -0.035860 1.866011 0.059361
v -0.035860 1.891511 0.059361
v -0.035860 1.917011 0.059361
v -0.035860 1.942512 0.059361
v -0.035860 1.968012 0.059361
v 0.022864 0.922501 -0.050504
v 0.022864 0.948002 -0.050504
v 0.022864 0.973502 -0.050504
v 0.022864 0.999002 -0.050504
v 0.022864 1.024502 -0.050504
v 0.022864 1.050003 -0.050504
v 0.022864 1.075503 -0.050504
v 0.022864 1.101003 -0.050504
v 0.022864 1.126503 -0.050504
v 0.022864 1.152004 -0.050504
v 0.022864 1.177504 -0.050504
v 0.022864 1.203004 -0.050504
v 0.022864 1.228505 -0.050504
v 0.022864 1.254005 -0.050504
v 0.022864 1.279505 -0.050504
v 0.022864 1.305005 -0.050504
v 0.022864 1.330506 -0.050504
v 0.022864 1.356006 -0.050504
v 0.022864 1.381506 -0.050504
v 0.022864 1.407006 -0.050504
v 0.022864 1.432507 -0.050504
v 0.022864 1.458007 -0.050504
v 0.022864 1.483507 -0.050504
v 0.022864 1.509007 -0.050504
v 0.022864 1.534508 -0.050504
v 0.022864 1.560008 -0.050504
v 0.022864 1.585508 -0.050504
v 0.022864 1.611008 -0.050504
v 0.022864 1.636508 -0.050504
v 0.022864 1.662009 -0.050504
v 0.022864 1.687509 -0.050504
v 0.022864 1.713009 -0.050504
v 0.022864 1.738509 -0.050504
v 0.022864 1.764010 -0.050504
v 0.022864 1.789510 -0.050504
v 0.022864 1.815010 -0.050504
v 0.022864 1.840510 -0.050504
v 0.022864 1.866011 -0.050504
v 0.022864 1.891511 -0.050504
v 0.022864 1.917011 -0.050504
v 0.022864 1.942512 -0.050504
v 0.022864 1.968012 -0.050504
v -0.035860 0.922501 -0.068318
v -0.035860 0.948002 -0.068318
v -0.035860 0.973502 -0.068318
v -0.035860 0.999002 -0.068318
v -0.035860 1.024502 -0.068318
v -0.035860 1.050003 -0.068318
v -0.035860 1.075503 -0.068318
v -0.035860 1.101003 -0.068318
v -0.035860 1.126503 -0.068318
v -0.035860 1.152004 -0.068318
v -0.035860 1.177504 -0.068318
v -0.035860 1.203004 -0.068318
v -0.035860 1.228505 -0.068318
v -0.035860 1.254005 -0.068318
v -0.035860 1.279505 -0.068318
v -0.035860 1.305005 -0.068318
v -0.035860 1.330506 -0.068318
v -0.035860 1.356006 -0.068318
v -0.035860 1.381506 -0.068318
v -0.035860 1.407006 -0.068318
v -0.035860 1.432507 -0.068318
v -0.035860 1.458007 -0.068318
v -0.035860 1.483507 -0.068318
v -0.035860 1.509007 -0.068318
v -0.035860 1.534508 -0.068318
v -0.035860 1.560008 -0.068318
v -0.035860 1.585508 -0.068318
v -0.035860 1.611008 -0.068318
v -0.035860 1.636508 -0.068318
v -0.035860 1.662009 -0.068318
v -0.035860 1.687509 -0.068318
v -0.035860 1.713009 -0.068318
v -0.035860 1.738509 -0.068318
v -0.035860 1.764010 -0.068318
v -0.035860 1.789510 -0.068318
v -0.035860 1.815010 -0.068318
v -0.035860 1.840510 -0.068318
v -0.035860 1.866011 -0.068318
v -0.035860 1.891511 -0.068318
v -0.035860 1.917011 -0.068318
v -0.035860 1.942512 -0.068318
v -0.035860 1.968012 -0.068318
v -0.048071 0.922501 0.055657
v -0.048071 0.948002 0.055657
v -0.048071 0.973502 0.055657
v -0.048071 0.999002 0.055657
v -0.048071 1.024502 0.055657
v -0.048071 1.050003 0.055657
v -0.048071 1.075503 0.055657
v -0.048071 1.101003 0.055657
v -0.048071 1.126503 0.055657
v -0.048071 1.152004 0.055657
v -0.048071 1.177504 0.055657
v -0.048071 1.203004 0.055657
v -0.048071 1.228505 0.055657
v -0.048071 1.254005 0.055657
v -0.048071 1.279505 0.055657
v -0.048071 1.305005 0.055657
v -0.048071 1.330506 0.055657
v -0.048071 1.356006 0.055657
v -0.048071 1.381506 0.055657
v -0.048071 1.407006 0.055657
v -0.048071 1.432507 0.055657
v -0.048071 1.458007 0.055657
v -0.048071 1.483507 0.055657
v -0.048071 1.509007 0.055657
v -0.048071 1.534508 0.055657
v -0.048071 1.560008 0.055657
v -0.048071 1.585508 0.055657
v -0.048071 1.611008 0.055657
v -0.048071 1.636508 0.055657
v -0.048071 1.662009 0.055657
v -0.048071 1.687509 0.055657
v -0.048071 1.713009 0.055657
v -0.048071 1.738509 0.055657
v -0.048071 1.764010 0.055657
v -0.048071 1.789510 0.055657
v -0.048071 1.815010 0.055657
v -0.048071 1.840510 0.055657
v -0.048071 1.866011 0.055657
v -0.048071 1.891511 0.055657
v -0.048071 1.917011 0.055657
v -0.048071 1.942512 0.055657
v -0.048071 1.968012 0.055657
v 0.030959 0.922501 -0.040641
v 0.030959 0.948002 -0.040641
v 0.030959 0.973502 -0.040641
v 0.030959 0.999002 -0.040641
v 0.030959 1.024502 -0.040641
v 0.030959 1.050003 -0.040641
v 0.030959 1.075503 -0.040641
v 0.030959 1.101003 -0.040641
v 0.030959 1.126503 -0.040641
v 0.030959 1.152004 -0.040641
v 0.030959 1.177504 -0.040641
v 0.030959 1.203004 -0.040641
v 0.030959 1.228505 -0.040641
v 0.030959 1.254005 -0.040641
v 0.030959 1.279505 -0.040641
v 0.030959 1.305005 -0.040641
v 0.030959 1.330506 -0.040641
v 0.030959 1.356006 -0.040641
v 0.030959 1.381506 -0.040641
v 0.030959 1.407006 -0.040641
v 0.030959 1.432507 -0.040641
v 0.030959 1.458007 -0.040641
v 0.030959 1.483507 -0.040641
v 0.030959 1.509007 -0.040641
v 0.030959 1.534508 -0.040641
v 0.030959 1.560008 -0.040641
v 0.030959 1.585508 -0.040641
v 0.030959 1.611008 -0.040641
v 0.030959 1.636508 -0.040641
v 0.030959 1.662009 -0.040641
v 0.030959 1.687509 -0.040641
v 0.030959 1.713009 -0.040641
v 0.030959 1.738509 -0.040641
v 0.030959 1.764010 -0.040641
v 0.030959 1.789510 -0.040641
v 0.030959 1.815010 -0.040641
v 0.030959 1.840510 -0.040641
v 0.030959 1.866011 -0.040641
v 0.030959 1.891511 -0.040641
v 0.030959 1.917011 -0.040641
v 0.030959 1.942512 -0.040641
v 0.030959 1.968012 -0.040641
v -0.059324 0.922501 0.049642
v -0.059324 0.948002 0.049642
v -0.059324 0.973502 0.049642
v -0.059324 0.999002 0.049642
v -0.059324 1.024502 0.049642
v -0.059324 1.050003 0.049642
v -0.059324 1.075503 0.049642
v -0.059324 1.101003 0.049642
v -0.059324 1.126503 0.049642
v -0.059324 1.152004 0.049642
v -0.059324 1.177504 0.049642
v -0.059324 1.203004 0.049642
v -0.059324 1.228505 0.049642
v -0.059324 1.254005 0.049642
v -0.059324 1.279505 0.049642
v -0.059324 1.305005 0.049642
v -0.059324 1.330506 0.049642
v -0.059324 1.356006 0.049642
v -0.059324 1.381506 0.049642
v -0.059324 1.407006 0.049642
v -0.059324 1.432507 0.049642
v -0.059324 1.458007 0.049642
v -0.059324 1.483507 0.049642
v -0.059324 1.509007 0.049642
v -0.059324 1.534508 0.049642
v -0.059324 1.560008 0.049642
v -0.059324 1.585508 0.049642
v -0.059324 1.611008 0.049642
v -0.059324 1.636508 0.049642
v -0.059324 1.662009 0.049642
v -0.059324 1.687509 0.049642
v -0.059324 1.713009 0.049642
v -0.059324 1.738509 0.049642
v -0.059324 1.764010 0.049642
v -0.059324 1.789510 0.049642
v -0.059324 1.815010 0.049642
v -0.059324 1.840510 0.049642
v -0.059324 1.866011 0.049642
v -0.059324 1.891511 0.049642
v -0.059324 1.917011 0.049642
v -0.059324 1.942512 0.049642
v -0.059324 1.968012 0.049642
v 0.036974 0.922501 -0.029388
v 0.036974 0.948002 -0.029388
v 0.036974 0.973502 -0.029388
v 0.036974 0.999002 -0.029388
v 0.036974 1.024502 -0.029388
v 0.036974 1.050003 -0.029388
v 0.036974 1.075503 -0.029388
v 0.036974 1.101003 -0.029388
v 0.036974 1.126503 -0.029388
v 0.036974 1.152004 -0.029388
v 0.036974 1.177504 -0.029388
v 0.036974 1.203004 -0.029388
v 0.036974 1.228505 -0.029388
v 0.036974 1.254005 -0.029388
v 0.036974 1.279505 -0.029388
v 0.036974 1.305005 -0.029388
v 0.036974 1.330506 -0.029388
v 0.036974 1.356006 -0.029388
v 0.036974 1.381506 -0.029388
v 0.036974 1.407006 -0.029388
v 0.036974 1.432507 -0.029388
v 0.036974 1.458007 -0.029388
v 0.036974 1.483507 -0.029388
v 0.036974 1.509007 -0.029388
v 0.036974 1.534508 -0.029388
v 0.036974 1.560008 -0.029388
v 0.036974 1.585508 -0.029388
v 0.036974 1.611008 -0.029388
v 0.036974 1.636508 -0.029388
v 0.036974 1.662009 -0.029388
v 0.036974 1.687509 -0.029388
v 0.036974 1.713009 -0.029388
v 0.036974 1.738509 -0.029388
v 0.036974 1.764010 -0.029388
v 0.036974 1.789510 -0.029388
v 0.036974 1.815010 -0.029388
v 0.036974 1.840510 -0.029388
v 0.036974 1.866011 -0.029388
v 0.036974 1.891511 -0.029388
v 0.036974 1.917011 -0.029388
v 0.036974 1.942512 -0.029388
v 0.036974 1.968012 -0.029388
v -0.069188 0.922501 0.041547
v -0.069188 0.948002 0.041547
v -0.069188 0.973502 0.041547
v -0.069188 0.999002 0.041547
v -0.069188 1.024502 0.041547
v -0.069188 1.050003 0.041547
v -0.069188 1.075503 0.041547
v -0.069188 1.101003 0.041547
v -0.069188 1.126503 0.041547
v -0.069188 1.152004 0.041547
v -0.069188 1.177504 0.041547
v -0.069188 1.203004 0.041547
v -0.069188 1.228505 0.041547
v -0.069188 1.254005 0.041547
v -0.069188 1.279505 0.041547
v -0.069188 1.305005 0.041547
v -0.069188 1.330506 0.041547
v -0.069188 1.356006 0.041547
v -0.069188 1.381506 0.041547
v -0.069188 1.407006 0.041547
v -0.069188 1.432507 0.041547
v -0.069188 1.458007 0.041547
v -0.069188 1.483507 0.041547
v -0.069188 1.509007 0.041547
v -0.069188 1.534508 0.041547
v -0.069188 1.560008 0.041547
v -0.069188 1.585508 0.041547
v -0.069188 1.611008 0.041547
v -0.069188 1.636508 0.041547
v -0.069188 1.662009 0.041547
v -0.069188 1.687509 0.041547
v -0.069188 1.713009 0.041547
v -0.069188 1.738509 0.041547
v -0.069188 1.764010 0.041547
v -0.069188 1.789510 0.041547
v -0.069188 1.815010 0.041547
v -0.069188 1.840510 0.041547
v -0.069188 1.866011 0.041547
v -0.069188 1.891511 0.041547
v -0.069188 1.917011 0.041547
v -0.069188 1.942512 0.041547
v -0.069188 1.968012 0.041547
v 0.040678 0.922501 -0.017177
v 0.040678 0.948002 -0.017177
v 0.040678 0.973502 -0.017177
v 0.040678 0.999002 -0.017177
v 0.040678 1.024502 -0.017177
v 0.040678 1.050003 -0.017177
v 0.040678 1.075503 -0.017177
v 0.040678 1.101003 -0.017177
v 0.040678 1.126503 -0.017177
v 0.040678 1.152004 -0.017177
v 0.040678 1.177504 -0.017177
v 0.040678 1.203004 -0.017177
v 0.040678 1.228505 -0.017177
v 0.040678 1.254005 -0.017177
v 0.040678 1.279505 -0.017177
v 0.040678 1.305005 -0.017177
v 0.040678 1.330506 -0.017177
v 0.040678 1.356006 -0.017177
v 0.040678 1.381506 -0.017177
v 0.040678 1.407006 -0.017177
v 0.040678 1.432507 -0.017177
v 0.040678 1.458007 -0.017177
v 0.040678 1.483507 -0.017177
v 0.040678 1.509007 -0.017177
v 0.040678 1.534508 -0.017177
v 0.040678 1.560008 -0.017177
v 0.040678 1.585508 -0.017177
v 0.040678 1.611008 -0.017177
v 0.040678 1.636508 -0.017177
v 0.040678 1.662009 -0.017177
v 0.040678 1.687509 -0.017177
v 0.040678 1.713009 -0.017177
v 0.040678 1.738509 -0.017177
v 0.040678 1.764010 -0.017177
v 0.040678 1.789510 -0.017177
v 0.040678 1.815010 -0.017177
v 0.040678 1.840510 -0.017177
v 0.040678 1.866011 -0.017177
v 0.040678 1.891511 -0.017177
v 0.040678 1.917011 -0.017177
v 0.040678 1.942512 -0.017177
v 0.040678 1.968012 -0.017177
v -0.077282 0.922501 0.031684
v -0.077282 0.948002 0.031684
v -0.077282 0.973502 0.031684
v -0.077282 0.999002 0.031684
v -0.077282 1.024502 0.031684
v -0.077282 1.050003 0.031684
v -0.077282 1.075503 0.031684
v -0.077282 1.101003 0.031684
v -0.077282 1.126503 0.031684
v -0.077282 1.152004 0.031684
v -0.077282 1.177504 0.031684
v -0.077282 1.203004 0.031684
v -0.077282 1.228505 0.031684
v -0.077282 1.254005 0.031684
v -0.077282 1.279505 0.031684
v -0.077282 1.305005 0.031684
v -0.077282 1.330506 0.031684
v -0.077282 1.356006 0.031684
v -0.077282 1.381506 0.031684
v -0.077282 1.407006 0.031684
v -0.077282 1.432507 0.031684
v -0.077282 1.458007 0.031684
v -0.077282 1.483507 0.031684
v -0.077282 1.509007 0.031684
v -0.077282 1.534508 0.031684
v -0.077282 1.560008 0.031684
v -0.077282 1.585508 0.031684
v -0.077282 1.611008 0.031684
v -0.077282 1.636508 0.031684
v -0.077282 1.662009 0.031684
v -0.077282 1.687509 0.031684
v -0.077282 1.713009 0.031684
v -0.077282 1.738509 0.031684
v -0.077282 1.764010 0.031684
v -0.077282 1.789510 0.031684
v -0.077282 1.815010 0.031684
v -0.077282 1.840510 0.031684
v -0.077282 1.866011 0.031684
v -0.077282 1.891511 0.031684
v -0.077282 1.917011 0.031684
v -0.077282 1.942512 0.031684
v -0.077282 1.968012 0.031684
v 0.041929 0.922501 -0.004479
v 0.041929 0.948002 -0.004479
v 0.041929 0.973502 -0.004479
v 0.041929 0.999002 -0.004479
v 0.041929 1.024502 -0.004479
v 0.041929 1.050003 -0.004479
v 0.041929 1.075503 -0.004479
v 0.041929 1.101003 -0.004479
v 0.041929 1.126503 -0.004479
v 0.041929 1.152004 -0.004479
v 0.041929 1.177504 -0.004479
v 0.041929 1.203004 -0.004479
v 0.041929 1.228505 -0.004479
v 0.041929 1.254005 -0.004479
v 0.041929 1.279505 -0.004479
v 0.041929 1.305005 -0.004479
v 0.041929 1.330506 -0.004479
v 0.041929 1.356006 -0.004479
v 0.041929 1.381506 -0.004479
v 0.041929 1.407006 -0.004479
v 0.041929 1.432507 -0.004479
v 0.041929 1.458007 -0.004479
v 0.041929 1.483507 -0.004479
v 0.041929 1.509007 -0.004479
v 0.041929 1.534508 -0.004479
v 0.041929 1.560008 -0.004479
v 0.041929 1.585508 -0.004479
v 0.041929 1.611008 -0.004479
v 0.041929 1.636508 -0.004479
v 0.041929 1.662009 -0.004479
v 0.041929 1.687509 -0.004479
v 0.041929 1.713009 -0.004479
v 0.041929 1.738509 -0.004479
v 0.041929 1.764010 -0.004479
v 0.041929 1.789510 -0.004479
v 0.041929 1.815010 -0.004479
v 0.041929 1.840510 -0.004479
v 0.041929 1.866011 -0.004479
v 0.041929 1.891511 -0.004479
v 0.041929 1.917011 -0.004479
v 0.041929 1.942512 -0.004479
v 0.041929 1.968012 -0.004479
v -0.083297 0.922501 0.020430
v -0.083297 0.948002 0.020430
v -0.083297 0.973502 0.020430
v -0.083297 0.999002 0.020430
v -0.083297 1.024502 0.020430
v -0.083297 1.050003 0.020430
v -0.083297 1.075503 0.020430
v -0.083297 1.101003 0.020430
v -0.083297 1.126503 0.020430
v -0.083297 1.152004 0.020430
v -0.083297 1.177504 0.020430
v -0.083297 1.203004 0.020430
v -0.083297 1.228505 0.020430
v -0.083297 1.254005 0.020430
v -0.083297 1.279505 0.020430
v -0.083297 1.305005 0.020430
v -0.083297 1.330506 0.020430
v -0.083297 1.356006 0.020430
v -0.083297 1.381506 0.020430
v -0.083297 1.407006 0.020430
v -0.083297 1.432507 0.020430
v -0.083297 1.458007 0.020430
v -0.083297 1.483507 0.020430
v -0.083297 1.509007 0.020430
v -0.083297 1.534508 0.020430
v -0.083297 1.560008 0.020430
v -0.083297 1.585508 0.020430
v -0.083297 1.611008 0.020430
v -0.083297 1.636508 0.020430
v -0.083297 1.662009 0.020430
v -0.083297 1.687509 0.020430
v -0.083297 1.713009 0.020430
v -0.083297 1.738509 0.020430
v -0.083297 1.764010 0.020430
v -0.083297 1.789510 0.020430
v -0.083297 1.815010 0.020430
v -0.083297 1.840510 0.020430
v -0.083297 1.866011 0.020430
v -0.083297 1.891511 0.020430
v -0.083297 1.917011 0.020430
v -0.083297 1.942512 0.020430
v -0.083297 1.968012 0.020430
v 0.040678 0.922501 0.008220
v 0.040678 0.948002 0.008220
v 0.040678 0.973502 0.008220
v 0.040678 0.999002 0.008220
v 0.040678 1.024502 0.008220
v 0.040678 1.050003 0.008220
v 0.040678 1.075503 0.008220
v 0.040678 1.101003 0.008220
v 0.040678 1.126503 0.008220
v 0.040678 1.152004 0.008220
v 0.040678 1.177504 0.008220
v 0.040678 1.203004 0.008220
v 0.040678 1.228505 0.008220
v 0.040678 1.254005 0.008220
v 0.040678 1.279505 0.008220
v 0.040678 1.305005 0.008220
v 0.040678 1.330506 0.008220
v 0.040678 1.356006 0.008220
v 0.040678 1.381506 0.008220
v 0.040678 1.407006 0.008220
v 0.040678 1.432507 0.008220
v 0.040678 1.458007 0.008220
v 0.040678 1.483507 0.008220
v 0.040678 1.509007 0.008220
v 0.040678 1.534508 0.008220
v 0.040678 1.560008 0.008220
v 0.040678 1.585508 0.008220
v 0.040678 1.611008 0.008220
v 0.040678 1.636508 0.008220
v 0.040678 1.662009 0.008220
v 0.040678 1.687509 0.008220
v 0.040678 1.713009 0.008220
v 0.040678 1.738509 0.008220
v 0.040678 1.764010 0.008220
v 0.040678 1.789510 0.008220
v 0.040678 1.815010 0.008220
v 0.040678 1.840510 0.008220
v 0.040678 1.866011 0.008220
v 0.040678 1.891511 0.008220
v 0.040678 1.917011 0.008220
v 0.040678 1.942512 0.008220
v 0.040678 1.968012 0.008220
v -0.087001 0.922501 0.008220
v -0.087001 0.948002 0.008220
v -0.087001 0.973502 0.008220
v -0.087001 0.999002 0.008220
v -0.087001 1.024502 0.008220
v -0.087001 1.050003 0.008220
v -0.087001 1.075503 0.008220
v -0.087001 1.101003 0.008220
v -0.087001 1.126503 0.008220
v -0.087001 1.152004 0.008220
v -0.087001 1.177504 0.008220
v -0.087001 1.203004 0.008220
v -0.087001 1.228505 0.008220
v -0.087001 1.254005 0.008220
v -0.087001 1.279505 0.008220
v -0.087001 1.305005 0.008220
v -0.087001 1.330506 0.008220
v -0.087001 1.356006 0.008220
v -0.087001 1.381506 0.008220
v -0.087001 1.407006 0.008220
v -0.087001 1.432507 0.008220
v -0.087001 1.458007 0.008220
v -0.087001 1.483507 0.008220
v -0.087001 1.509007 0.008220
v -0.087001 1.534508 0.008220
v -0.087001 1.560008 0.008220
v -0.087001 1.585508 0.008220
v -0.087001 1.611008 0.008220
v -0.087001 1.636508 0.008220
v -0.087001 1.662009 0.008220
v -0.087001 1.687509 0.008220
v -0.087001 1.713009 0.008220
v -0.087001 1.738509 0.008220
v -0.087001 1.764010 0.008220
v -0.087001 1.789510 0.008220
v -0.087001 1.815010 0.008220
v -0.087001 1.840510 0.008220
v -0.087001 1.866011 0.008220
v -0.087001 1.891511 0.008220
v -0.087001 1.917011 0.008220
v -0.087001 1.942512 0.008220
v -0.087001 1.968012 0.008220
v 0.036974 0.922501 0.020430
v 0.036974 0.948002 0.020430
v 0.036974 0.973502 0.020430
v 0.036974 0.999002 0.020430
v 0.036974 1.024502 0.020430
v 0.036974 1.050003 0.020430
v 0.036974 1.075503 0.020430
v 0.036974 1.101003 0.020430
v 0.036974 1.126503 0.020430
v 0.036974 1.152004 0.020430
v 0.036974 1.177504 0.020430
v 0.036974 1.203004 0.020430
v 0.036974 1.228505 0.020430
v 0.036974 1.254005 0.020430
v 0.036974 1.279505 0.020430
v 0.036974 1.305005 0.020430
v 0.036974 1.330506 0.020430
v 0.036974 1.356006 0.020430
v 0.036974 1.381506 0.020430
v 0.036974 1.407006 0.020430
v 0.036974 1.432507 0.020430
v 0.036974 1.458007 0.020430
v 0.036974 1.483507 0.020430
v 0.036974 1.509007 0.020430
v 0.036974 1.534508 0.020430
v 0.036974 1.560008 0.020430
v 0.036974 1.585508 0.020430
v 0.036974 1.611008 0.020430
v 0.036974 1.636508 0.020430
v 0.036974 1.662009 0.020430
v 0.036974 1.687509 0.020430
v 0.036974 1.713009 0.020430
v 0.036974 1.738509 0.020430
v 0.036974 1.764010 0.020430
v 0.036974 1.789510 0.020430
v 0.036974 1.815010 0.020430
v 0.036974 1.840510 0.020430
v 0.036974 1.866011 0.020430
v 0.036974 1.891511 0.020430
v 0.036974 1.917011 0.020430
v 0.036974 1.942512 0.020430
v 0.036974 1.968012 0.020430
v -0.088252 0.922501 -0.004479
v -0.088252 0.948002 -0.004479
v -0.088252 0.973502 -0.004479
v -0.088252 0.999002 -0.004479
v -0.088252 1.024502 -0.004479
v -0.088252 1.050003 -0.004479
v -0.088252 1.075503 -0.004479
v -0.088252 1.101003 -0.004479
v -0.088252 1.126503 -0.004479
v -0.088252 1.152004 -0.004479
v -0.088252 1.177504 -0.004479
v -0.088252 1.203004 -0.004479
v -0.088252 1.228505 -0.004479
v -0.088252 1.254005 -0.004479
v -0.088252 1.279505 -0.004479
v -0.088252 1.305005 -0.004479
v -0.088252 1.330506 -0.004479
v -0.088252 1.356006 -0.004479
v -0.088252 1.381506 -0.004479
v -0.088252 1.407006 -0.004479
v -0.088252 1.432507 -0.004479
v -0.088252 1.458007 -0.004479
v -0.088252 1.483507 -0.004479
v -0.088252 1.509007 -0.004479
v -0.088252 1.534508 -0.004479
v -0.088252 1.560008 -0.004479
v -0.088252 1.585508 -0.004479
v -0.088252 1.611008 -0.004479
v -0.088252 1.636508 -0.004479
v -0.088252 1.662009 -0.004479
v -0.088252 1.687509 -0.004479
v -0.088252 1.713009 -0.004479
v -0.088252 1.738509 -0.004479
v -0.088252 1.764010 -0.004479
v -0.088252 1.789510 -0.004479
v -0.088252 1.815010 -0.004479
v -0.088252 1.840510 -0.004479
v -0.088252 1.866011 -0.004479
v -0.088252 1.891511 -0.004479
v -0.088252 1.917011 -0.004479
v -0.088252 1.942512 -0.004479
v -0.088252 1.968012 -0.004479
v 0.039577 1.968012 0.037442
v 0.039577 1.942512 0.037442
v 0.039577 1.917011 0.037442
v 0.039577 1.891511 0.037442
v 0.039577 1.866011 0.037442
v 0.039577 1.840510 0.037442
v 0.039577 1.815010 0.037442
v 0.039577 1.789510 0.037442
v 0.039577 1.764010 0.037442
v 0.039577 1.738509 0.037442
v 0.039577 1.713009 0.037442
v 0.039577 1.687509 0.037442
v 0.039577 1.662009 0.037442
v 0.039577 1.636508 0.037442
v 0.039577 1.611008 0.037442
v 0.039577 1.585508 0.037442
v 0.039577 1.560008 0.037442
v 0.039577 1.534507 0.037442
v 0.039577 1.509007 0.037442
v 0.039577 1.483507 0.037442
v 0.039577 1.458007 0.037442
v 0.039577 1.432506 0.037442
v 0.039577 1.407006 0.037442
v 0.039577 1.381506 0.037442
v 0.039577 1.356006 0.037442
v 0.039577 1.330505 0.037442
v 0.039577 1.305005 0.037442
v 0.039577 1.279505 0.037442
v 0.039577 1.254004 0.037442
v 0.039577 1.228504 0.037442
v 0.039577 1.203004 0.037442
v 0.039577 1.177504 0.037442
v 0.039577 1.152003 0.037442
v 0.039577 1.126503 0.037442
v 0.039577 1.101003 0.037442
v 0.039577 1.075503 0.037442
v 0.039577 1.050002 0.037442
v 0.039577 1.024502 0.037442
v 0.039577 0.999002 0.037442
v 0.039577 0.973502 0.037442
v 0.039577 0.948002 0.037442
v 0.039577 0.922501 0.037442
v 0.030193 0.922501 0.048876
v 0.030193 0.948002 0.048876
v 0.030193 0.973502 0.048876
v 0.030193 0.999002 0.048876
v 0.030193 1.024502 0.048876
v 0.030193 1.050003 0.048876
v 0.030193 1.075503 0.048876
v 0.030193 1.101003 0.048876
v 0.030193 1.126503 0.048876
v 0.030193 1.152004 0.048876
v 0.030193 1.177504 0.048876
v 0.030193 1.203004 0.048876
v 0.030193 1.228505 0.048876
v 0.030193 1.254005 0.048876
v 0.030193 1.279505 0.048876
v 0.030193 1.305005 0.048876
v 0.030193 1.330506 0.048876
v 0.030193 1.356006 0.048876
v 0.030193 1.381506 0.048876
v 0.030193 1.407006 0.048876
v 0.030193 1.432507 0.048876
v 0.030193 1.458007 0.048876
v 0.030193 1.483507 0.048876
v 0.030193 1.509007 0.048876
v 0.030193 1.534508 0.048876
v 0.030193 1.560008 0.048876
v 0.030193 1.585508 0.048876
v 0.030193 1.611008 0.048876
v 0.030193 1.636508 0.048876
v 0.030193 1.662009 0.048876
v 0.030193 1.687509 0.048876
v 0.030193 1.713009 0.048876
v 0.030193 1.738509 0.048876
v 0.030193 1.764010 0.048876
v 0.030193 1.789510 0.048876
v 0.030193 1.815010 0.048876
v 0.030193 1.840510 0.048876
v 0.030193 1.866011 0.048876
v 0.030193 1.891511 0.048876
v 0.030193 1.917011 0.048876
v 0.030193 1.942512 0.048876
v 0.030193 1.968012 0.048876
v -0.097167 1.968012 -0.019199
v -0.097167 1.942512 -0.019199
v -0.097167 1.917011 -0.019199
v -0.097167 1.891511 -0.019199
v -0.097167 1.866011 -0.019199
v -0.097167 1.840510 -0.019199
v -0.097167 1.815010 -0.019199
v -0.097167 1.789510 -0.019199
v -0.097167 1.764010 -0.019199
v -0.097167 1.738509 -0.019199
v -0.097167 1.713009 -0.019199
v -0.097167 1.687509 -0.019199
v -0.097167 1.662009 -0.019199
v -0.097167 1.636508 -0.019199
v -0.097167 1.611008 -0.019199
v -0.097167 1.585508 -0.019199
v -0.097167 1.560008 -0.019199
v -0.097167 1.534507 -0.019199
v -0.097167 1.509007 -0.019199
v -0.097167 1.483507 -0.019199
v -0.097167 1.458007 -0.019199
v -0.097167 1.432506 -0.019199
v -0.097167 1.407006 -0.019199
v -0.097167 1.381506 -0.019199
v -0.097167 1.356006 -0.019199
v -0.097167 1.330505 -0.019199
v -0.097167 1.305005 -0.019199
v -0.097167 1.279505 -0.019199
v -0.097167 1.254004 -0.019199
v -0.097167 1.228504 -0.019199
v -0.097167 1.203004 -0.019199
v -0.097167 1.177504 -0.019199
v -0.097167 1.152003 -0.019199
v -0.097167 1.126503 -0.019199
v -0.097167 1.101003 -0.019199
v -0.097167 1.075503 -0.019199
v -0.097167 1.050002 -0.019199
v -0.097167 1.024502 -0.019199
v -0.097167 0.999002 -0.019199
v -0.097167 0.973502 -0.019199
v -0.097167 0.948002 -0.019199
v -0.097167 0.922501 -0.019199
v -0.092873 0.922501 -0.033354
v -0.092873 0.948002 -0.033354
v -0.092873 0.973502 -0.033354
v -0.092873 0.999002 -0.033354
v -0.092873 1.024502 -0.033354
v -0.092873 1.050003 -0.033354
v -0.092873 1.075503 -0.033354
v -0.092873 1.101003 -0.033354
v -0.092873 1.126503 -0.033354
v -0.092873 1.152004 -0.033354
v -0.092873 1.177504 -0.033354
v -0.092873 1.203004 -0.033354
v -0.092873 1.228505 -0.033354
v -0.092873 1.254005 -0.033354
v -0.092873 1.279505 -0.033354
v -0.092873 1.305005 -0.033354
v -0.092873 1.330506 -0.033354
v -0.092873 1.356006 -0.033354
v -0.092873 1.381506 -0.033354
v -0.092873 1.407006 -0.033354
v -0.092873 1.432507 -0.033354
v -0.092873 1.458007 -0.033354
v -0.092873 1.483507 -0.033354
v -0.092873 1.509007 -0.033354
v -0.092873 1.534508 -0.033354
v -0.092873 1.560008 -0.033354
v -0.092873 1.585508 -0.033354
v -0.092873 1.611008 -0.033354
v -0.092873 1.636508 -0.033354
v -0.092873 1.662009 -0.033354
v -0.092873 1.687509 -0.033354
v -0.092873 1.713009 -0.033354
v -0.092873 1.738509 -0.033354
v -0.092873 1.764010 -0.033354
v -0.092873 1.789510 -0.033354
v -0.092873 1.815010 -0.033354
v -0.092873 1.840510 -0.033354
v -0.092873 1.866011 -0.033354
v -0.092873 1.891511 -0.033354
v -0.092873 1.917011 -0.033354
v -0.092873 1.942512 -0.033354
v -0.092873 1.968012 -0.033354
v 0.018759 0.922501 0.058260
v 0.018759 0.948002 0.058260
v 0.018759 0.973502 0.058260
v 0.018759 0.999002 0.058260
v 0.018759 1.024502 0.058260
v 0.018759 1.050003 0.058260
v 0.018759 1.075503 0.058260
v 0.018759 1.101003 0.058260
v 0.018759 1.126503 0.058260
v 0.018759 1.152004 0.058260
v 0.018759 1.177504 0.058260
v 0.018759 1.203004 0.058260
v 0.018759 1.228505 0.058260
v 0.018759 1.254005 0.058260
v 0.018759 1.279505 0.058260
v 0.018759 1.305005 0.058260
v 0.018759 1.330506 0.058260
v 0.018759 1.356006 0.058260
v 0.018759 1.381506 0.058260
v 0.018759 1.407006 0.058260
v 0.018759 1.432507 0.058260
v 0.018759 1.458007 0.058260
v 0.018759 1.483507 0.058260
v 0.018759 1.509007 0.058260
v 0.018759 1.534508 0.058260
v 0.018759 1.560008 0.058260
v 0.018759 1.585508 0.058260
v 0.018759 1.611008 0.058260
v 0.018759 1.636508 0.058260
v 0.018759 1.662009 0.058260
v 0.018759 1.687509 0.058260
v 0.018759 1.713009 0.058260
v 0.018759 1.738509 0.058260
v 0.018759 1.764010 0.058260
v 0.018759 1.789510 0.058260
v 0.018759 1.815010 0.058260
v 0.018759 1.840510 0.058260
v 0.018759 1.866011 0.058260
v 0.018759 1.891511 0.058260
v 0.018759 1.917011 0.058260
v 0.018759 1.942512 0.058260
v 0.018759 1.968012 0.058260
v -0.085900 0.922501 -0.046399
v -0.085900 0.948002 -0.046399
v -0.085900 0.973502 -0.046399
v -0.085900 0.999002 -0.046399
v -0.085900 1.024502 -0.046399
v -0.085900 1.050003 -0.046399
v -0.085900 1.075503 -0.046399
v -0.085900 1.101003 -0.046399
v -0.085900 1.126503 -0.046399
v -0.085900 1.152004 -0.046399
v -0.085900 1.177504 -0.046399
v -0.085900 1.203004 -0.046399
v -0.085900 1.228505 -0.046399
v -0.085900 1.254005 -0.046399
v -0.085900 1.279505 -0.046399
v -0.085900 1.305005 -0.046399
v -0.085900 1.330506 -0.046399
v -0.085900 1.356006 -0.046399
v -0.085900 1.381506 -0.046399
v -0.085900 1.407006 -0.046399
v -0.085900 1.432507 -0.046399
v -0.085900 1.458007 -0.046399
v -0.085900 1.483507 -0.046399
v -0.085900 1.509007 -0.046399
v -0.085900 1.534508 -0.046399
v -0.085900 1.560008 -0.046399
v -0.085900 1.585508 -0.046399
v -0.085900 1.611008 -0.046399
v -0.085900 1.636508 -0.046399
v -0.085900 1.662009 -0.046399
v -0.085900 1.687509 -0.046399
v -0.085900 1.713009 -0.046399
v -0.085900 1.738509 -0.046399
v -0.085900 1.764010 -0.046399
v -0.085900 1.789510 -0.046399
v -0.085900 1.815010 -0.046399
v -0.085900 1.840510 -0.046399
v -0.085900 1.866011 -0.046399
v -0.085900 1.891511 -0.046399
v -0.085900 1.917011 -0.046399
v -0.085900 1.942512 -0.046399
v -0.085900 1.968012 -0.046399
v 0.005714 0.922501 0.065232
v 0.005714 0.948002 0.065232
v 0.005714 0.973502 0.065232
v 0.005714 0.999002 0.065232
v 0.005714 1.024502 0.065232
v 0.005714 1.050003 0.065232
v 0.005714 1.075503 0.065232
v 0.005714 1.101003 0.065232
v 0.005714 1.126503 0.065232
v 0.005714 1.152004 0.065232
v 0.005714 1.177504 0.065232
v 0.005714 1.203004 0.065232
v 0.005714 1.228505 0.065232
v 0.005714 1.254005 0.065232
v 0.005714 1.279505 0.065232
v 0.005714 1.305005 0.065232
v 0.005714 1.330506 0.065232
v 0.005714 1.356006 0.065232
v 0.005714 1.381506 0.065232
v 0.005714 1.407006 0.065232
v 0.005714 1.432507 0.065232
v 0.005714 1.458007 0.065232
v 0.005714 1.483507 0.065232
v 0.005714 1.509007 0.065232
v 0.005714 1.534508 0.065232
v 0.005714 1.560008 0.065232
v 0.005714 1.585508 0.065232
v 0.005714 1.611008 0.065232
v 0.005714 1.636508 0.065232
v 0.005714 1.662009 0.065232
v 0.005714 1.687509 0.065232
v 0.005714 1.713009 0.065232
v 0.005714 1.738509 0.065232
v 0.005714 1.764010 0.065232
v 0.005714 1.789510 0.065232
v 0.005714 1.815010 0.065232
v 0.005714 1.840510 0.065232
v 0.005714 1.866011 0.065232
v 0.005714 1.891511 0.065232
v 0.005714 1.917011 0.065232
v 0.005714 1.942512 0.065232
v 0.005714 1.968012 0.065232
v -0.023162 1.968012 -0.079933
v -0.023162 1.942512 -0.079933
v -0.023162 1.917011 -0.079933
v -0.023162 1.891511 -0.079933
v -0.023162 1.866011 -0.079933
v -0.023162 1.840510 -0.079933
v -0.023162 1.815010 -0.079933
v -0.023162 1.789510 -0.079933
v -0.023162 1.764010 -0.079933
v -0.023162 1.738509 -0.079933
v -0.023162 1.713009 -0.079933
v -0.023162 1.687509 -0.079933
v -0.023162 1.662009 -0.079933
v -0.023162 1.636508 -0.079933
v -0.023162 1.611008 -0.079933
v -0.023162 1.585508 -0.079933
v -0.023162 1.560008 -0.079933
v -0.023162 1.534507 -0.079933
v -0.023162 1.509007 -0.079933
v -0.023162 1.483507 -0.079933
v -0.023162 1.458007 -0.079933
v -0.023162 1.432506 -0.079933
v -0.023162 1.407006 -0.079933
v -0.023162 1.381506 -0.079933
v -0.023162 1.356006 -0.079933
v -0.023162 1.330505 -0.079933
v -0.023162 1.305005 -0.079933
v -0.023162 1.279505 -0.079933
v -0.023162 1.254004 -0.079933
v -0.023162 1.228504 -0.079933
v -0.023162 1.203004 -0.079933
v -0.023162 1.177504 -0.079933
v -0.023162 1.152003 -0.079933
v -0.023162 1.126503 -0.079933
v -0.023162 1.101003 -0.079933
v -0.023162 1.075503 -0.079933
v -0.023162 1.050002 -0.079933
v -0.023162 1.024502 -0.079933
v -0.023162 0.999002 -0.079933
v -0.023162 0.973502 -0.079933
v -0.023162 0.948002 -0.079933
v -0.023162 0.922501 -0.079933
v -0.008441 0.922501 -0.078483
v -0.008441 0.948002 -0.078483
v -0.008441 0.973502 -0.078483
v -0.008441 0.999002 -0.078483
v -0.008441 1.024502 -0.078483
v -0.008441 1.050003 -0.078483
v -0.008441 1.075503 -0.078483
v -0.008441 1.101003 -0.078483
v -0.008441 1.126503 -0.078483
v -0.008441 1.152004 -0.078483
v -0.008441 1.177504 -0.078483
v -0.008441 1.203004 -0.078483
v -0.008441 1.228505 -0.078483
v -0.008441 1.254005 -0.078483
v -0.008441 1.279505 -0.078483
v -0.008441 1.305005 -0.078483
v -0.008441 1.330506 -0.078483
v -0.008441 1.356006 -0.078483
v -0.008441 1.381506 -0.078483
v -0.008441 1.407006 -0.078483
v -0.008441 1.432507 -0.078483
v -0.008441 1.458007 -0.078483
v -0.008441 1.483507 -0.078483
v -0.008441 1.509007 -0.078483
v -0.008441 1.534508 -0.078483
v -0.008441 1.560008 -0.078483
v -0.008441 1.585508 -0.078483
v -0.008441 1.611008 -0.078483
v -0.008441 1.636508 -0.078483
v -0.008441 1.662009 -0.078483
v -0.008441 1.687509 -0.078483
v -0.008441 1.713009 -0.078483
v -0.008441 1.738509 -0.078483
v -0.008441 1.764010 -0.078483
v -0.008441 1.789510 -0.078483
v -0.008441 1.815010 -0.078483
v -0.008441 1.840510 -0.078483
v -0.008441 1.866011 -0.078483
v -0.008441 1.891511 -0.078483
v -0.008441 1.917011 -0.078483
v -0.008441 1.942512 -0.078483
v -0.008441 1.968012 -0.078483
v -0.076516 0.922501 -0.057833
v -0.076516 0.948002 -0.057833
v -0.076516 0.973502 -0.057833
v -0.076516 0.999002 -0.057833
v -0.076516 1.024502 -0.057833
v -0.076516 1.050003 -0.057833
v -0.076516 1.075503 -0.057833
v -0.076516 1.101003 -0.057833
v -0.076516 1.126503 -0.057833
v -0.076516 1.152004 -0.057833
v -0.076516 1.177504 -0.057833
v -0.076516 1.203004 -0.057833
v -0.076516 1.228505 -0.057833
v -0.076516 1.254005 -0.057833
v -0.076516 1.279505 -0.057833
v -0.076516 1.305005 -0.057833
v -0.076516 1.330506 -0.057833
v -0.076516 1.356006 -0.057833
v -0.076516 1.381506 -0.057833
v -0.076516 1.407006 -0.057833
v -0.076516 1.432507 -0.057833
v -0.076516 1.458007 -0.057833
v -0.076516 1.483507 -0.057833
v -0.076516 1.509007 -0.057833
v -0.076516 1.534508 -0.057833
v -0.076516 1.560008 -0.057833
v -0.076516 1.585508 -0.057833
v -0.076516 1.611008 -0.057833
v -0.076516 1.636508 -0.057833
v -0.076516 1.662009 -0.057833
v -0.076516 1.687509 -0.057833
v -0.076516 1.713009 -0.057833
v -0.076516 1.738509 -0.057833
v -0.076516 1.764010 -0.057833
v -0.076516 1.789510 -0.057833
v -0.076516 1.815010 -0.057833
v -0.076516 1.840510 -0.057833
v -0.076516 1.866011 -0.057833
v -0.076516 1.891511 -0.057833
v -0.076516 1.917011 -0.057833
v -0.076516 1.942512 -0.057833
v -0.076516 1.968012 -0.057833
v -0.008441 0.922501 0.069526
v -0.008441 0.948002 0.069526
v -0.008441 0.973502 0.069526
v -0.008441 0.999002 0.069526
v -0.008441 1.024502 0.069526
v -0.008441 1.050003 0.069526
v -0.008441 1.075503 0.069526
v -0.008441 1.101003 0.069526
v -0.008441 1.126503 0.069526
v -0.008441 1.152004 0.069526
v -0.008441 1.177504 0.069526
v -0.008441 1.203004 0.069526
v -0.008441 1.228505 0.069526
v -0.008441 1.254005 0.069526
v -0.008441 1.279505 0.069526
v -0.008441 1.305005 0.069526
v -0.008441 1.330506 0.069526
v -0.008441 1.356006 0.069526
v -0.008441 1.381506 0.069526
v -0.008441 1.407006 0.069526
v -0.008441 1.432507 0.069526
v -0.008441 1.458007 0.069526
v -0.008441 1.483507 0.069526
v -0.008441 1.509007 0.069526
v -0.008441 1.534508 0.069526
v -0.008441 1.560008 0.069526
v -0.008441 1.585508 0.069526
v -0.008441 1.611008 0.069526
v -0.008441 1.636508 0.069526
v -0.008441 1.662009 0.069526
v -0.008441 1.687509 0.069526
v -0.008441 1.713009 0.069526
v -0.008441 1.738509 0.069526
v -0.008441 1.764010 0.069526
v -0.008441 1.789510 0.069526
v -0.008441 1.815010 0.069526
v -0.008441 1.840510 0.069526
v -0.008441 1.866011 0.069526
v -0.008441 1.891511 0.069526
v -0.008441 1.917011 0.069526
v -0.008441 1.942512 0.069526
v -0.008441 1.968012 0.069526
v 0.005714 0.922501 -0.074190
v 0.005714 0.948002 -0.074190
v 0.005714 0.973502 -0.074190
v 0.005714 0.999002 -0.074190
v 0.005714 1.024502 -0.074190
v 0.005714 1.050003 -0.074190
v 0.005714 1.075503 -0.074190
v 0.005714 1.101003 -0.074190
v 0.005714 1.126503 -0.074190
v 0.005714 1.152004 -0.074190
v 0.005714 1.177504 -0.074190
v 0.005714 1.203004 -0.074190
v 0.005714 1.228505 -0.074190
v 0.005714 1.254005 -0.074190
v 0.005714 1.279505 -0.074190
v 0.005714 1.305005 -0.074190
v 0.005714 1.330506 -0.074190
v 0.005714 1.356006 -0.074190
v 0.005714 1.381506 -0.074190
v 0.005714 1.407006 -0.074190
v 0.005714 1.432507 -0.074190
v 0.005714 1.458007 -0.074190
v 0.005714 1.483507 -0.074190
v 0.005714 1.509007 -0.074190
v 0.005714 1.534508 -0.074190
v 0.005714 1.560008 -0.074190
v 0.005714 1.585508 -0.074190
v 0.005714 1.611008 -0.074190
v 0.005714 1.636508 -0.074190
v 0.005714 1.662009 -0.074190
v 0.005714 1.687509 -0.074190
v 0.005714 1.713009 -0.074190
v 0.005714 1.738509 -0.074190
v 0.005714 1.764010 -0.074190
v 0.005714 1.789510 -0.074190
v 0.005714 1.815010 -0.074190
v 0.005714 1.840510 -0.074190
v 0.005714 1.866011 -0.074190
v 0.005714 1.891511 -0.074190
v 0.005714 1.917011 -0.074190
v 0.005714 1.942512 -0.074190
v 0.005714 1.968012 -0.074190
v -0.065082 0.922501 -0.067217
v -0.065082 0.948002 -0.067217
v -0.065082 0.973502 -0.067217
v -0.065082 0.999002 -0.067217
v -0.065082 1.024502 -0.067217
v -0.065082 1.050003 -0.067217
v -0.065082 1.075503 -0.067217
v -0.065082 1.101003 -0.067217
v -0.065082 1.126503 -0.067217
v -0.065082 1.152004 -0.067217
v -0.065082 1.177504 -0.067217
v -0.065082 1.203004 -0.067217
v -0.065082 1.228505 -0.067217
v -0.065082 1.254005 -0.067217
v -0.065082 1.279505 -0.067217
v -0.065082 1.305005 -0.067217
v -0.065082 1.330506 -0.067217
v -0.065082 1.356006 -0.067217
v -0.065082 1.381506 -0.067217
v -0.065082 1.407006 -0.067217
v -0.065082 1.432507 -0.067217
v -0.065082 1.458007 -0.067217
v -0.065082 1.483507 -0.067217
v -0.065082 1.509007 -0.067217
v -0.065082 1.534508 -0.067217
v -0.065082 1.560008 -0.067217
v -0.065082 1.585508 -0.067217
v -0.065082 1.611008 -0.067217
v -0.065082 1.636508 -0.067217
v -0.065082 1.662009 -0.067217
v -0.065082 1.687509 -0.067217
v -0.065082 1.713009 -0.067217
v -0.065082 1.738509 -0.067217
v -0.065082 1.764010 -0.067217
v -0.065082 1.789510 -0.067217
v -0.065082 1.815010 -0.067217
v -0.065082 1.840510 -0.067217
v -0.065082 1.866011 -0.067217
v -0.065082 1.891511 -0.067217
v -0.065082 1.917011 -0.067217
v -0.065082 1.942512 -0.067217
v -0.065082 1.968012 -0.067217
v -0.023162 0.922501 0.070976
v -0.023162 0.948002 0.070976
v -0.023162 0.973502 0.070976
v -0.023162 0.999002 0.070976
v -0.023162 1.024502 0.070976
v -0.023162 1.050003 0.070976
v -0.023162 1.075503 0.070976
v -0.023162 1.101003 0.070976
v -0.023162 1.126503 0.070976
v -0.023162 1.152004 0.070976
v -0.023162 1.177504 0.070976
v -0.023162 1.203004 0.070976
v -0.023162 1.228505 0.070976
v -0.023162 1.254005 0.070976
v -0.023162 1.279505 0.070976
v -0.023162 1.305005 0.070976
v -0.023162 1.330506 0.070976
v -0.023162 1.356006 0.070976
v -0.023162 1.381506 0.070976
v -0.023162 1.407006 0.070976
v -0.023162 1.432507 0.070976
v -0.023162 1.458007 0.070976
v -0.023162 1.483507 0.070976
v -0.023162 1.509007 0.070976
v -0.023162 1.534508 0.070976
v -0.023162 1.560008 0.070976
v -0.023162 1.585508 0.070976
v -0.023162 1.611008 0.070976
v -0.023162 1.636508 0.070976
v -0.023162 1.662009 0.070976
v -0.023162 1.687509 0.070976
v -0.023162 1.713009 0.070976
v -0.023162 1.738509 0.070976
v -0.023162 1.764010 0.070976
v -0.023162 1.789510 0.070976
v -0.023162 1.815010 0.070976
v -0.023162 1.840510 0.070976
v -0.023162 1.866011 0.070976
v -0.023162 1.891511 0.070976
v -0.023162 1.917011 0.070976
v -0.023162 1.942512 0.070976
v -0.023162 1.968012 0.070976
v 0.018759 0.922501 -0.067217
v 0.018759 0.948002 -0.067217
v 0.018759 0.973502 -0.067217
v 0.018759 0.999002 -0.067217
v 0.018759 1.024502 -0.067217
v 0.018759 1.050003 -0.067217
v 0.018759 1.075503 -0.067217
v 0.018759 1.101003 -0.067217
v 0.018759 1.126503 -0.067217
v 0.018759 1.152004 -0.067217
v 0.018759 1.177504 -0.067217
v 0.018759 1.203004 -0.067217
v 0.018759 1.228505 -0.067217
v 0.018759 1.254005 -0.067217
v 0.018759 1.279505 -0.067217
v 0.018759 1.305005 -0.067217
v 0.018759 1.330506 -0.067217
v 0.018759 1.356006 -0.067217
v 0.018759 1.381506 -0.067217
v 0.018759 1.407006 -0.067217
v 0.018759 1.432507 -0.067217
v 0.018759 1.458007 -0.067217
v 0.018759 1.483507 -0.067217
v 0.018759 1.509007 -0.067217
v 0.018759 1.534508 -0.067217
v 0.018759 1.560008 -0.067217
v 0.018759 1.585508 -0.067217
v 0.018759 1.611008 -0.067217
v 0.018759 1.636508 -0.067217
v 0.018759 1.662009 -0.067217
v 0.018759 1.687509 -0.067217
v 0.018759 1.713009 -0.067217
v 0.018759 1.738509 -0.067217
v 0.018759 1.764010 -0.067217
v 0.018759 1.789510 -0.067217
v 0.018759 1.815010 -0.067217
v 0.018759 1.840510 -0.067217
v 0.018759 1.866011 -0.067217
v 0.018759 1.891511 -0.067217
v 0.018759 1.917011 -0.067217
v 0.018759 1.942512 -0.067217
v 0.018759 1.968012 -0.067217
v -0.052037 0.922501 -0.074190
v -0.052037 0.948002 -0.074190
v -0.052037 0.973502 -0.074190
v -0.052037 0.999002 -0.074190
v -0.052037 1.024502 -0.074190
v -0.052037 1.050003 -0.074190
v -0.052037 1.075503 -0.074190
v -0.052037 1.101003 -0.074190
v -0.052037 1.126503 -0.074190
v -0.052037 1.152004 -0.074190
v -0.052037 1.177504 -0.074190
v -0.052037 1.203004 -0.074190
v -0.052037 1.228505 -0.074190
v -0.052037 1.254005 -0.074190
v -0.052037 1.279505 -0.074190
v -0.052037 1.305005 -0.074190
v -0.052037 1.330506 -0.074190
v -0.052037 1.356006 -0.074190
v -0.052037 1.381506 -0.074190
v -0.052037 1.407006 -0.074190
v -0.052037 1.432507 -0.074190
v -0.052037 1.458007 -0.074190
v -0.052037 1.483507 -0.074190
v -0.052037 1.509007 -0.074190
v -0.052037 1.534508 -0.074190
v -0.052037 1.560008 -0.074190
v -0.052037 1.585508 -0.074190
v -0.052037 1.611008 -0.074190
v -0.052037 1.636508 -0.074190
v -0.052037 1.662009 -0.074190
v -0.052037 1.687509 -0.074190
v -0.052037 1.713009 -0.074190
v -0.052037 1.738509 -0.074190
v -0.052037 1.764010 -0.074190
v -0.052037 1.789510 -0.074190
v -0.052037 1.815010 -0.074190
v -0.052037 1.840510 -0.074190
v -0.052037 1.866011 -0.074190
v -0.052037 1.891511 -0.074190
v -0.052037 1.917011 -0.074190
v -0.052037 1.942512 -0.074190
v -0.052037 1.968012 -0.074190
v -0.037882 0.922501 0.069526
v -0.037882 0.948002 0.069526
v -0.037882 0.973502 0.069526
v -0.037882 0.999002 0.069526
v -0.037882 1.024502 0.069526
v -0.037882 1.050003 0.069526
v -0.037882 1.075503 0.069526
v -0.037882 1.101003 0.069526
v -0.037882 1.126503 0.069526
v -0.037882 1.152004 0.069526
v -0.037882 1.177504 0.069526
v -0.037882 1.203004 0.069526
v -0.037882 1.228505 0.069526
v -0.037882 1.254005 0.069526
v -0.037882 1.279505 0.069526
v -0.037882 1.305005 0.069526
v -0.037882 1.330506 0.069526
v -0.037882 1.356006 0.069526
v -0.037882 1.381506 0.069526
v -0.037882 1.407006 0.069526
v -0.037882 1.432507 0.069526
v -0.037882 1.458007 0.069526
v -0.037882 1.483507 0.069526
v -0.037882 1.509007 0.069526
v -0.037882 1.534508 0.069526
v -0.037882 1.560008 0.069526
v -0.037882 1.585508 0.069526
v -0.037882 1.611008 0.069526
v -0.037882 1.636508 0.069526
v -0.037882 1.662009 0.069526
v -0.037882 1.687509 0.069526
v -0.037882 1.713009 0.069526
v -0.037882 1.738509 0.069526
v -0.037882 1.764010 0.069526
v -0.037882 1.789510 0.069526
v -0.037882 1.815010 0.069526
v -0.037882 1.840510 0.069526
v -0.037882 1.866011 0.069526
v -0.037882 1.891511 0.069526
v -0.037882 1.917011 0.069526
v -0.037882 1.942512 0.069526
v -0.037882 1.968012 0.069526
v 0.030193 0.922501 -0.057833
v 0.030193 0.948002 -0.057833
v 0.030193 0.973502 -0.057833
v 0.030193 0.999002 -0.057833
v 0.030193 1.024502 -0.057833
v 0.030193 1.050003 -0.057833
v 0.030193 1.075503 -0.057833
v 0.030193 1.101003 -0.057833
v 0.030193 1.126503 -0.057833
v 0.030193 1.152004 -0.057833
v 0.030193 1.177504 -0.057833
v 0.030193 1.203004 -0.057833
v 0.030193 1.228505 -0.057833
v 0.030193 1.254005 -0.057833
v 0.030193 1.279505 -0.057833
v 0.030193 1.305005 -0.057833
v 0.030193 1.330506 -0.057833
v 0.030193 1.356006 -0.057833
v 0.030193 1.381506 -0.057833
v 0.030193 1.407006 -0.057833
v 0.030193 1.432507 -0.057833
v 0.030193 1.458007 -0.057833
v 0.030193 1.483507 -0.057833
v 0.030193 1.509007 -0.057833
v 0.030193 1.534508 -0.057833
v 0.030193 1.560008 -0.057833
v 0.030193 1.585508 -0.057833
v 0.030193 1.611008 -0.057833
v 0.030193 1.636508 -0.057833
v 0.030193 1.662009 -0.057833
v 0.030193 1.687509 -0.057833
v 0.030193 1.713009 -0.057833
v 0.030193 1.738509 -0.057833
v 0.030193 1.764010 -0.057833
v 0.030193 1.789510 -0.057833
v 0.030193 1.815010 -0.057833
v 0.030193 1.840510 -0.057833
v 0.030193 1.866011 -0.057833
v 0.030193 1.891511 -0.057833
v 0.030193 1.917011 -0.057833
v 0.030193 1.942512 -0.057833
v 0.030193 1.968012 -0.057833
v -0.037882 0.922501 -0.078483
v -0.037882 0.948002 -0.078483
v -0.037882 0.973502 -0.078483
v -0.037882 0.999002 -0.078483
v -0.037882 1.024502 -0.078483
v -0.037882 1.050003 -0.078483
v -0.037882 1.075503 -0.078483
v -0.037882 1.101003 -0.078483
v -0.037882 1.126503 -0.078483
v -0.037882 1.152004 -0.078483
v -0.037882 1.177504 -0.078483
v -0.037882 1.203004 -0.078483
v -0.037882 1.228505 -0.078483
v -0.037882 1.254005 -0.078483
v -0.037882 1.279505 -0.078483
v -0.037882 1.305005 -0.078483
v -0.037882 1.330506 -0.078483
v -0.037882 1.356006 -0.078483
v -0.037882 1.381506 -0.078483
v -0.037882 1.407006 -0.078483
v -0.037882 1.432507 -0.078483
v -0.037882 1.458007 -0.078483
v -0.037882 1.483507 -0.078483
v -0.037882 1.509007 -0.078483
v -0.037882 1.534508 -0.078483
v -0.037882 1.560008 -0.078483
v -0.037882 1.585508 -0.078483
v -0.037882 1.611008 -0.078483
v -0.037882 1.636508 -0.078483
v -0.037882 1.662009 -0.078483
v -0.037882 1.687509 -0.078483
v -0.037882 1.713009 -0.078483
v -0.037882 1.738509 -0.078483
v -0.037882 1.764010 -0.078483
v -0.037882 1.789510 -0.078483
v -0.037882 1.815010 -0.078483
v -0.037882 1.840510 -0.078483
v -0.037882 1.866011 -0.078483
v -0.037882 1.891511 -0.078483
v -0.037882 1.917011 -0.078483
v -0.037882 1.942512 -0.078483
v -0.037882 1.968012 -0.078483
v -0.052037 0.922501 0.065232
v -0.052037 0.948002 0.065232
v -0.052037 0.973502 0.065232
v -0.052037 0.999002 0.065232
v -0.052037 1.024502 0.065232
v -0.052037 1.050003 0.065232
v -0.052037 1.075503 0.065232
v -0.052037 1.101003 0.065232
v -0.052037 1.126503 0.065232
v -0.052037 1.152004 0.065232
v -0.052037 1.177504 0.065232
v -0.052037 1.203004 0.065232
v -0.052037 1.228505 0.065232
v -0.052037 1.254005 0.065232
v -0.052037 1.279505 0.065232
v -0.052037 1.305005 0.065232
v -0.052037 1.330506 0.065232
v -0.052037 1.356006 0.065232
v -0.052037 1.381506 0.065232
v -0.052037 1.407006 0.065232
v -0.052037 1.432507 0.065232
v -0.052037 1.458007 0.065232
v -0.052037 1.483507 0.065232
v -0.052037 1.509007 0.065232
v -0.052037 1.534508 0.065232
v -0.052037 1.560008 0.065232
v -0.052037 1.585508 0.065232
v -0.052037 1.611008 0.065232
v -0.052037 1.636508 0.065232
v -0.052037 1.662009 0.065232
v -0.052037 1.687509 0.065232
v -0.052037 1.713009 0.065232
v -0.052037 1.738509 0.065232
v -0.052037 1.764010 0.065232
v -0.052037 1.789510 0.065232
v -0.052037 1.815010 0.065232
v -0.052037 1.840510 0.065232
v -0.052037 1.866011 0.065232
v -0.052037 1.891511 0.065232
v -0.052037 1.917011 0.065232
v -0.052037 1.942512 0.065232
v -0.052037 1.968012 0.065232
v 0.039577 0.922501 -0.046399
v 0.039577 0.948002 -0.046399
v 0.039577 0.973502 -0.046399
v 0.039577 0.999002 -0.046399
v 0.039577 1.024502 -0.046399
v 0.039577 1.050003 -0.046399
v 0.039577 1.075503 -0.046399
v 0.039577 1.101003 -0.046399
v 0.039577 1.126503 -0.046399
v 0.039577 1.152004 -0.046399
v 0.039577 1.177504 -0.046399
v 0.039577 1.203004 -0.046399
v 0.039577 1.228505 -0.046399
v 0.039577 1.254005 -0.046399
v 0.039577 1.279505 -0.046399
v 0.039577 1.305005 -0.046399
v 0.039577 1.330506 -0.046399
v 0.039577 1.356006 -0.046399
v 0.039577 1.381506 -0.046399
v 0.039577 1.407006 -0.046399
v 0.039577 1.432507 -0.046399
v 0.039577 1.458007 -0.046399
v 0.039577 1.483507 -0.046399
v 0.039577 1.509007 -0.046399
v 0.039577 1.534508 -0.046399
v 0.039577 1.560008 -0.046399
v 0.039577 1.585508 -0.046399
v 0.039577 1.611008 -0.046399
v 0.039577 1.636508 -0.046399
v 0.039577 1.662009 -0.046399
v 0.039577 1.687509 -0.046399
v 0.039577 1.713009 -0.046399
v 0.039577 1.738509 -0.046399
v 0.039577 1.764010 -0.046399
v 0.039577 1.789510 -0.046399
v 0.039577 1.815010 -0.046399
v 0.039577 1.840510 -0.046399
v 0.039577 1.866011 -0.046399
v 0.039577 1.891511 -0.046399
v 0.039577 1.917011 -0.046399
v 0.039577 1.942512 -0.046399
v 0.039577 1.968012 -0.046399
v -0.065082 0.922501 0.058260
v -0.065082 0.948002 0.058260
v -0.065082 0.973502 0.058260
v -0.065082 0.999002 0.058260
v -0.065082 1.024502 0.058260
v -0.065082 1.050003 0.058260
v -0.065082 1.075503 0.058260
v -0.065082 1.101003 0.058260
v -0.065082 1.126503 0.058260
v -0.065082 1.152004 0.058260
v -0.065082 1.177504 0.058260
v -0.065082 1.203004 0.058260
v -0.065082 1.228505 0.058260
v -0.065082 1.254005 0.058260
v -0.065082 1.279505 0.058260
v -0.065082 1.305005 0.058260
v -0.065082 1.330506 0.058260
v -0.065082 1.356006 0.058260
v -0.065082 1.381506 0.058260
v -0.065082 1.407006 0.058260
v -0.065082 1.432507 0.058260
v -0.065082 1.458007 0.058260
v -0.065082 1.483507 0.058260
v -0.065082 1.509007 0.058260
v -0.065082 1.534508 0.058260
v -0.065082 1.560008 0.058260
v -0.065082 1.585508 0.058260
v -0.065082 1.611008 0.058260
v -0.065082 1.636508 0.058260
v -0.065082 1.662009 0.058260
v -0.065082 1.687509 0.058260
v -0.065082 1.713009 0.058260
v -0.065082 1.738509 0.058260
v -0.065082 1.764010 0.058260
v -0.065082 1.789510 0.058260
v -0.065082 1.815010 0.058260
v -0.065082 1.840510 0.058260
v -0.065082 1.866011 0.058260
v -0.065082 1.891511 0.058260
v -0.065082 1.917011 0.058260
v -0.065082 1.942512 0.058260
v -0.065082 1.968012 0.058260
v 0.046549 0.922501 -0.033354
v 0.046549 0.948002 -0.033354
v 0.046549 0.973502 -0.033354
v 0.046549 0.999002 -0.033354
v 0.046549 1.024502 -0.033354
v 0.046549 1.050003 -0.033354
v 0.046549 1.075503 -0.033354
v 0.046549 1.101003 -0.033354
v 0.046549 1.126503 -0.033354
v 0.046549 1.152004 -0.033354
v 0.046549 1.177504 -0.033354
v 0.046549 1.203004 -0.033354
v 0.046549 1.228505 -0.033354
v 0.046549 1.254005 -0.033354
v 0.046549 1.279505 -0.033354
v 0.046549 1.305005 -0.033354
v 0.046549 1.330506 -0.033354
v 0.046549 1.356006 -0.033354
v 0.046549 1.381506 -0.033354
v 0.046549 1.407006 -0.033354
v 0.046549 1.432507 -0.033354
v 0.046549 1.458007 -0.033354
v 0.046549 1.483507 -0.033354
v 0.046549 1.509007 -0.033354
v 0.046549 1.534508 -0.033354
v 0.046549 1.560008 -0.033354
v 0.046549 1.585508 -0.033354
v 0.046549 1.611008 -0.033354
v 0.046549 1.636508 -0.033354
v 0.046549 1.662009 -0.033354
v 0.046549 1.687509 -0.033354
v 0.046549 1.713009 -0.033354
v 0.046549 1.738509 -0.033354
v 0.046549 1.764010 -0.033354
v 0.046549 1.789510 -0.033354
v 0.046549 1.815010 -0.033354
v 0.046549 1.840510 -0.033354
v 0.046549 1.866011 -0.033354
v 0.046549 1.891511 -0.033354
v 0.046549 1.917011 -0.033354
v 0.046549 1.942512 -0.033354
v 0.046549 1.968012 -0.033354
v -0.076516 0.922501 0.048876
v -0.076516 0.948002 0.048876
v -0.076516 0.973502 0.048876
v -0.076516 0.999002 0.048876
v -0.076516 1.024502 0.048876
v -0.076516 1.050003 0.048876
v -0.076516 1.075503 0.048876
v -0.076516 1.101003 0.048876
v -0.076516 1.126503 0.048876
v -0.076516 1.152004 0.048876
v -0.076516 1.177504 0.048876
v -0.076516 1.203004 0.048876
v -0.076516 1.228505 0.048876
v -0.076516 1.254005 0.048876
v -0.076516 1.279505 0.048876
v -0.076516 1.305005 0.048876
v -0.076516 1.330506 0.048876
v -0.076516 1.356006 0.048876
v -0.076516 1.381506 0.048876
v -0.076516 1.407006 0.048876
v -0.076516 1.432507 0.048876
v -0.076516 1.458007 0.048876
v -0.076516 1.483507 0.048876
v -0.076516 1.509007 0.048876
v -0.076516 1.534508 0.048876
v -0.076516 1.560008 0.048876
v -0.076516 1.585508 0.048876
v -0.076516 1.611008 0.048876
v -0.076516 1.636508 0.048876
v -0.076516 1.662009 0.048876
v -0.076516 1.687509 0.048876
v -0.076516 1.713009 0.048876
v -0.076516 1.738509 0.048876
v -0.076516 1.764010 0.048876
v -0.076516 1.789510 0.048876
v -0.076516 1.815010 0.048876
v -0.076516 1.840510 0.048876
v -0.076516 1.866011 0.048876
v -0.076516 1.891511 0.048876
v -0.076516 1.917011 0.048876
v -0.076516 1.942512 0.048876
v -0.076516 1.968012 0.048876
v 0.050843 0.922501 -0.019199
v 0.050843 0.948002 -0.019199
v 0.050843 0.973502 -0.019199
v 0.050843 0.999002 -0.019199
v 0.050843 1.024502 -0.019199
v 0.050843 1.050003 -0.019199
v 0.050843 1.075503 -0.019199
v 0.050843 1.101003 -0.019199
v 0.050843 1.126503 -0.019199
v 0.050843 1.152004 -0.019199
v 0.050843 1.177504 -0.019199
v 0.050843 1.203004 -0.019199
v 0.050843 1.228505 -0.019199
v 0.050843 1.254005 -0.019199
v 0.050843 1.279505 -0.019199
v 0.050843 1.305005 -0.019199
v 0.050843 1.330506 -0.019199
v 0.050843 1.356006 -0.019199
v 0.050843 1.381506 -0.019199
v 0.050843 1.407006 -0.019199
v 0.050843 1.432507 -0.019199
v 0.050843 1.458007 -0.019199
v 0.050843 1.483507 -0.019199
v 0.050843 1.509007 -0.019199
v 0.050843 1.534508 -0.019199
v 0.050843 1.560008 -0.019199
v 0.050843 1.585508 -0.019199
v 0.050843 1.611008 -0.019199
v 0.050843 1.636508 -0.019199
v 0.050843 1.662009 -0.019199
v 0.050843 1.687509 -0.019199
v 0.050843 1.713009 -0.019199
v 0.050843 1.738509 -0.019199
v 0.050843 1.764010 -0.019199
v 0.050843 1.789510 -0.019199
v 0.050843 1.815010 -0.019199
v 0.050843 1.840510 -0.019199
v 0.050843 1.866011 -0.019199
v 0.050843 1.891511 -0.019199
v 0.050843 1.917011 -0.019199
v 0.050843 1.942512 -0.019199
v 0.050843 1.968012 -0.019199
v -0.085900 0.922501 0.037442
v -0.085900 0.948002 0.037442
v -0.085900 0.973502 0.037442
v -0.085900 0.999002 0.037442
v -0.085900 1.024502 0.037442
v -0.085900 1.050003 0.037442
v -0.085900 1.075503 0.037442
v -0.085900 1.101003 0.037442
v -0.085900 1.126503 0.037442
v -0.085900 1.152004 0.037442
v -0.085900 1.177504 0.037442
v -0.085900 1.203004 0.037442
v -0.085900 1.228505 0.037442
v -0.085900 1.254005 0.037442
v -0.085900 1.279505 0.037442
v -0.085900 1.305005 0.037442
v -0.085900 1.330506 0.037442
v -0.085900 1.356006 0.037442
v -0.085900 1.381506 0.037442
v -0.085900 1.407006 0.037442
v -0.085900 1.432507 0.037442
v -0.085900 1.458007 0.037442
v -0.085900 1.483507 0.037442
v -0.085900 1.509007 0.037442
v -0.085900 1.534508 0.037442
v -0.085900 1.560008 0.037442
v -0.085900 1.585508 0.037442
v -0.085900 1.611008 0.037442
v -0.085900 1.636508 0.037442
v -0.085900 1.662009 0.037442
v -0.085900 1.687509 0.037442
v -0.085900 1.713009 0.037442
v -0.085900 1.738509 0.037442
v -0.085900 1.764010 0.037442
v -0.085900 1.789510 0.037442
v -0.085900 1.815010 0.037442
v -0.085900 1.840510 0.037442
v -0.085900 1.866011 0.037442
v -0.085900 1.891511 0.037442
v -0.085900 1.917011 0.037442
v -0.085900 1.942512 0.037442
v -0.085900 1.968012 0.037442
v 0.052293 0.922501 -0.004479
v 0.052293 0.948002 -0.004479
v 0.052293 0.973502 -0.004479
v 0.052293 0.999002 -0.004479
v 0.052293 1.024502 -0.004479
v 0.052293 1.050003 -0.004479
v 0.052293 1.075503 -0.004479
v 0.052293 1.101003 -0.004479
v 0.052293 1.126503 -0.004479
v 0.052293 1.152004 -0.004479
v 0.052293 1.177504 -0.004479
v 0.052293 1.203004 -0.004479
v 0.052293 1.228505 -0.004479
v 0.052293 1.254005 -0.004479
v 0.052293 1.279505 -0.004479
v 0.052293 1.305005 -0.004479
v 0.052293 1.330506 -0.004479
v 0.052293 1.356006 -0.004479
v 0.052293 1.381506 -0.004479
v 0.052293 1.407006 -0.004479
v 0.052293 1.432507 -0.004479
v 0.052293 1.458007 -0.004479
v 0.052293 1.483507 -0.004479
v 0.052293 1.509007 -0.004479
v 0.052293 1.534508 -0.004479
v 0.052293 1.560008 -0.004479
v 0.052293 1.585508 -0.004479
v 0.052293 1.611008 -0.004479
v 0.052293 1.636508 -0.004479
v 0.052293 1.662009 -0.004479
v 0.052293 1.687509 -0.004479
v 0.052293 1.713009 -0.004479
v 0.052293 1.738509 -0.004479
v 0.052293 1.764010 -0.004479
v 0.052293 1.789510 -0.004479
v 0.052293 1.815010 -0.004479
v 0.052293 1.840510 -0.004479
v 0.052293 1.866011 -0.004479
v 0.052293 1.891511 -0.004479
v 0.052293 1.917011 -0.004479
v 0.052293 1.942512 -0.004479
v 0.052293 1.968012 -0.004479
v -0.092873 0.922501 0.024397
v -0.092873 0.948002 0.024397
v -0.092873 0.973502 0.024397
v -0.092873 0.999002 0.024397
v -0.092873 1.024502 0.024397
v -0.092873 1.050003 0.024397
v -0.092873 1.075503 0.024397
v -0.092873 1.101003 0.024397
v -0.092873 1.126503 0.024397
v -0.092873 1.152004 0.024397
v -0.092873 1.177504 0.024397
v -0.092873 1.203004 0.024397
v -0.092873 1.228505 0.024397
v -0.092873 1.254005 0.024397
v -0.092873 1.279505 0.024397
v -0.092873 1.305005 0.024397
v -0.092873 1.330506 0.024397
v -0.092873 1.356006 0.024397
v -0.092873 1.381506 0.024397
v -0.092873 1.407006 0.024397
v -0.092873 1.432507 0.024397
v -0.092873 1.458007 0.024397
v -0.092873 1.483507 0.024397
v -0.092873 1.509007 0.024397
v -0.092873 1.534508 0.024397
v -0.092873 1.560008 0.024397
v -0.092873 1.585508 0.024397
v -0.092873 1.611008 0.024397
v -0.092873 1.636508 0.024397
v -0.092873 1.662009 0.024397
v -0.092873 1.687509 0.024397
v -0.092873 1.713009 0.024397
v -0.092873 1.738509 0.024397
v -0.092873 1.764010 0.024397
v -0.092873 1.789510 0.024397
v -0.092873 1.815010 0.024397
v -0.092873 1.840510 0.024397
v -0.092873 1.866011 0.024397
v -0.092873 1.891511 0.024397
v -0.092873 1.917011 0.024397
v -0.092873 1.942512 0.024397
v -0.092873 1.968012 0.024397
v 0.050843 0.922501 0.010242
v 0.050843 0.948002 0.010242
v 0.050843 0.973502 0.010242
v 0.050843 0.999002 0.010242
v 0.050843 1.024502 0.010242
v 0.050843 1.050003 0.010242
v 0.050843 1.075503 0.010242
v 0.050843 1.101003 0.010242
v 0.050843 1.126503 0.010242
v 0.050843 1.152004 0.010242
v 0.050843 1.177504 0.010242
v 0.050843 1.203004 0.010242
v 0.050843 1.228505 0.010242
v 0.050843 1.254005 0.010242
v 0.050843 1.279505 0.010242
v 0.050843 1.305005 0.010242
v 0.050843 1.330506 0.010242
v 0.050843 1.356006 0.010242
v 0.050843 1.381506 0.010242
v 0.050843 1.407006 0.010242
v 0.050843 1.432507 0.010242
v 0.050843 1.458007 0.010242
v 0.050843 1.483507 0.010242
v 0.050843 1.509007 0.010242
v 0.050843 1.534508 0.010242
v 0.050843 1.560008 0.010242
v 0.050843 1.585508 0.010242
v 0.050843 1.611008 0.010242
v 0.050843 1.636508 0.010242
v 0.050843 1.662009 0.010242
v 0.050843 1.687509 0.010242
v 0.050843 1.713009 0.010242
v 0.050843 1.738509 0.010242
v 0.050843 1.764010 0.010242
v 0.050843 1.789510 0.010242
v 0.050843 1.815010 0.010242
v 0.050843 1.840510 0.010242
v 0.050843 1.866011 0.010242
v 0.050843 1.891511 0.010242
v 0.050843 1.917011 0.010242
v 0.050843 1.942512 0.010242
v 0.050843 1.968012 0.010242
v -0.097167 0.922501 0.010242
v -0.097167 0.948002 0.010242
v -0.097167 0.973502 0.010242
v -0.097167 0.999002 0.010242
v -0.097167 1.024502 0.010242
v -0.097167 1.050003 0.010242
v -0.097167 1.075503 0.010242
v -0.097167 1.101003 0.010242
v -0.097167 1.126503 0.010242
v -0.097167 1.152004 0.010242
v -0.097167 1.177504 0.010242
v -0.097167 1.203004 0.010242
v -0.097167 1.228505 0.010242
v -0.097167 1.254005 0.010242
v -0.097167 1.279505 0.010242
v -0.097167 1.305005 0.010242
v -0.097167 1.330506 0.010242
v -0.097167 1.356006 0.010242
v -0.097167 1.381506 0.010242
v -0.097167 1.407006 0.010242
v -0.097167 1.432507 0.010242
v -0.097167 1.458007 0.010242
v -0.097167 1.483507 0.010242
v -0.097167 1.509007 0.010242
v -0.097167 1.534508 0.010242
v -0.097167 1.560008 0.010242
v -0.097167 1.585508 0.010242
v -0.097167 1.611008 0.010242
v -0.097167 1.636508 0.010242
v -0.097167 1.662009 0.010242
v -0.097167 1.687509 0.010242
v -0.097167 1.713009 0.010242
v -0.097167 1.738509 0.010242
v -0.097167 1.764010 0.010242
v -0.097167 1.789510 0.010242
v -0.097167 1.815010 0.010242
v -0.097167 1.840510 0.010242
v -0.097167 1.866011 0.010242
v -0.097167 1.891511 0.010242
v -0.097167 1.917011 0.010242
v -0.097167 1.942512 0.010242
v -0.097167 1.968012 0.010242
v 0.046549 0.922501 0.024397
v 0.046549 0.948002 0.024397
v 0.046549 0.973502 0.024397
v 0.046549 0.999002 0.024397
v 0.046549 1.024502 0.024397
v 0.046549 1.050003 0.024397
v 0.046549 1.075503 0.024397
v 0.046549 1.101003 0.024397
v 0.046549 1.126503 0.024397
v 0.046549 1.152004 0.024397
v 0.046549 1.177504 0.024397
v 0.046549 1.203004 0.024397
v 0.046549 1.228505 0.024397
v 0.046549 1.254005 0.024397
v 0.046549 1.279505 0.024397
v 0.046549 1.305005 0.024397
v 0.046549 1.330506 0.024397
v 0.046549 1.356006 0.024397
v 0.046549 1.381506 0.024397
v 0.046549 1.407006 0.024397
v 0.046549 1.432507 0.024397
v 0.046549 1.458007 0.024397
v 0.046549 1.483507 0.024397
v 0.046549 1.509007 0.024397
v 0.046549 1.534508 0.024397
v 0.046549 1.560008 0.024397
v 0.046549 1.585508 0.024397
v 0.046549 1.611008 0.024397
v 0.046549 1.636508 0.024397
v 0.046549 1.662009 0.024397
v 0.046549 1.687509 0.024397
v 0.046549 1.713009 0.024397
v 0.046549 1.738509 0.024397
v 0.046549 1.764010 0.024397
v 0.046549 1.789510 0.024397
v 0.046549 1.815010 0.024397
v 0.046549 1.840510 0.024397
v 0.046549 1.866011 0.024397
v 0.046549 1.891511 0.024397
v 0.046549 1.917011 0.024397
v 0.046549 1.942512 0.024397
v 0.046549 1.968012 0.024397
v -0.098616 0.922501 -0.004479
v -0.098616 0.948002 -0.004479
v -0.098616 0.973502 -0.004479
v -0.098616 0.999002 -0.004479
v -0.098616 1.024502 -0.004479
v -0.098616 1.050003 -0.004479
v -0.098616 1.075503 -0.004479
v -0.098616 1.101003 -0.004479
v -0.098616 1.126503 -0.004479
v -0.098616 1.152004 -0.004479
v -0.098616 1.177504 -0.004479
v -0.098616 1.203004 -0.004479
v -0.098616 1.228505 -0.004479
v -0.098616 1.254005 -0.004479
v -0.098616 1.279505 -0.004479
v -0.098616 1.305005 -0.004479
v -0.098616 1.330506 -0.004479
v -0.098616 1.356006 -0.004479
v -0.098616 1.381506 -0.004479
v -0.098616 1.407006 -0.004479
v -0.098616 1.432507 -0.004479
v -0.098616 1.458007 -0.004479
v -0.098616 1.483507 -0.004479
v -0.098616 1.509007 -0.004479
v -0.098616 1.534508 -0.004479
v -0.098616 1.560008 -0.004479
v -0.098616 1.585508 -0.004479
v -0.098616 1.611008 -0.004479
v -0.098616 1.636508 -0.004479
v -0.098616 1.662009 -0.004479
v -0.098616 1.687509 -0.004479
v -0.098616 1.713009 -0.004479
v -0.098616 1.738509 -0.004479
v -0.098616 1.764010 -0.004479
v -0.098616 1.789510 -0.004479
v -0.098616 1.815010 -0.004479
v -0.098616 1.840510 -0.004479
v -0.098616 1.866011 -0.004479
v -0.098616 1.891511 -0.004479
v -0.098616 1.917011 -0.004479
v -0.098616 1.942512 -0.004479
v -0.098616 1.968012 -0.004479
v 0.001621 3.039623 -0.129072
v -0.023162 3.039623 -0.131513
v 0.025452 3.039623 -0.121843
v 0.047415 3.039623 -0.110103
v 0.066665 3.039623 -0.094305
v 0.082463 3.039623 -0.075055
v 0.094202 3.039623 -0.053092
v 0.101431 3.039623 -0.029262
v 0.103872 3.039623 -0.004479
v 0.101431 3.039623 0.020305
v 0.094202 3.039623 0.044135
v 0.082463 3.039623 0.066098
v 0.066665 3.039623 0.085348
v 0.047415 3.039623 0.101146
v 0.025452 3.039623 0.112886
v 0.001621 3.039623 0.120114
v -0.023162 3.039623 0.122555
v -0.047945 3.039623 0.120114
v -0.071775 3.039623 0.112886
v -0.093738 3.039623 0.101146
v -0.112988 3.039623 0.085348
v -0.128787 3.039623 0.066098
v -0.140526 3.039623 0.044135
v -0.147755 3.039623 0.020305
v -0.150196 3.039623 -0.004479
v -0.147755 3.039623 -0.029262
v -0.140526 3.039623 -0.053092
v -0.128787 3.039623 -0.075055
v -0.112988 3.039623 -0.094305
v -0.093738 3.039623 -0.110103
v -0.071775 3.039623 -0.121843
v -0.047945 3.039623 -0.129072
v 0.001621 3.153600 -0.129072
v -0.023162 3.153600 -0.131513
v 0.025452 3.153600 -0.121843
v 0.047415 3.153600 -0.110103
v 0.066665 3.153600 -0.094305
v 0.082463 3.153600 -0.075055
v 0.094202 3.153600 -0.053092
v 0.101431 3.153600 -0.029262
v 0.103872 3.153600 -0.004479
v 0.101431 3.153600 0.020305
v 0.094202 3.153600 0.044135
v 0.082463 3.153600 0.066098
v 0.066665 3.153600 0.085348
v 0.047415 3.153600 0.101146
v 0.025452 3.153600 0.112886
v 0.001621 3.153600 0.120114
v -0.023162 3.153600 0.122555
v -0.047945 3.153600 0.120114
v -0.071775 3.153600 0.112886
v -0.093738 3.153600 0.101146
v -0.112988 3.153600 0.085348
v -0.128787 3.153600 0.066098
v -0.140526 3.153600 0.044135
v -0.147755 3.153600 0.020305
v -0.150196 3.153600 -0.004479
v -0.147755 3.153600 -0.029262
v -0.140526 3.153600 -0.053092
v -0.128787 3.153600 -0.075055
v -0.112988 3.153600 -0.094305
v -0.093738 3.153600 -0.110103
v -0.071775 3.153600 -0.121843
v -0.047945 3.153600 -0.129072
v 0.001621 3.210993 -0.129072
v -0.023162 3.210993 -0.131513
v 0.025452 3.210993 -0.121843
v 0.047415 3.210993 -0.110103
v 0.066665 3.210993 -0.094305
v 0.082463 3.210993 -0.075055
v 0.094202 3.210993 -0.053092
v 0.101431 3.210993 -0.029262
v 0.103872 3.210993 -0.004479
v 0.101431 3.210993 0.020305
v 0.094202 3.210993 0.044135
v 0.082463 3.210993 0.066098
v 0.066665 3.210993 0.085348
v 0.047415 3.210993 0.101146
v 0.025452 3.210993 0.112886
v 0.001621 3.210993 0.120114
v -0.023162 3.210993 0.122555
v -0.047945 3.210993 0.120114
v -0.071775 3.210993 0.112886
v -0.093738 3.210993 0.101146
v -0.112988 3.210993 0.085348
v -0.128787 3.210993 0.066098
v -0.140526 3.210993 0.044135
v -0.147755 3.210993 0.020305
v -0.150196 3.210993 -0.004479
v -0.147755 3.210993 -0.029262
v -0.140526 3.210993 -0.053092
v -0.128787 3.210993 -0.075055
v -0.112988 3.210993 -0.094305
v -0.093738 3.210993 -0.110103
v -0.071775 3.210993 -0.121843
v -0.047945 3.210993 -0.129072
v 0.001621 3.324970 -0.129072
v -0.023162 3.324970 -0.131513
v 0.025452 3.324970 -0.121843
v 0.047415 3.324970 -0.110103
v 0.066665 3.324970 -0.094305
v 0.082463 3.324970 -0.075055
v 0.094202 3.324970 -0.053092
v 0.101431 3.324970 -0.029262
v 0.103872 3.324970 -0.004479
v 0.101431 3.324970 0.020305
v 0.094202 3.324970 0.044135
v 0.082463 3.324970 0.066098
v 0.066665 3.324970 0.085348
v 0.047415 3.324970 0.101146
v 0.025452 3.324970 0.112886
v 0.001621 3.324970 0.120114
v -0.023162 3.324970 0.122555
v -0.047945 3.324970 0.120114
v -0.071775 3.324970 0.112886
v -0.093738 3.324970 0.101146
v -0.112988 3.324970 0.085348
v -0.128787 3.324970 0.066098
v -0.140526 3.324970 0.044135
v -0.147755 3.324970 0.020305
v -0.150196 3.324970 -0.004479
v -0.147755 3.324970 -0.029262
v -0.140526 3.324970 -0.053092
v -0.128787 3.324970 -0.075055
v -0.112988 3.324970 -0.094305
v -0.093738 3.324970 -0.110103
v -0.071775 3.324970 -0.121843
v -0.047945 3.324970 -0.129072
v 0.006013 3.039623 -0.151147
v -0.023162 3.039623 -0.154021
v 0.034066 3.039623 -0.142638
v 0.059920 3.039623 -0.128818
v 0.082581 3.039623 -0.110221
v 0.101178 3.039623 -0.087560
v 0.114997 3.039623 -0.061706
v 0.123507 3.039623 -0.033653
v 0.126381 3.039623 -0.004479
v 0.123507 3.039623 0.024696
v 0.114997 3.039623 0.052749
v 0.101178 3.039623 0.078603
v 0.082581 3.039623 0.101264
v 0.059920 3.039623 0.119861
v 0.034066 3.039623 0.133681
v 0.006013 3.039623 0.142190
v -0.023162 3.039623 0.145064
v -0.052336 3.039623 0.142190
v -0.080389 3.039623 0.133681
v -0.106243 3.039623 0.119861
v -0.128904 3.039623 0.101264
v -0.147501 3.039623 0.078603
v -0.161321 3.039623 0.052749
v -0.169831 3.039623 0.024696
v -0.172704 3.039623 -0.004479
v -0.169831 3.039623 -0.033653
v -0.161321 3.039623 -0.061706
v -0.147501 3.039623 -0.087560
v -0.128904 3.039623 -0.110221
v -0.106243 3.039623 -0.128818
v -0.080389 3.039623 -0.142638
v -0.052336 3.039623 -0.151147
v 0.006013 3.153600 -0.151147
v -0.023162 3.153600 -0.154021
v 0.034066 3.153600 -0.142638
v 0.059920 3.153600 -0.128818
v 0.082581 3.153600 -0.110221
v 0.101178 3.153600 -0.087560
v 0.114997 3.153600 -0.061706
v 0.123507 3.153600 -0.033653
v 0.126381 3.153600 -0.004479
v 0.123507 3.153600 0.024696
v 0.114997 3.153600 0.052749
v 0.101178 3.153600 0.078603
v 0.082581 3.153600 0.101264
v 0.059920 3.153600 0.119861
v 0.034066 3.153600 0.133681
v 0.006013 3.153600 0.142190
v -0.023162 3.153600 0.145064
v -0.052336 3.153600 0.142190
v -0.080389 3.153600 0.133681
v -0.106243 3.153600 0.119861
v -0.128904 3.153600 0.101264
v -0.147501 3.153600 0.078603
v -0.161321 3.153600 0.052749
v -0.169831 3.153600 0.024696
v -0.172704 3.153600 -0.004479
v -0.169831 3.153600 -0.033653
v -0.161321 3.153600 -0.061706
v -0.147501 3.153600 -0.087560
v -0.128904 3.153600 -0.110221
v -0.106243 3.153600 -0.128818
v -0.080389 3.153600 -0.142638
v -0.052336 3.153600 -0.151147
v 0.006013 3.210993 -0.151147
v -0.023162 3.210993 -0.154021
v 0.034066 3.210993 -0.142638
v 0.059920 3.210993 -0.128818
v 0.082581 3.210993 -0.110221
v 0.101178 3.210993 -0.087560
v 0.114997 3.210993 -0.061706
v 0.123507 3.210993 -0.033653
v 0.126381 3.210993 -0.004479
v 0.123507 3.210993 0.024696
v 0.114997 3.210993 0.052749
v 0.101178 3.210993 0.078603
v 0.082581 3.210993 0.101264
v 0.059920 3.210993 0.119861
v 0.034066 3.210993 0.133681
v 0.006013 3.210993 0.142190
v -0.023162 3.210993 0.145064
v -0.052336 3.210993 0.142190
v -0.080389 3.210993 0.133681
v -0.106243 3.210993 0.119861
v -0.128904 3.210993 0.101264
v -0.147501 3.210993 0.078603
v -0.161321 3.210993 0.052749
v -0.169831 3.210993 0.024696
v -0.172704 3.210993 -0.004479
v -0.169831 3.210993 -0.033653
v -0.161321 3.210993 -0.061706
v -0.147501 3.210993 -0.087560
v -0.128904 3.210993 -0.110221
v -0.106243 3.210993 -0.128818
v -0.080389 3.210993 -0.142638
v -0.052336 3.210993 -0.151147
v 0.006013 3.324970 -0.151147
v -0.023162 3.324970 -0.154021
v 0.034066 3.324970 -0.142638
v 0.059920 3.324970 -0.128818
v 0.082581 3.324970 -0.110221
v 0.101178 3.324970 -0.087560
v 0.114997 3.324970 -0.061706
v 0.123507 3.324970 -0.033653
v 0.126381 3.324970 -0.004479
v 0.123507 3.324970 0.024696
v 0.114997 3.324970 0.052749
v 0.101178 3.324970 0.078603
v 0.082581 3.324970 0.101264
v 0.059920 3.324970 0.119861
v 0.034066 3.324970 0.133681
v 0.006013 3.324970 0.142190
v -0.023162 3.324970 0.145064
v -0.052336 3.324970 0.142190
v -0.080389 3.324970 0.133681
v -0.106243 3.324970 0.119861
v -0.128904 3.324970 0.101264
v -0.147501 3.324970 0.078603
v -0.161321 3.324970 0.052749
v -0.169830 3.324970 0.024696
v -0.172704 3.324970 -0.004479
v -0.169830 3.324970 -0.033653
v -0.161321 3.324970 -0.061706
v -0.147501 3.324970 -0.087560
v -0.128904 3.324970 -0.110221
v -0.106243 3.324970 -0.128818
v -0.080389 3.324970 -0.142638
v -0.052336 3.324970 -0.151147
v 0.022864 1.996657 0.041547
v 0.022864 2.025302 0.041547
v 0.022864 2.053947 0.041547
v 0.022864 2.082593 0.041547
v 0.022864 2.111238 0.041547
v 0.022864 2.139884 0.041547
v 0.022864 2.168529 0.041547
v 0.022864 2.197174 0.041547
v 0.022864 2.225819 0.041547
v 0.022864 2.254464 0.041547
v 0.022864 2.283110 0.041547
v -0.083297 1.996657 -0.029388
v -0.083297 2.025302 -0.029388
v -0.083297 2.053947 -0.029388
v -0.083297 2.082593 -0.029388
v -0.083297 2.111238 -0.029388
v -0.083297 2.139884 -0.029388
v -0.083297 2.168529 -0.029388
v -0.083297 2.197174 -0.029388
v -0.083297 2.225819 -0.029388
v -0.083297 2.254464 -0.029388
v -0.083297 2.283110 -0.029388
v 0.013001 1.996657 0.049642
v 0.013001 2.025302 0.049642
v 0.013001 2.053947 0.049642
v 0.013001 2.082593 0.049642
v 0.013001 2.111238 0.049642
v 0.013001 2.139884 0.049642
v 0.013001 2.168529 0.049642
v 0.013001 2.197174 0.049642
v 0.013001 2.225819 0.049642
v 0.013001 2.254464 0.049642
v 0.013001 2.283110 0.049642
v -0.077282 1.996657 -0.040641
v -0.077282 2.025302 -0.040641
v -0.077282 2.053947 -0.040641
v -0.077282 2.082593 -0.040641
v -0.077282 2.111238 -0.040641
v -0.077282 2.139884 -0.040641
v -0.077282 2.168529 -0.040641
v -0.077282 2.197174 -0.040641
v -0.077282 2.225819 -0.040641
v -0.077282 2.254464 -0.040641
v -0.077282 2.283110 -0.040641
v 0.001747 1.996657 0.055657
v 0.001747 2.025302 0.055657
v 0.001747 2.053947 0.055657
v 0.001747 2.082593 0.055657
v 0.001747 2.111238 0.055657
v 0.001747 2.139884 0.055657
v 0.001747 2.168529 0.055657
v 0.001747 2.197174 0.055657
v 0.001747 2.225819 0.055657
v 0.001747 2.254464 0.055657
v 0.001747 2.283110 0.055657
v -0.010463 1.996657 -0.068318
v -0.010463 2.025302 -0.068318
v -0.010463 2.053947 -0.068318
v -0.010463 2.082593 -0.068318
v -0.010463 2.111238 -0.068318
v -0.010463 2.139884 -0.068318
v -0.010463 2.168529 -0.068318
v -0.010463 2.197174 -0.068318
v -0.010463 2.225819 -0.068318
v -0.010463 2.254464 -0.068318
v -0.010463 2.283110 -0.068318
v -0.069188 1.996657 -0.050504
v -0.069188 2.025302 -0.050504
v -0.069188 2.053947 -0.050504
v -0.069188 2.082593 -0.050504
v -0.069188 2.111238 -0.050504
v -0.069188 2.139884 -0.050504
v -0.069188 2.168529 -0.050504
v -0.069188 2.197174 -0.050504
v -0.069188 2.225819 -0.050504
v -0.069188 2.254464 -0.050504
v -0.069188 2.283110 -0.050504
v -0.010463 1.996657 0.059361
v -0.010463 2.025302 0.059361
v -0.010463 2.053947 0.059361
v -0.010463 2.082593 0.059361
v -0.010463 2.111238 0.059361
v -0.010463 2.139884 0.059361
v -0.010463 2.168529 0.059361
v -0.010463 2.197174 0.059361
v -0.010463 2.225819 0.059361
v -0.010463 2.254464 0.059361
v -0.010463 2.283110 0.059361
v 0.001747 1.996657 -0.064614
v 0.001747 2.025302 -0.064614
v 0.001747 2.053947 -0.064614
v 0.001747 2.082593 -0.064614
v 0.001747 2.111238 -0.064614
v 0.001747 2.139884 -0.064614
v 0.001747 2.168529 -0.064614
v 0.001747 2.197174 -0.064614
v 0.001747 2.225819 -0.064614
v 0.001747 2.254464 -0.064614
v 0.001747 2.283110 -0.064614
v -0.059324 1.996657 -0.058599
v -0.059324 2.025302 -0.058599
v -0.059324 2.053947 -0.058599
v -0.059324 2.082593 -0.058599
v -0.059324 2.111238 -0.058599
v -0.059324 2.139884 -0.058599
v -0.059324 2.168529 -0.058599
v -0.059324 2.197174 -0.058599
v -0.059324 2.225819 -0.058599
v -0.059324 2.254464 -0.058599
v -0.059324 2.283110 -0.058599
v -0.023162 1.996657 0.060612
v -0.023162 2.025302 0.060612
v -0.023162 2.053947 0.060612
v -0.023162 2.082593 0.060612
v -0.023162 2.111238 0.060612
v -0.023162 2.139884 0.060612
v -0.023162 2.168529 0.060612
v -0.023162 2.197174 0.060612
v -0.023162 2.225819 0.060612
v -0.023162 2.254464 0.060612
v -0.023162 2.283110 0.060612
v 0.013001 1.996657 -0.058599
v 0.013001 2.025302 -0.058599
v 0.013001 2.053947 -0.058599
v 0.013001 2.082593 -0.058599
v 0.013001 2.111238 -0.058599
v 0.013001 2.139884 -0.058599
v 0.013001 2.168529 -0.058599
v 0.013001 2.197174 -0.058599
v 0.013001 2.225819 -0.058599
v 0.013001 2.254464 -0.058599
v 0.013001 2.283110 -0.058599
v -0.048071 1.996657 -0.064614
v -0.048071 2.025302 -0.064614
v -0.048071 2.053947 -0.064614
v -0.048071 2.082593 -0.064614
v -0.048071 2.111238 -0.064614
v -0.048071 2.139884 -0.064614
v -0.048071 2.168529 -0.064614
v -0.048071 2.197174 -0.064614
v -0.048071 2.225819 -0.064614
v -0.048071 2.254464 -0.064614
v -0.048071 2.283110 -0.064614
v -0.035860 1.996657 0.059361
v -0.035860 2.025302 0.059361
v -0.035860 2.053947 0.059361
v -0.035860 2.082593 0.059361
v -0.035860 2.111238 0.059361
v -0.035860 2.139884 0.059361
v -0.035860 2.168529 0.059361
v -0.035860 2.197174 0.059361
v -0.035860 2.225819 0.059361
v -0.035860 2.254464 0.059361
v -0.035860 2.283110 0.059361
v 0.022864 1.996657 -0.050504
v 0.022864 2.025302 -0.050504
v 0.022864 2.053947 -0.050504
v 0.022864 2.082593 -0.050504
v 0.022864 2.111238 -0.050504
v 0.022864 2.139884 -0.050504
v 0.022864 2.168529 -0.050504
v 0.022864 2.197174 -0.050504
v 0.022864 2.225819 -0.050504
v 0.022864 2.254464 -0.050504
v 0.022864 2.283110 -0.050504
v -0.035860 1.996657 -0.068318
v -0.035860 2.025302 -0.068318
v -0.035860 2.053947 -0.068318
v -0.035860 2.082593 -0.068318
v -0.035860 2.111238 -0.068318
v -0.035860 2.139884 -0.068318
v -0.035860 2.168529 -0.068318
v -0.035860 2.197174 -0.068318
v -0.035860 2.225819 -0.068318
v -0.035860 2.254464 -0.068318
v -0.035860 2.283110 -0.068318
v -0.048071 1.996657 0.055657
v -0.048071 2.025302 0.055657
v -0.048071 2.053947 0.055657
v -0.048071 2.082593 0.055657
v -0.048071 2.111238 0.055657
v -0.048071 2.139884 0.055657
v -0.048071 2.168529 0.055657
v -0.048071 2.197174 0.055657
v -0.048071 2.225819 0.055657
v -0.048071 2.254464 0.055657
v -0.048071 2.283110 0.055657
v 0.030959 1.996657 -0.040641
v 0.030959 2.025302 -0.040641
v 0.030959 2.053947 -0.040641
v 0.030959 2.082593 -0.040641
v 0.030959 2.111238 -0.040641
v 0.030959 2.139884 -0.040641
v 0.030959 2.168529 -0.040641
v 0.030959 2.197174 -0.040641
v 0.030959 2.225819 -0.040641
v 0.030959 2.254464 -0.040641
v 0.030959 2.283110 -0.040641
v -0.059324 1.996657 0.049642
v -0.059324 2.025302 0.049642
v -0.059324 2.053947 0.049642
v -0.059324 2.082593 0.049642
v -0.059324 2.111238 0.049642
v -0.059324 2.139884 0.049642
v -0.059324 2.168529 0.049642
v -0.059324 2.197174 0.049642
v -0.059324 2.225819 0.049642
v -0.059324 2.254464 0.049642
v -0.059324 2.283110 0.049642
v 0.036974 1.996657 -0.029388
v 0.036974 2.025302 -0.029388
v 0.036974 2.053947 -0.029388
v 0.036974 2.082593 -0.029388
v 0.036974 2.111238 -0.029388
v 0.036974 2.139884 -0.029388
v 0.036974 2.168529 -0.029388
v 0.036974 2.197174 -0.029388
v 0.036974 2.225819 -0.029388
v 0.036974 2.254464 -0.029388
v 0.036974 2.283110 -0.029388
v -0.069188 1.996657 0.041547
v -0.069188 2.025302 0.041547
v -0.069188 2.053947 0.041547
v -0.069188 2.082593 0.041547
v -0.069188 2.111238 0.041547
v -0.069188 2.139884 0.041547
v -0.069188 2.168529 0.041547
v -0.069188 2.197174 0.041547
v -0.069188 2.225819 0.041547
v -0.069188 2.254464 0.041547
v -0.069188 2.283110 0.041547
v 0.040678 1.996657 -0.017177
v 0.040678 2.025302 -0.017177
v 0.040678 2.053947 -0.017177
v 0.040678 2.082593 -0.017177
v 0.040678 2.111238 -0.017177
v 0.040678 2.139884 -0.017177
v 0.040678 2.168529 -0.017177
v 0.040678 2.197174 -0.017177
v 0.040678 2.225819 -0.017177
v 0.040678 2.254464 -0.017177
v 0.040678 2.283110 -0.017177
v -0.077282 1.996657 0.031684
v -0.077282 2.025302 0.031684
v -0.077282 2.053947 0.031684
v -0.077282 2.082593 0.031684
v -0.077282 2.111238 0.031684
v -0.077282 2.139884 0.031684
v -0.077282 2.168529 0.031684
v -0.077282 2.197174 0.031684
v -0.077282 2.225819 0.031684
v -0.077282 2.254464 0.031684
v -0.077282 2.283110 0.031684
v 0.041929 1.996657 -0.004479
v 0.041929 2.025302 -0.004479
v 0.041929 2.053947 -0.004479
v 0.041929 2.082593 -0.004479
v 0.041929 2.111238 -0.004479
v 0.041929 2.139884 -0.004479
v 0.041929 2.168529 -0.004479
v 0.041929 2.197174 -0.004479
v 0.041929 2.225819 -0.004479
v 0.041929 2.254464 -0.004479
v 0.041929 2.283110 -0.004479
v -0.083297 1.996657 0.020430
v -0.083297 2.025302 0.020430
v -0.083297 2.053947 0.020430
v -0.083297 2.082593 0.020430
v -0.083297 2.111238 0.020430
v -0.083297 2.139884 0.020430
v -0.083297 2.168529 0.020430
v -0.083297 2.197174 0.020430
v -0.083297 2.225819 0.020430
v -0.083297 2.254464 0.020430
v -0.083297 2.283110 0.020430
v 0.040678 1.996657 0.008220
v 0.040678 2.025302 0.008220
v 0.040678 2.053947 0.008220
v 0.040678 2.082593 0.008220
v 0.040678 2.111238 0.008220
v 0.040678 2.139884 0.008220
v 0.040678 2.168529 0.008220
v 0.040678 2.197174 0.008220
v 0.040678 2.225819 0.008220
v 0.040678 2.254464 0.008220
v 0.040678 2.283110 0.008220
v -0.087001 1.996657 0.008220
v -0.087001 2.025302 0.008220
v -0.087001 2.053947 0.008220
v -0.087001 2.082593 0.008220
v -0.087001 2.111238 0.008220
v -0.087001 2.139884 0.008220
v -0.087001 2.168529 0.008220
v -0.087001 2.197174 0.008220
v -0.087001 2.225819 0.008220
v -0.087001 2.254464 0.008220
v -0.087001 2.283110 0.008220
v 0.036974 1.996657 0.020430
v 0.036974 2.025302 0.020430
v 0.036974 2.053947 0.020430
v 0.036974 2.082593 0.020430
v 0.036974 2.111238 0.020430
v 0.036974 2.139884 0.020430
v 0.036974 2.168529 0.020430
v 0.036974 2.197174 0.020430
v 0.036974 2.225819 0.020430
v 0.036974 2.254464 0.020430
v 0.036974 2.283110 0.020430
v -0.088252 1.996657 -0.004479
v -0.088252 2.025302 -0.004479
v -0.088252 2.053947 -0.004479
v -0.088252 2.082593 -0.004479
v -0.088252 2.111238 -0.004479
v -0.088252 2.139884 -0.004479
v -0.088252 2.168529 -0.004479
v -0.088252 2.197174 -0.004479
v -0.088252 2.225819 -0.004479
v -0.088252 2.254464 -0.004479
v -0.088252 2.283110 -0.004479
v 0.030959 2.283110 0.031684
v 0.030959 2.254465 0.031684
v 0.030959 2.225819 0.031684
v 0.030959 2.197174 0.031684
v 0.030959 2.168529 0.031684
v 0.030959 2.139884 0.031684
v 0.030959 2.111238 0.031684
v 0.030959 2.082593 0.031684
v 0.030959 2.053947 0.031684
v 0.030959 2.025302 0.031684
v 0.030959 1.996657 0.031684
v -0.087001 2.283110 -0.017177
v -0.087001 2.254465 -0.017177
v -0.087001 2.225819 -0.017177
v -0.087001 2.197174 -0.017177
v -0.087001 2.168529 -0.017177
v -0.087001 2.139884 -0.017177
v -0.087001 2.111238 -0.017177
v -0.087001 2.082593 -0.017177
v -0.087001 2.053947 -0.017177
v -0.087001 2.025302 -0.017177
v -0.087001 1.996657 -0.017177
v -0.023162 2.283110 -0.069569
v -0.023162 2.254465 -0.069569
v -0.023162 2.225819 -0.069569
v -0.023162 2.197174 -0.069569
v -0.023162 2.168529 -0.069569
v -0.023162 2.139884 -0.069569
v -0.023162 2.111238 -0.069569
v -0.023162 2.082593 -0.069569
v -0.023162 2.053947 -0.069569
v -0.023162 2.025302 -0.069569
v -0.023162 1.996657 -0.069569
v 0.030822 1.996657 0.049505
v 0.030822 2.025302 0.049505
v 0.030822 2.053947 0.049505
v 0.030822 2.082593 0.049505
v 0.030822 2.111238 0.049505
v 0.030822 2.139884 0.049505
v 0.030822 2.168529 0.049505
v 0.030822 2.197174 0.049505
v 0.030822 2.225819 0.049505
v 0.030822 2.254464 0.049505
v 0.030822 2.283110 0.049505
v -0.093695 1.996657 -0.033694
v -0.093695 2.025302 -0.033694
v -0.093695 2.053947 -0.033694
v -0.093695 2.082593 -0.033694
v -0.093695 2.111238 -0.033694
v -0.093695 2.139884 -0.033694
v -0.093695 2.168529 -0.033694
v -0.093695 2.197174 -0.033694
v -0.093695 2.225819 -0.033694
v -0.093695 2.254464 -0.033694
v -0.093695 2.283110 -0.033694
v 0.019253 1.996657 0.059000
v 0.019253 2.025302 0.059000
v 0.019253 2.053947 0.059000
v 0.019253 2.082593 0.059000
v 0.019253 2.111238 0.059000
v 0.019253 2.139884 0.059000
v 0.019253 2.168529 0.059000
v 0.019253 2.197174 0.059000
v 0.019253 2.225819 0.059000
v 0.019253 2.254464 0.059000
v 0.019253 2.283110 0.059000
v -0.086640 1.996657 -0.046893
v -0.086640 2.025302 -0.046893
v -0.086640 2.053947 -0.046893
v -0.086640 2.082593 -0.046893
v -0.086640 2.111238 -0.046893
v -0.086640 2.139884 -0.046893
v -0.086640 2.168529 -0.046893
v -0.086640 2.197174 -0.046893
v -0.086640 2.225819 -0.046893
v -0.086640 2.254464 -0.046893
v -0.086640 2.283110 -0.046893
v 0.006054 1.996657 0.066055
v 0.006054 2.025302 0.066055
v 0.006054 2.053947 0.066055
v 0.006054 2.082593 0.066055
v 0.006054 2.111238 0.066055
v 0.006054 2.139884 0.066055
v 0.006054 2.168529 0.066055
v 0.006054 2.197174 0.066055
v 0.006054 2.225819 0.066055
v 0.006054 2.254464 0.066055
v 0.006054 2.283110 0.066055
v -0.008268 1.996657 -0.079356
v -0.008268 2.025302 -0.079356
v -0.008268 2.053947 -0.079356
v -0.008268 2.082593 -0.079356
v -0.008268 2.111238 -0.079356
v -0.008268 2.139884 -0.079356
v -0.008268 2.168529 -0.079356
v -0.008268 2.197174 -0.079356
v -0.008268 2.225819 -0.079356
v -0.008268 2.254464 -0.079356
v -0.008268 2.283110 -0.079356
v -0.077145 1.996657 -0.058462
v -0.077145 2.025302 -0.058462
v -0.077145 2.053947 -0.058462
v -0.077145 2.082593 -0.058462
v -0.077145 2.111238 -0.058462
v -0.077145 2.139884 -0.058462
v -0.077145 2.168529 -0.058462
v -0.077145 2.197174 -0.058462
v -0.077145 2.225819 -0.058462
v -0.077145 2.254464 -0.058462
v -0.077145 2.283110 -0.058462
v -0.008268 1.996657 0.070399
v -0.008268 2.025302 0.070399
v -0.008268 2.053947 0.070399
v -0.008268 2.082593 0.070399
v -0.008268 2.111238 0.070399
v -0.008268 2.139884 0.070399
v -0.008268 2.168529 0.070399
v -0.008268 2.197174 0.070399
v -0.008268 2.225819 0.070399
v -0.008268 2.254464 0.070399
v -0.008268 2.283110 0.070399
v 0.006054 1.996657 -0.075012
v 0.006054 2.025302 -0.075012
v 0.006054 2.053947 -0.075012
v 0.006054 2.082593 -0.075012
v 0.006054 2.111238 -0.075012
v 0.006054 2.139884 -0.075012
v 0.006054 2.168529 -0.075012
v 0.006054 2.197174 -0.075012
v 0.006054 2.225819 -0.075012
v 0.006054 2.254464 -0.075012
v 0.006054 2.283110 -0.075012
v -0.065576 1.996657 -0.067957
v -0.065576 2.025302 -0.067957
v -0.065576 2.053947 -0.067957
v -0.065576 2.082593 -0.067957
v -0.065576 2.111238 -0.067957
v -0.065576 2.139884 -0.067957
v -0.065576 2.168529 -0.067957
v -0.065576 2.197174 -0.067957
v -0.065576 2.225819 -0.067957
v -0.065576 2.254464 -0.067957
v -0.065576 2.283110 -0.067957
v -0.023162 1.996657 0.071866
v -0.023162 2.025302 0.071866
v -0.023162 2.053947 0.071866
v -0.023162 2.082593 0.071866
v -0.023162 2.111238 0.071866
v -0.023162 2.139884 0.071866
v -0.023162 2.168529 0.071866
v -0.023162 2.197174 0.071866
v -0.023162 2.225819 0.071866
v -0.023162 2.254464 0.071866
v -0.023162 2.283110 0.071866
v 0.019253 1.996657 -0.067957
v 0.019253 2.025302 -0.067957
v 0.019253 2.053947 -0.067957
v 0.019253 2.082593 -0.067957
v 0.019253 2.111238 -0.067957
v 0.019253 2.139884 -0.067957
v 0.019253 2.168529 -0.067957
v 0.019253 2.197174 -0.067957
v 0.019253 2.225819 -0.067957
v 0.019253 2.254464 -0.067957
v 0.019253 2.283110 -0.067957
v -0.052377 1.996657 -0.075012
v -0.052377 2.025302 -0.075012
v -0.052377 2.053947 -0.075012
v -0.052377 2.082593 -0.075012
v -0.052377 2.111238 -0.075012
v -0.052377 2.139884 -0.075012
v -0.052377 2.168529 -0.075012
v -0.052377 2.197174 -0.075012
v -0.052377 2.225819 -0.075012
v -0.052377 2.254464 -0.075012
v -0.052377 2.283110 -0.075012
v -0.038056 1.996657 0.070399
v -0.038056 2.025302 0.070399
v -0.038056 2.053947 0.070399
v -0.038056 2.082593 0.070399
v -0.038056 2.111238 0.070399
v -0.038056 2.139884 0.070399
v -0.038056 2.168529 0.070399
v -0.038056 2.197174 0.070399
v -0.038056 2.225819 0.070399
v -0.038056 2.254464 0.070399
v -0.038056 2.283110 0.070399
v 0.030822 1.996657 -0.058462
v 0.030822 2.025302 -0.058462
v 0.030822 2.053947 -0.058462
v 0.030822 2.082593 -0.058462
v 0.030822 2.111238 -0.058462
v 0.030822 2.139884 -0.058462
v 0.030822 2.168529 -0.058462
v 0.030822 2.197174 -0.058462
v 0.030822 2.225819 -0.058462
v 0.030822 2.254464 -0.058462
v 0.030822 2.283110 -0.058462
v -0.038056 1.996657 -0.079356
v -0.038056 2.025302 -0.079356
v -0.038056 2.053947 -0.079356
v -0.038056 2.082593 -0.079356
v -0.038056 2.111238 -0.079356
v -0.038056 2.139884 -0.079356
v -0.038056 2.168529 -0.079356
v -0.038056 2.197174 -0.079356
v -0.038056 2.225819 -0.079356
v -0.038056 2.254464 -0.079356
v -0.038056 2.283110 -0.079356
v -0.052377 1.996657 0.066055
v -0.052377 2.025302 0.066055
v -0.052377 2.053947 0.066055
v -0.052377 2.082593 0.066055
v -0.052377 2.111238 0.066055
v -0.052377 2.139884 0.066055
v -0.052377 2.168529 0.066055
v -0.052377 2.197174 0.066055
v -0.052377 2.225819 0.066055
v -0.052377 2.254464 0.066055
v -0.052377 2.283110 0.066055
v 0.040316 1.996657 -0.046893
v 0.040316 2.025302 -0.046893
v 0.040316 2.053947 -0.046893
v 0.040316 2.082593 -0.046893
v 0.040316 2.111238 -0.046893
v 0.040316 2.139884 -0.046893
v 0.040316 2.168529 -0.046893
v 0.040316 2.197174 -0.046893
v 0.040316 2.225819 -0.046893
v 0.040316 2.254464 -0.046893
v 0.040316 2.283110 -0.046893
v -0.065576 1.996657 0.059000
v -0.065576 2.025302 0.059000
v -0.065576 2.053947 0.059000
v -0.065576 2.082593 0.059000
v -0.065576 2.111238 0.059000
v -0.065576 2.139884 0.059000
v -0.065576 2.168529 0.059000
v -0.065576 2.197174 0.059000
v -0.065576 2.225819 0.059000
v -0.065576 2.254464 0.059000
v -0.065576 2.283110 0.059000
v 0.047371 1.996657 -0.033694
v 0.047371 2.025302 -0.033694
v 0.047371 2.053947 -0.033694
v 0.047371 2.082593 -0.033694
v 0.047371 2.111238 -0.033694
v 0.047371 2.139884 -0.033694
v 0.047371 2.168529 -0.033694
v 0.047371 2.197174 -0.033694
v 0.047371 2.225819 -0.033694
v 0.047371 2.254464 -0.033694
v 0.047371 2.283110 -0.033694
v -0.077145 1.996657 0.049505
v -0.077145 2.025302 0.049505
v -0.077145 2.053947 0.049505
v -0.077145 2.082593 0.049505
v -0.077145 2.111238 0.049505
v -0.077145 2.139884 0.049505
v -0.077145 2.168529 0.049505
v -0.077145 2.197174 0.049505
v -0.077145 2.225819 0.049505
v -0.077145 2.254464 0.049505
v -0.077145 2.283110 0.049505
v 0.051716 1.996657 -0.019373
v 0.051716 2.025302 -0.019373
v 0.051716 2.053947 -0.019373
v 0.051716 2.082593 -0.019373
v 0.051716 2.111238 -0.019373
v 0.051716 2.139884 -0.019373
v 0.051716 2.168529 -0.019373
v 0.051716 2.197174 -0.019373
v 0.051716 2.225819 -0.019373
v 0.051716 2.254464 -0.019373
v 0.051716 2.283110 -0.019373
v -0.086640 1.996657 0.037936
v -0.086640 2.025302 0.037936
v -0.086640 2.053947 0.037936
v -0.086640 2.082593 0.037936
v -0.086640 2.111238 0.037936
v -0.086640 2.139884 0.037936
v -0.086640 2.168529 0.037936
v -0.086640 2.197174 0.037936
v -0.086640 2.225819 0.037936
v -0.086640 2.254464 0.037936
v -0.086640 2.283110 0.037936
v 0.053183 1.996657 -0.004479
v 0.053183 2.025302 -0.004479
v 0.053183 2.053947 -0.004479
v 0.053183 2.082593 -0.004479
v 0.053183 2.111238 -0.004479
v 0.053183 2.139884 -0.004479
v 0.053183 2.168529 -0.004479
v 0.053183 2.197174 -0.004479
v 0.053183 2.225819 -0.004479
v 0.053183 2.254464 -0.004479
v 0.053183 2.283110 -0.004479
v -0.093695 1.996657 0.024737
v -0.093695 2.025302 0.024737
v -0.093695 2.053947 0.024737
v -0.093695 2.082593 0.024737
v -0.093695 2.111238 0.024737
v -0.093695 2.139884 0.024737
v -0.093695 2.168529 0.024737
v -0.093695 2.197174 0.024737
v -0.093695 2.225819 0.024737
v -0.093695 2.254464 0.024737
v -0.093695 2.283110 0.024737
v 0.051716 1.996657 0.010416
v 0.051716 2.025302 0.010416
v 0.051716 2.053947 0.010416
v 0.051716 2.082593 0.010416
v 0.051716 2.111238 0.010416
v 0.051716 2.139884 0.010416
v 0.051716 2.168529 0.010416
v 0.051716 2.197174 0.010416
v 0.051716 2.225819 0.010416
v 0.051716 2.254464 0.010416
v 0.051716 2.283110 0.010416
v -0.098039 1.996657 0.010416
v -0.098039 2.025302 0.010416
v -0.098039 2.053947 0.010416
v -0.098039 2.082593 0.010416
v -0.098039 2.111238 0.010416
v -0.098039 2.139884 0.010416
v -0.098039 2.168529 0.010416
v -0.098039 2.197174 0.010416
v -0.098039 2.225819 0.010416
v -0.098039 2.254464 0.010416
v -0.098039 2.283110 0.010416
v 0.047371 1.996657 0.024737
v 0.047371 2.025302 0.024737
v 0.047371 2.053947 0.024737
v 0.047371 2.082593 0.024737
v 0.047371 2.111238 0.024737
v 0.047371 2.139884 0.024737
v 0.047371 2.168529 0.024737
v 0.047371 2.197174 0.024737
v 0.047371 2.225819 0.024737
v 0.047371 2.254464 0.024737
v 0.047371 2.283110 0.024737
v -0.099506 1.996657 -0.004479
v -0.099506 2.025302 -0.004479
v -0.099506 2.053947 -0.004479
v -0.099506 2.082593 -0.004479
v -0.099506 2.111238 -0.004479
v -0.099506 2.139884 -0.004479
v -0.099506 2.168529 -0.004479
v -0.099506 2.197174 -0.004479
v -0.099506 2.225819 -0.004479
v -0.099506 2.254464 -0.004479
v -0.099506 2.283110 -0.004479
v 0.040316 2.283110 0.037936
v 0.040316 2.254465 0.037936
v 0.040316 2.225819 0.037936
v 0.040316 2.197174 0.037936
v 0.040316 2.168529 0.037936
v 0.040316 2.139884 0.037936
v 0.040316 2.111238 0.037936
v 0.040316 2.082593 0.037936
v 0.040316 2.053947 0.037936
v 0.040316 2.025302 0.037936
v 0.040316 1.996657 0.037936
v -0.098039 2.283110 -0.019373
v -0.098039 2.254465 -0.019373
v -0.098039 2.225819 -0.019373
v -0.098039 2.197174 -0.019373
v -0.098039 2.168529 -0.019373
v -0.098039 2.139884 -0.019373
v -0.098039 2.111238 -0.019373
v -0.098039 2.082593 -0.019373
v -0.098039 2.053947 -0.019373
v -0.098039 2.025302 -0.019373
v -0.098039 1.996657 -0.019373
v -0.023162 2.283110 -0.080823
v -0.023162 2.254465 -0.080823
v -0.023162 2.225819 -0.080823
v -0.023162 2.197174 -0.080823
v -0.023162 2.168529 -0.080823
v -0.023162 2.139884 -0.080823
v -0.023162 2.111238 -0.080823
v -0.023162 2.082593 -0.080823
v -0.023162 2.053947 -0.080823
v -0.023162 2.025302 -0.080823
v -0.023162 1.996657 -0.080823
v -0.160038 0.872547 0.343528
v -0.162720 0.872547 0.316302
v -0.162720 0.872547 -0.327650
v -0.160038 0.872547 -0.300424
v -0.160038 0.872547 0.289076
v -0.152096 0.872547 0.262896
v -0.152096 0.872547 -0.274244
v -0.152096 0.872547 0.369709
v -0.160038 0.872547 -0.354877
v -0.121844 0.872547 0.217620
v -0.121844 0.872547 -0.228968
v -0.121844 0.872547 -0.426333
v -0.139200 0.872547 0.238768
v -0.139200 0.872547 -0.250116
v -0.139200 0.872547 -0.405184
v -0.152096 0.872547 -0.381057
v -0.099380 0.872547 -0.004479
v -0.097916 0.872547 -0.019348
v -0.093578 0.872547 0.024689
v -0.086535 0.872547 -0.046823
v -0.097916 0.872547 0.010391
v -0.093578 0.872547 -0.033646
v -0.100696 0.872547 -0.211612
v -0.077056 0.872547 0.049416
v -0.050388 0.872547 -0.190774
v -0.052329 0.872547 -0.074895
v -0.050388 0.872547 0.179426
v -0.052329 0.872547 0.065938
v -0.076568 0.872547 0.187367
v -0.065506 0.872547 0.058895
v -0.065506 0.872547 -0.067852
v -0.076568 0.872547 -0.198716
v -0.086535 0.872547 0.037866
v -0.077056 0.872547 -0.058373
v -0.076568 0.872547 -0.456585
v -0.100696 0.872547 0.200264
v -0.100696 0.872547 -0.443688
v -0.038031 0.872547 0.070275
v -0.038031 0.872547 -0.079233
v -0.008292 0.872547 0.070275
v -0.023162 0.872547 0.071740
v -0.023162 0.872547 0.176744
v -0.023162 0.872547 -0.188092
v -0.023162 0.872547 -0.080697
v -0.008292 0.872547 -0.079233
v 0.004065 0.872547 -0.190774
v 0.006006 0.872547 -0.074895
v 0.019183 0.872547 0.058895
v 0.006006 0.872547 0.065938
v 0.019183 0.872547 -0.067852
v 0.030245 0.872547 -0.198716
v 0.004065 0.872547 -0.464527
v 0.030733 0.872547 0.049416
v -0.023162 0.872547 -0.467208
v 0.040212 0.872547 0.037866
v 0.040212 0.872547 -0.046823
v 0.051592 0.872547 -0.019348
v 0.051592 0.872547 0.010391
v 0.053057 0.872547 -0.004479
v 0.047255 0.872547 0.024689
v 0.047255 0.872547 -0.033646
v 0.054373 0.872547 -0.211612
v 0.075521 0.872547 -0.228968
v 0.092876 0.872547 -0.405184
v 0.092876 0.872547 -0.250116
v 0.075521 0.872547 -0.426333
v 0.116396 0.872547 -0.327650
v 0.113715 0.872547 -0.354877
v 0.105773 0.872547 -0.274244
v 0.113715 0.872547 -0.300424
v 0.105773 0.872547 -0.381057
v 0.054373 0.872547 -0.443688
v 0.030733 0.872547 -0.058373
v 0.030245 0.872547 -0.456585
v -0.050388 0.872547 -0.464527
v -0.121844 0.872547 0.414984
v -0.139200 0.872547 0.393836
v -0.100696 0.872547 0.432340
v -0.076568 0.872547 0.445237
v -0.050388 0.872547 0.453178
v -0.023162 0.872547 0.455860
v 0.030245 0.872547 0.445237
v 0.004065 0.872547 0.453178
v 0.004065 0.872547 0.179426
v 0.054373 0.872547 0.200264
v 0.092876 0.872547 0.393836
v 0.075521 0.872547 0.414984
v 0.075521 0.872547 0.217620
v 0.105773 0.872547 0.262896
v 0.116396 0.872547 0.316302
v 0.113715 0.872547 0.289076
v 0.105773 0.872547 0.369709
v 0.113715 0.872547 0.343528
v 0.054373 0.872547 0.432340
v 0.092876 0.872547 0.238768
v 0.030245 0.872547 0.187367
v -0.023162 2.309775 0.241665
v -0.008601 2.309775 0.243099
v 0.005401 2.309775 0.247346
v 0.018304 2.309775 0.254244
v 0.019815 2.309775 0.255483
v 0.029615 2.309775 0.263526
v 0.038897 2.309775 0.274836
v 0.045794 2.309775 0.287740
v 0.050041 2.309775 0.301741
v 0.051475 2.309775 0.316302
v 0.050041 2.309775 0.330863
v 0.045794 2.309775 0.344864
v 0.038897 2.309775 0.357768
v 0.029615 2.309775 0.369078
v 0.018304 2.309775 0.378360
v 0.005401 2.309775 0.385257
v -0.008601 2.309775 0.389505
v -0.023162 2.309775 0.390939
v -0.037723 2.309775 0.389505
v -0.051724 2.309775 0.385257
v -0.064628 2.309775 0.378360
v -0.075938 2.309775 0.369078
v -0.085220 2.309775 0.357768
v -0.092117 2.309775 0.344864
v -0.096364 2.309775 0.330863
v -0.097799 2.309775 0.316302
v -0.096364 2.309775 0.301741
v -0.092117 2.309775 0.287740
v -0.085220 2.309775 0.274836
v -0.075938 2.309775 0.263526
v -0.066138 2.309775 0.255483
v -0.064628 2.309775 0.254244
v -0.051724 2.309775 0.247346
v -0.037723 2.309775 0.243099
v -0.023219 2.309775 0.241671
v -0.023162 2.309775 -0.402287
v -0.008601 2.309775 -0.400853
v 0.005401 2.309775 -0.396606
v 0.018304 2.309775 -0.389709
v 0.029615 2.309775 -0.380427
v 0.038897 2.309775 -0.369116
v 0.045794 2.309775 -0.356213
v 0.050041 2.309775 -0.342211
v 0.051475 2.309775 -0.327650
v 0.050041 2.309775 -0.313089
v 0.045794 2.309775 -0.299088
v 0.038897 2.309775 -0.286184
v 0.029615 2.309775 -0.274874
v 0.024195 2.309775 -0.270427
v 0.018304 2.309775 -0.265592
v 0.005401 2.309775 -0.258695
v -0.008601 2.309775 -0.254448
v -0.023162 2.309775 -0.253013
v -0.037723 2.309775 -0.254448
v -0.051724 2.309775 -0.258695
v -0.064628 2.309775 -0.265592
v -0.070519 2.309775 -0.270427
v -0.075938 2.309775 -0.274874
v -0.085220 2.309775 -0.286184
v -0.092117 2.309775 -0.299088
v -0.096364 2.309775 -0.313089
v -0.097799 2.309775 -0.327650
v -0.096364 2.309775 -0.342211
v -0.092117 2.309775 -0.356213
v -0.085220 2.309775 -0.369116
v -0.075938 2.309775 -0.380427
v -0.064628 2.309775 -0.389709
v -0.051724 2.309775 -0.396606
v -0.037723 2.309775 -0.400853
v -0.147755 2.782014 0.020305
v -0.150196 2.782014 -0.004479
v 0.094202 2.802897 0.044135
v 0.082463 2.802897 0.066098
v -0.147755 2.782014 -0.029262
v 0.066665 2.802897 0.085348
v -0.140526 2.782014 -0.053092
v 0.047415 2.802897 0.101146
v -0.137035 2.802897 -0.059624
v -0.137035 2.782014 -0.059624
v -0.128787 2.802897 -0.075055
v 0.025452 2.802897 0.112886
v -0.023162 2.802897 -0.131513
v 0.001621 2.802897 -0.129072
v -0.112988 2.802897 -0.094305
v 0.001621 2.802897 0.120114
v 0.025452 2.802897 -0.121843
v -0.093738 2.802897 -0.110103
v -0.023162 2.802897 0.122555
v 0.047415 2.802897 -0.110103
v -0.071775 2.802897 -0.121843
v -0.047945 2.802897 0.120114
v 0.066665 2.802897 -0.094305
v -0.047945 2.802897 -0.129072
v -0.071775 2.802897 0.112886
v 0.082463 2.802897 -0.075055
v -0.093738 2.802897 0.101146
v 0.094202 2.802897 -0.053092
v -0.112988 2.802897 0.085348
v 0.101431 2.802897 -0.029262
v -0.128787 2.802897 0.066098
v 0.103872 2.802897 -0.004479
v -0.137035 2.782014 0.050667
v -0.140526 2.782014 0.044135
v -0.137035 2.802897 0.050667
v 0.101431 2.802897 0.020305
v 0.030822 2.309775 0.049505
v 0.040316 2.309775 0.037936
v -0.093695 2.309775 -0.033694
v -0.098039 2.309775 -0.019373
v 0.019253 2.309775 0.059000
v -0.086640 2.309775 -0.046893
v 0.006054 2.309775 0.066055
v -0.008268 2.309775 -0.079356
v -0.023162 2.309775 -0.080823
v -0.077145 2.309775 -0.058462
v -0.008268 2.309775 0.070399
v 0.006054 2.309775 -0.075012
v -0.065576 2.309775 -0.067957
v -0.022132 2.309775 0.071765
v -0.023162 2.309775 0.071866
v 0.019253 2.309775 -0.067957
v -0.052377 2.309775 -0.075012
v -0.038056 2.309775 0.070399
v 0.030822 2.309775 -0.058462
v -0.038056 2.309775 -0.079356
v -0.052377 2.309775 0.066055
v 0.040316 2.309775 -0.046893
v -0.065576 2.309775 0.059000
v 0.047371 2.309775 -0.033694
v -0.077145 2.309775 0.049505
v 0.051716 2.309775 -0.019373
v -0.086640 2.309775 0.037936
v 0.053183 2.309775 -0.004479
v -0.093695 2.309775 0.024737
v 0.051716 2.309775 0.010416
v -0.098039 2.309775 0.010416
v 0.047371 2.309775 0.024737
v -0.099506 2.309775 -0.004479
vn -1.0000 -0.0000 -0.0000
vn -0.0000 -0.0000 -1.0000
vn 1.0000 -0.0000 -0.0000
vn -0.0000 -0.0000 1.0000
vn -0.0000 -1.0000 -0.0000
vn -0.0000 1.0000 -0.0000
vn -0.0001 1.0000 -0.0000
vn 0.0980 -0.0000 -0.9952
vn 0.2903 -0.0000 -0.9569
vn 0.4714 -0.0000 -0.8819
vn 0.6344 -0.0000 -0.7730
vn 0.7730 -0.0000 -0.6344
vn 0.8819 -0.0000 -0.4714
vn 0.9569 -0.0000 -0.2903
vn 0.9952 -0.0000 -0.0980
vn 0.9952 -0.0000 0.0980
vn 0.9569 -0.0000 0.2903
vn 0.8819 -0.0000 0.4714
vn 0.7730 -0.0000 0.6344
vn 0.6344 -0.0000 0.7730
vn 0.4714 -0.0000 0.8819
vn 0.2903 -0.0000 0.9569
vn 0.0980 -0.0000 0.9952
vn -0.0980 -0.0000 0.9952
vn -0.2903 -0.0000 0.9569
vn -0.4714 -0.0000 0.8819
vn -0.6344 -0.0000 0.7730
vn -0.7730 -0.0000 0.6344
vn -0.8819 -0.0000 0.4714
vn -0.9569 -0.0000 0.2903
vn -0.9952 -0.0000 0.0980
vn -0.9952 -0.0000 -0.0980
vn -0.9569 -0.0000 -0.2903
vn -0.8819 -0.0000 -0.4714
vn -0.7730 -0.0000 -0.6344
vn -0.6344 -0.0000 -0.7730
vn -0.4714 -0.0000 -0.8819
vn -0.2903 -0.0000 -0.9569
vn -0.0981 -0.0000 -0.9952
vn -0.0980 -0.0000 -0.9952
vn -0.0001 -1.0000 -0.0000
vn 0.0001 -1.0000 -0.0000
vn -0.0051 -1.0000 -0.0000
vn 0.0001 1.0000 -0.0000
vn -0.0002 -1.0000 -0.0000
vn 0.0002 -1.0000 -0.0000
vn -0.0003 -1.0000 -0.0000
vn 0.0003 -1.0000 -0.0000
vt 0.625000 0.000000
vt 0.375000 0.250000
vt 0.375000 0.000000
vt 0.625000 0.250000
vt 0.375000 0.500000
vt 0.625000 0.500000
vt 0.375000 0.750000
vt 0.625000 0.750000
vt 0.375000 1.000000
vt 0.125000 0.750000
vt 0.125000 0.500000
vt 0.663144 0.539636
vt 0.663144 0.710364
vt 0.836856 0.539636
vt 0.875000 0.750000
vt 0.836856 0.710364
vt 0.875000 0.500000
vt 0.806980 0.660326
vt 0.806618 0.623432
vt 0.806980 0.586108
vt 0.747234 0.681235
vt 0.747234 0.565198
vt 1.000000 0.500000
vt 0.968750 0.998017
vt 0.968750 0.500000
vt 0.937500 0.998017
vt 0.937500 0.500000
vt 0.906250 0.998017
vt 0.906250 0.500000
vt 0.902076 0.998017
vt 0.875000 0.998017
vt 0.843750 0.500000
vt 0.843750 0.998017
vt 0.812500 0.500000
vt 0.812500 0.998017
vt 0.781250 0.500000
vt 0.781250 0.998017
vt 0.750000 0.500000
vt 0.750000 0.998017
vt 0.718750 0.500000
vt 0.718750 0.998017
vt 0.687500 0.500000
vt 0.687500 0.998017
vt 0.656250 0.500000
vt 0.656250 0.998017
vt 0.625000 0.998017
vt 0.593750 0.500000
vt 0.593750 0.998017
vt 0.562500 0.500000
vt 0.562500 0.998017
vt 0.531250 0.500000
vt 0.531250 0.998017
vt 0.500000 0.500000
vt 0.500000 0.998017
vt 0.468750 0.500000
vt 0.468750 0.998017
vt 0.437500 0.500000
vt 0.437500 0.998017
vt 0.406250 0.500000
vt 0.406250 0.998017
vt 0.375000 0.998017
vt 0.343750 0.998017
vt 0.343750 0.500000
vt 0.312500 0.998017
vt 0.312500 0.500000
vt 0.281250 0.998017
vt 0.281250 0.500000
vt 0.250000 0.998017
vt 0.250000 0.500000
vt 0.218750 0.998017
vt 0.218750 0.500000
vt 0.187500 0.998017
vt 0.187500 0.500000
vt 0.156250 0.998017
vt 0.156250 0.500000
vt 0.125000 0.998017
vt 0.097924 0.998017
vt 0.093750 0.998017
vt 0.093750 0.500000
vt 0.062500 0.998017
vt 0.062500 0.500000
vt 0.031250 0.998017
vt 0.031250 0.500000
vt 0.000124 0.998017
vt 0.000000 0.998017
vt 0.000000 0.500000
vt 0.843750 0.500000
vt 0.718750 0.500000
vt 0.593750 0.500000
vt 0.968750 0.500000
vt 0.610026 0.998017
vt 0.389973 0.998017
vt 0.485388 0.296822
vt 0.471731 0.341844
vt 0.419706 0.080294
vt 0.449553 0.116663
vt 0.419706 0.080294
vt 0.028269 0.341844
vt 0.014612 0.296822
vt 0.028269 0.341844
vt 0.383337 0.050447
vt 0.383337 0.050447
vt 0.050447 0.383337
vt 0.050447 0.383337
vt 0.341844 0.028269
vt 0.296822 0.485388
vt 0.250000 0.490000
vt 0.296822 0.485389
vt 0.080294 0.419706
vt 0.296822 0.014612
vt 0.341844 0.471731
vt 0.116663 0.449553
vt 0.250000 0.010000
vt 0.383337 0.449553
vt 0.383337 0.449553
vt 0.158156 0.471731
vt 0.158156 0.471731
vt 0.203178 0.014612
vt 0.419706 0.419706
vt 0.203178 0.485388
vt 0.203178 0.485388
vt 0.158156 0.028269
vt 0.158156 0.028269
vt 0.449553 0.383337
vt 0.449553 0.383337
vt 0.116663 0.050447
vt 0.080294 0.080294
vt 0.050447 0.116663
vt 0.490000 0.250000
vt 0.490000 0.250000
vt 0.028269 0.158156
vt 0.028269 0.158156
vt 0.485388 0.203178
vt 0.014612 0.203178
vt 0.471731 0.158156
vt 0.471731 0.158156
vt 0.010000 0.250000
vt 0.010000 0.250000
vt 0.471731 0.158156
vt 0.449553 0.116663
vt 0.014612 0.296822
vt 0.250000 0.490000
vt 0.028269 0.341844
vt 0.341844 0.028269
vt 0.341844 0.471731
vt 0.203178 0.014612
vt 0.419706 0.419706
vt 0.158156 0.028269
vt 0.485388 0.296822
vt 0.050447 0.116663
vt 0.014612 0.296822
vt 0.419706 0.080294
vt 0.449553 0.116663
vt 0.014612 0.296822
vt 0.014612 0.296822
vt 0.485388 0.296822
vt 0.010000 0.250000
vt 0.010000 0.250000
vt 0.014612 0.296822
vt 0.010000 0.250000
vt 0.014612 0.296822
vt 0.010000 0.250000
vt 0.419706 0.080294
vt 0.449553 0.116663
vt 0.014612 0.296822
vt 0.010000 0.250000
vt 0.014612 0.296822
vt 0.383337 0.449553
vt 0.014612 0.296822
vt 0.485388 0.296822
vt 0.014612 0.296822
vt 0.010000 0.250000
vt 0.010000 0.250000
vt 0.010000 0.250000
vt 0.485388 0.296822
vt 0.490000 0.250000
vt 0.449553 0.116663
vt 0.485388 0.296822
vt 0.158156 0.471731
vt 0.471731 0.158156
vt 0.449553 0.116663
vt 0.449553 0.116663
vt 0.449553 0.116663
vt 0.449553 0.116663
vt 0.471731 0.158156
vt 0.203178 0.485388
vt 0.158156 0.471731
vt 0.449553 0.116663
vt 0.419706 0.080294
vt 0.449553 0.116663
vt 0.471731 0.158156
vt 0.471731 0.158156
vt 0.419706 0.080294
vt 0.471731 0.158156
vt 0.203178 0.485388
vt 0.449553 0.116663
vt 0.419706 0.080294
vt 0.449553 0.116663
vt 0.471731 0.158156
vt 0.449553 0.116663
vt 0.471731 0.158156
vt 0.449553 0.116663
vt 0.449553 0.116663
vt 0.449553 0.116663
vt 0.203178 0.485388
vt 0.449553 0.116663
vt 0.471731 0.158156
vt 0.203178 0.485388
vt 0.014612 0.203178
vt 0.014612 0.203178
vt 0.014612 0.203178
vt 0.014612 0.203178
vt 0.028269 0.158156
vt 0.203178 0.485388
vt 0.419706 0.080294
vt 0.050447 0.116663
vt 0.203178 0.485388
vt 0.014612 0.203178
vt 0.028269 0.158156
vt 0.050447 0.116663
vt 0.203178 0.485388
vt 0.014612 0.203178
vt 0.028269 0.341844
vt 0.014612 0.203178
vt 0.014612 0.203178
vt 0.014612 0.203178
vt 0.028269 0.158156
vt 0.050447 0.116663
vt 0.203178 0.485388
vt 0.158156 0.471731
vt 0.471731 0.158156
vt 0.485388 0.203178
vt 0.485388 0.203178
vt 0.203178 0.485388
vt 0.485388 0.203178
vt 0.028269 0.341844
vt 0.014612 0.296822
vt 0.485388 0.203178
vt 0.485388 0.203178
vt 0.203178 0.485388
vt 0.050447 0.116663
vt 0.485388 0.203178
vt 0.203178 0.485388
vt 0.485388 0.203178
vt 0.485388 0.203178
vt 0.050447 0.116663
vt 0.050447 0.116663
vt 0.028269 0.158156
vt 0.028269 0.158156
vt 0.203178 0.485388
vt 0.050447 0.116663
vt 0.050447 0.116663
vt 0.203178 0.485388
vt 0.014612 0.203178
vt 0.203178 0.485389
vt 0.014612 0.203178
vt 0.203178 0.485388
vt 0.203178 0.485388
vt 0.490000 0.250000
vt 0.014612 0.296822
vt 0.028269 0.341844
vt 0.028269 0.341844
vt 0.050447 0.116663
vt 0.158156 0.471731
vt 0.050447 0.116663
vt 0.050447 0.116663
vt 0.203178 0.485388
vt 0.203178 0.485388
vt 0.050447 0.116663
vt 0.050447 0.116663
vt 0.158156 0.028269
vt 0.203178 0.014612
vt 0.203178 0.014612
vt 0.028269 0.341844
vt 0.158156 0.028269
vt 0.158156 0.028269
vt 0.014612 0.296822
vt 0.203178 0.014612
vt 0.485388 0.296822
vt 0.485388 0.296822
vt 0.485388 0.296822
vt 0.203178 0.014612
vt 0.080294 0.080294
vt 0.080294 0.080294
vt 0.080294 0.080294
vt 0.203178 0.014612
vt 0.203178 0.014612
vt 0.419706 0.080294
vt 0.080294 0.080294
vt 0.471731 0.341844
vt 0.471731 0.341844
vt 0.471731 0.341844
vt 0.203178 0.014612
vt 0.383337 0.050447
vt 0.419706 0.080294
vt 0.471731 0.341844
vt 0.158156 0.028269
vt 0.203178 0.014612
vt 0.471731 0.341844
vt 0.471731 0.341844
vt 0.383337 0.050447
vt 0.485388 0.296822
vt 0.116663 0.050447
vt 0.383337 0.050447
vt 0.116663 0.050447
vt 0.116663 0.050447
vt 0.203178 0.014612
vt 0.116663 0.050447
vt 0.116663 0.050447
vt 0.116663 0.050447
vt 0.116663 0.050447
vt 0.116663 0.050447
vt 0.116663 0.050447
vt 0.116663 0.050447
vt 0.419706 0.080294
vt 0.116663 0.050447
vt 0.383337 0.050447
vt 0.449553 0.383337
vt 0.449553 0.383337
vt 0.449553 0.383337
vt 0.449553 0.383337
vt 0.449553 0.383337
vt 0.449553 0.383337
vt 0.383337 0.050447
vt 0.449553 0.383337
vt 0.158156 0.028269
vt 0.203178 0.014612
vt 0.116663 0.050447
vt 0.250000 0.490000
vt 0.203178 0.485389
vt 0.383337 0.050447
vt 0.250000 0.490000
vt 0.250000 0.490000
vt 0.250000 0.490000
vt 0.250000 0.490000
vt 0.250000 0.490000
vt 0.250000 0.490000
vt 0.250000 0.490000
vt 0.419706 0.419706
vt 0.419706 0.419706
vt 0.449553 0.383337
vt 0.050447 0.383337
vt 0.050447 0.383337
vt 0.050447 0.383337
vt 0.050447 0.383337
vt 0.383337 0.449553
vt 0.383337 0.449553
vt 0.383337 0.449553
vt 0.383337 0.449553
vt 0.383337 0.449553
vt 0.050447 0.383337
vt 0.383337 0.449553
vt 0.296822 0.485388
vt 0.341844 0.471731
vt 0.250000 0.010000
vt 0.250000 0.010000
vt 0.250000 0.010000
vt 0.296822 0.485388
vt 0.296822 0.485388
vt 0.116663 0.449553
vt 0.116663 0.449553
vt 0.050447 0.383337
vt 0.116663 0.449553
vt 0.116663 0.449553
vt 0.116663 0.449553
vt 0.116663 0.449553
vt 0.116663 0.449553
vt 0.116663 0.449553
vt 0.116663 0.449553
vt 0.116663 0.449553
vt 0.341844 0.471731
vt 0.250000 0.490000
vt 0.116663 0.449553
vt 0.341844 0.471731
vt 0.341844 0.471731
vt 0.341844 0.471731
vt 0.341844 0.471731
vt 0.383337 0.449553
vt 0.296822 0.014612
vt 0.296822 0.014612
vt 0.250000 0.010000
vt 0.341844 0.028269
vt 0.296822 0.014612
vt 0.296822 0.485388
vt 0.296822 0.014612
vt 0.296822 0.014612
vt 0.296822 0.014612
vt 0.296822 0.014612
vt 0.341844 0.028269
vt 0.080294 0.419706
vt 0.080294 0.419706
vt 0.116663 0.449553
vt 0.080294 0.419706
vt 0.341844 0.028269
vt 0.080294 0.419706
vt 0.080294 0.419706
vt 0.080294 0.419706
vt 0.080294 0.419706
vt 0.080294 0.419706
vt 0.296822 0.485389
vt 0.080294 0.419706
vt 0.296822 0.485389
vt 0.250000 0.490000
vt 0.341844 0.028269
vt 0.341844 0.028269
vt 0.341844 0.028269
vt 0.341844 0.028269
vt 0.296822 0.014612
vt 0.296822 0.485388
vt 0.080294 0.419706
vt 0.080294 0.419706
vt 0.250000 0.490000
vt 0.080294 0.419706
vt 0.341844 0.028269
vt 0.028269 0.341844
vt 0.419706 0.080294
vt 0.449553 0.116663
vt 0.449553 0.116663
vt 0.449553 0.116663
vt 0.449553 0.116663
vt 0.034865 0.354184
vt 0.034865 0.145816
vt 0.419706 0.080294
vt 0.449553 0.116663
vt 0.449553 0.116663
vt 0.419706 0.080294
vt 0.449553 0.116663
vt 0.419706 0.080294
vt 0.014612 0.296822
vt 0.014612 0.296822
vt 0.014612 0.296822
vt 0.116663 0.050447
vt 0.028269 0.341844
vt 0.158156 0.028269
vt 0.250000 0.010000
vt 0.341844 0.028269
vt 0.341844 0.028269
vt 0.296822 0.485388
vt 0.080294 0.419706
vt 0.028269 0.158156
vt 0.116663 0.449553
vt 0.116663 0.449553
vt 0.028269 0.158156
vt 0.383337 0.449553
vt 0.203178 0.485389
vt 0.449553 0.383337
vt 0.050447 0.116663
vt 0.010000 0.250000
vt 0.253236 0.010319
vt 0.625000 0.208753
vt 0.375000 0.208753
vt 0.625000 0.704892
vt 0.375000 0.704892
vt 0.245234 0.746521
vt 0.875000 0.704892
vt 0.625000 0.541247
vt 0.375000 0.541247
vt 0.266026 0.602054
vt 0.255834 0.600702
vt 0.245234 0.647757
vt 0.245234 0.700592
vt 0.245193 0.700594
vt 0.375000 0.045108
vt 0.245234 0.502616
vt 0.625000 0.045108
vt 0.875000 0.541247
vt 0.842982 0.573666
vt 0.657018 0.573666
vt 0.657018 0.672474
vt 0.842982 0.672474
vt 0.851249 0.632436
vt 0.853132 0.624079
vt 0.657197 0.624079
vt 0.842982 0.642674
vt 0.842982 0.605484
vt 0.842982 0.605484
vt 0.625000 1.000000
vt 0.821126 0.555575
vt 0.817576 0.551227
vt 0.812800 0.699017
vt 0.817576 0.695206
vt 0.821126 0.690859
vt 0.823311 0.560292
vt 0.824049 0.565198
vt 0.823311 0.686141
vt 0.824049 0.681235
vt 0.823311 0.570104
vt 0.823311 0.676329
vt 0.821126 0.574822
vt 0.821125 0.671611
vt 0.817576 0.579170
vt 0.817576 0.667264
vt 0.812800 0.582980
vt 0.812800 0.663453
vt 0.793135 0.656571
vt 0.785642 0.656087
vt 0.785642 0.637166
vt 0.789734 0.636902
vt 0.800340 0.658002
vt 0.793669 0.636121
vt 0.785642 0.609698
vt 0.785642 0.590346
vt 0.793135 0.589863
vt 0.789734 0.609962
vt 0.800340 0.588432
vt 0.793669 0.610743
vt 0.797295 0.634852
vt 0.797295 0.612013
vt 0.800474 0.633144
vt 0.803082 0.631062
vt 0.800474 0.613721
vt 0.803082 0.615802
vt 0.805021 0.628688
vt 0.806215 0.626112
vt 0.805021 0.618176
vt 0.806215 0.620753
vt 0.778149 0.589863
vt 0.781549 0.609962
vt 0.770944 0.588432
vt 0.777615 0.610743
vt 0.764304 0.586108
vt 0.773988 0.612013
vt 0.758484 0.582980
vt 0.770809 0.613721
vt 0.753707 0.579169
vt 0.768201 0.615802
vt 0.750158 0.574822
vt 0.766262 0.618176
vt 0.747972 0.570104
vt 0.765069 0.620753
vt 0.764666 0.623432
vt 0.765069 0.626112
vt 0.781549 0.636902
vt 0.778149 0.656571
vt 0.777615 0.636121
vt 0.770944 0.658002
vt 0.773988 0.634852
vt 0.764304 0.660326
vt 0.770809 0.633144
vt 0.758484 0.663453
vt 0.768201 0.631062
vt 0.753707 0.667264
vt 0.766262 0.628688
vt 0.750158 0.671612
vt 0.747972 0.676329
vt 0.812800 0.547416
vt 0.806980 0.702145
vt 0.800340 0.704468
vt 0.806980 0.544289
vt 0.800340 0.541965
vt 0.793135 0.705899
vt 0.785642 0.706383
vt 0.793135 0.540534
vt 0.785642 0.540051
vt 0.778149 0.705899
vt 0.778149 0.540534
vt 0.770944 0.704468
vt 0.764304 0.702144
vt 0.770944 0.541965
vt 0.764304 0.544289
vt 0.758484 0.699017
vt 0.753707 0.695206
vt 0.758484 0.547416
vt 0.753707 0.551227
vt 0.750158 0.690859
vt 0.747972 0.686141
vt 0.750158 0.555575
vt 0.747972 0.560292
vt 1.000000 0.998017
vt 0.034865 0.354184
vt 0.034865 0.145816
vt 0.282793 0.707364
vt 0.275819 0.704892
vt 0.125000 0.704892
vt 0.214650 0.704892
vt 0.207676 0.707364
vt 0.201070 0.710840
vt 0.289399 0.710840
vt 0.196162 0.714805
vt 0.294307 0.714805
vt 0.297330 0.719108
vt 0.193139 0.719108
vt 0.192119 0.723583
vt 0.298350 0.723583
vt 0.297330 0.728058
vt 0.193139 0.728058
vt 0.196162 0.732361
vt 0.294307 0.732361
vt 0.289399 0.736327
vt 0.201070 0.736327
vt 0.207676 0.739803
vt 0.282793 0.739803
vt 0.274744 0.742655
vt 0.215725 0.742655
vt 0.224908 0.744775
vt 0.265561 0.744775
vt 0.255597 0.746080
vt 0.234872 0.746080
vt 0.215725 0.704507
vt 0.125000 0.541247
vt 0.211533 0.541247
vt 0.215725 0.542752
vt 0.224908 0.702360
vt 0.234872 0.701039
vt 0.224908 0.544898
vt 0.234872 0.546220
vt 0.234635 0.647301
vt 0.245234 0.546666
vt 0.224443 0.645949
vt 0.215050 0.643753
vt 0.274744 0.542752
vt 0.278936 0.541247
vt 0.274744 0.704506
vt 0.265561 0.544898
vt 0.255597 0.546220
vt 0.265561 0.702360
vt 0.255597 0.701039
vt 0.245967 0.647725
vt 0.206817 0.640799
vt 0.200060 0.637199
vt 0.255834 0.647301
vt 0.266026 0.645949
vt 0.195039 0.633092
vt 0.191947 0.628636
vt 0.275419 0.643753
vt 0.283652 0.640799
vt 0.190903 0.624001
vt 0.191947 0.619367
vt 0.290409 0.637199
vt 0.295430 0.633092
vt 0.195039 0.614910
vt 0.298522 0.628636
vt 0.200060 0.610803
vt 0.206817 0.607203
vt 0.299566 0.624001
vt 0.298522 0.619367
vt 0.215050 0.604249
vt 0.295430 0.614910
vt 0.290409 0.610803
vt 0.224443 0.602054
vt 0.234635 0.600702
vt 0.283652 0.607203
vt 0.275419 0.604249
vt 0.245234 0.600245
vt 0.207676 0.539944
vt 0.282793 0.539944
vt 0.289399 0.536631
vt 0.201070 0.536631
vt 0.294307 0.532851
vt 0.196162 0.532851
vt 0.193139 0.528749
vt 0.297330 0.528749
vt 0.298350 0.524483
vt 0.192119 0.524483
vt 0.193139 0.520217
vt 0.297330 0.520217
vt 0.294307 0.516115
vt 0.196162 0.516115
vt 0.201070 0.512334
vt 0.289399 0.512334
vt 0.282793 0.509021
vt 0.207676 0.509021
vt 0.215725 0.506301
vt 0.274744 0.506301
vt 0.265561 0.504281
vt 0.224908 0.504281
vt 0.234872 0.503036
vt 0.255597 0.503036
vt 0.845674 0.607687
vt 0.845674 0.640471
vt 0.851249 0.615722
vt 0.836621 0.647877
vt 0.842982 0.642674
vt 0.836621 0.600281
vt 0.824438 0.593790
vt 0.824438 0.654368
vt 0.809592 0.659695
vt 0.809592 0.588463
vt 0.792655 0.584504
vt 0.792655 0.663654
vt 0.774277 0.666091
vt 0.774277 0.582067
vt 0.755164 0.581244
vt 0.755164 0.666914
vt 0.736052 0.582067
vt 0.736052 0.666091
vt 0.717674 0.663654
vt 0.717674 0.584504
vt 0.700736 0.588463
vt 0.700736 0.659695
vt 0.685891 0.654368
vt 0.685891 0.593790
vt 0.673707 0.600281
vt 0.673707 0.647877
vt 0.664654 0.640471
vt 0.664654 0.607687
vt 0.659079 0.615722
vt 0.659079 0.632436
s 0
f 30/1/1 8/2/1 3/3/1
f 34/4/2 22/5/2 8/2/2
f 36/6/3 17/7/3 22/5/3
f 41/8/4 3/9/4 17/7/4
f 22/5/5 3/10/5 8/11/5
f 26/12/3 51/13/3 19/13/3
f 12/14/6 30/15/6 5/16/6
f 12/14/6 36/6/6 34/17/6
f 19/13/6 36/6/6 26/12/6
f 5/16/6 41/8/6 19/13/6
f 4056/18/7 4037/19/7 4043/20/7
f 4110/21/6 54/12/6 4087/22/6
f 5/16/1 49/14/1 12/14/1
f 19/13/4 44/16/4 5/16/4
f 12/14/2 54/12/2 26/12/2
f 2/23/8 4118/24/8 10/25/8
f 10/25/9 4119/26/9 16/27/9
f 16/27/10 4120/28/10 25/29/10
f 25/29/11 4121/30/11 4122/31/11
f 39/32/12 4122/31/12 4123/33/12
f 45/34/13 4123/33/13 4124/35/13
f 52/36/14 4124/35/14 4125/37/14
f 58/38/15 4125/37/15 4126/39/15
f 61/40/16 4126/39/16 4127/41/16
f 63/42/17 4127/41/17 4128/43/17
f 64/44/18 4128/43/18 4129/45/18
f 65/6/19 4129/45/19 4130/46/19
f 66/47/20 4130/46/20 4131/48/20
f 67/49/21 4131/48/21 4132/50/21
f 68/51/22 4132/50/22 4133/52/22
f 69/53/23 4133/52/23 4134/54/23
f 70/55/24 4134/54/24 4135/56/24
f 71/57/25 4135/56/25 4136/58/25
f 72/59/26 4136/58/26 4137/60/26
f 73/5/27 4137/60/27 4138/61/27
f 73/5/28 4139/62/28 74/63/28
f 74/63/29 4140/64/29 75/65/29
f 75/65/30 4141/66/30 76/67/30
f 76/67/31 4142/68/31 77/69/31
f 77/69/32 4143/70/32 78/71/32
f 78/71/33 4144/72/33 79/73/33
f 79/73/34 4145/74/34 80/75/34
f 80/75/35 4146/76/35 81/11/35
f 81/11/36 4147/77/36 4148/78/36
f 82/79/37 4149/80/37 83/81/37
f 83/81/38 4150/82/38 84/83/38
f 84/83/39 4151/84/39 4117/85/39
f 75/65/6 108/67/6 107/65/6
f 111/73/33 142/71/33 110/71/33
f 10/25/6 85/23/6 2/23/6
f 84/83/6 85/86/6 116/83/6
f 63/42/6 94/40/6 61/40/6
f 71/57/6 104/59/6 103/57/6
f 80/75/6 113/11/6 112/75/6
f 45/34/6 90/32/6 39/32/6
f 68/51/6 99/49/6 67/49/6
f 76/67/6 109/69/6 108/67/6
f 16/27/6 86/25/6 10/25/6
f 64/44/6 95/42/6 63/42/6
f 72/59/6 105/5/6 104/59/6
f 81/11/6 114/79/6 113/11/6
f 52/36/6 91/34/6 45/34/6
f 69/53/6 100/51/6 68/51/6
f 77/69/6 110/71/6 109/69/6
f 25/29/6 87/27/6 16/27/6
f 65/6/6 96/44/6 64/44/6
f 73/5/6 106/63/6 105/5/6
f 83/81/6 114/79/6 82/79/6
f 58/38/6 92/36/6 52/36/6
f 69/53/6 102/55/6 101/53/6
f 78/71/6 111/73/6 110/71/6
f 32/17/6 88/29/6 25/29/6
f 66/47/6 97/6/6 65/6/6
f 74/63/6 107/65/6 106/63/6
f 83/81/6 116/83/6 115/81/6
f 61/40/6 93/38/6 58/38/6
f 70/55/6 103/57/6 102/55/6
f 79/73/6 112/75/6 111/73/6
f 39/32/6 89/17/6 32/17/6
f 66/47/6 99/49/6 98/47/6
f 119/27/6 150/25/6 118/25/6
f 98/47/20 129/6/20 97/6/20
f 112/75/34 143/73/34 111/73/34
f 99/49/21 130/47/21 98/47/21
f 86/25/8 117/23/8 85/23/8
f 113/11/35 144/75/35 112/75/35
f 100/51/22 131/49/22 99/49/22
f 87/27/9 118/25/9 86/25/9
f 114/79/36 145/11/36 113/11/36
f 101/53/23 132/51/23 100/51/23
f 87/27/10 120/29/10 119/27/10
f 115/81/37 146/79/37 114/79/37
f 102/55/24 133/53/24 101/53/24
f 88/29/11 121/17/11 120/29/11
f 116/83/38 147/81/38 115/81/38
f 103/57/25 134/55/25 102/55/25
f 90/32/12 121/17/12 89/17/12
f 85/86/40 148/83/40 116/83/40
f 104/59/26 135/57/26 103/57/26
f 91/34/13 122/32/13 90/32/13
f 105/5/27 136/59/27 104/59/27
f 92/36/14 123/34/14 91/34/14
f 106/63/28 137/5/28 105/5/28
f 93/38/15 124/36/15 92/36/15
f 107/65/29 138/63/29 106/63/29
f 94/40/16 125/38/16 93/38/16
f 108/67/30 139/65/30 107/65/30
f 95/42/17 126/40/17 94/40/17
f 109/69/31 140/67/31 108/67/31
f 96/44/18 127/42/18 95/42/18
f 110/71/32 141/69/32 109/69/32
f 97/6/19 128/44/19 96/44/19
f 153/17/12 4115/87/12 4108/17/12
f 145/11/6 178/79/6 177/11/6
f 133/53/6 164/51/6 132/51/6
f 120/29/6 151/27/6 119/27/6
f 146/79/6 179/81/6 178/79/6
f 133/53/6 166/55/6 165/53/6
f 121/17/6 152/29/6 120/29/6
f 148/83/6 179/81/6 147/81/6
f 134/55/6 167/57/6 166/55/6
f 122/32/6 153/17/6 121/17/6
f 117/86/6 180/83/6 148/83/6
f 135/57/6 168/59/6 167/57/6
f 123/34/6 154/32/6 122/32/6
f 136/59/6 169/5/6 168/59/6
f 124/36/6 155/34/6 123/34/6
f 137/5/6 170/63/6 169/5/6
f 125/38/6 156/36/6 124/36/6
f 138/63/6 171/65/6 170/63/6
f 126/40/6 157/38/6 125/38/6
f 139/65/6 172/67/6 171/65/6
f 127/42/6 158/40/6 126/40/6
f 140/67/6 173/69/6 172/67/6
f 128/44/6 159/42/6 127/42/6
f 141/69/6 174/71/6 173/69/6
f 129/6/6 160/44/6 128/44/6
f 142/71/6 175/73/6 174/71/6
f 130/47/6 161/6/6 129/6/6
f 143/73/6 176/75/6 175/73/6
f 131/49/6 162/47/6 130/47/6
f 117/23/6 150/25/6 149/23/6
f 144/75/6 177/11/6 176/75/6
f 132/51/6 163/49/6 131/49/6
f 149/86/40 4047/83/40 180/83/40
f 167/57/26 4098/59/26 4099/57/26
f 154/32/13 4109/34/13 4115/87/13
f 168/59/27 4096/5/27 4098/59/27
f 155/34/14 4111/36/14 4109/34/14
f 169/5/28 4097/63/28 4096/5/28
f 156/36/15 4110/38/15 4111/36/15
f 171/65/29 4097/63/29 170/63/29
f 157/38/16 4113/88/16 4110/38/16
f 171/65/30 4021/67/30 4028/65/30
f 158/40/17 4112/42/17 4113/88/17
f 172/67/31 4022/69/31 4021/67/31
f 159/42/18 4106/44/18 4112/42/18
f 173/69/32 4025/71/32 4022/69/32
f 160/44/19 4107/6/19 4106/44/19
f 174/71/33 4026/73/33 4025/71/33
f 161/6/20 4114/89/20 4107/6/20
f 175/73/34 4033/75/34 4026/73/34
f 162/47/21 4102/49/21 4114/89/21
f 150/25/8 4062/23/8 149/23/8
f 4033/75/35 177/11/35 4030/11/35
f 163/49/22 4103/51/22 4102/49/22
f 150/25/9 4116/27/9 4104/90/9
f 178/79/36 4030/11/36 177/11/36
f 164/51/23 4101/53/23 4103/51/23
f 4116/27/10 152/29/10 4105/29/10
f 178/79/37 4049/81/37 4056/79/37
f 165/53/24 4100/55/24 4101/53/24
f 153/17/11 4105/29/11 152/29/11
f 4049/81/38 180/83/38 4047/83/38
f 166/55/25 4099/57/25 4100/55/25
f 181/23/8 4153/24/8 182/25/8
f 182/25/9 4154/26/9 183/27/9
f 183/27/10 4155/28/10 184/29/10
f 184/29/11 4156/31/11 185/17/11
f 186/32/12 4156/31/12 4157/33/12
f 187/34/13 4157/33/13 4158/35/13
f 188/36/14 4158/35/14 4159/37/14
f 189/38/15 4159/37/15 4160/39/15
f 190/40/16 4160/39/16 4161/41/16
f 191/42/17 4161/41/17 4162/43/17
f 192/44/18 4162/43/18 4163/45/18
f 193/6/19 4163/45/19 4164/46/19
f 194/47/20 4164/46/20 4165/91/20
f 195/49/21 4166/48/21 4167/50/21
f 196/51/22 4167/50/22 4168/52/22
f 197/53/23 4168/52/23 4169/54/23
f 198/55/24 4169/54/24 4170/56/24
f 199/57/25 4170/56/25 4171/58/25
f 200/59/26 4171/58/26 4172/60/26
f 201/5/27 4172/60/27 4173/92/27
f 201/5/28 4175/62/28 202/63/28
f 202/63/29 4176/64/29 203/65/29
f 203/65/30 4177/66/30 204/67/30
f 204/67/31 4178/68/31 205/69/31
f 205/69/32 4179/70/32 206/71/32
f 206/71/33 4180/72/33 207/73/33
f 207/73/34 4181/74/34 208/75/34
f 208/75/35 4182/76/35 209/11/35
f 209/11/36 4183/78/36 210/79/36
f 210/79/37 4184/80/37 211/81/37
f 211/81/38 4185/82/38 212/83/38
f 212/83/40 4152/85/40 181/86/40
f 203/65/6 236/67/6 235/65/6
f 239/73/33 270/71/33 238/71/33
f 181/23/6 214/25/6 213/23/6
f 181/86/6 244/83/6 212/83/6
f 191/42/6 222/40/6 190/40/6
f 199/57/6 232/59/6 231/57/6
f 208/75/6 241/11/6 240/75/6
f 187/34/6 218/32/6 186/32/6
f 196/51/6 227/49/6 195/49/6
f 204/67/6 237/69/6 236/67/6
f 182/25/6 215/27/6 214/25/6
f 192/44/6 223/42/6 191/42/6
f 200/59/6 233/5/6 232/59/6
f 209/11/6 242/79/6 241/11/6
f 188/36/6 219/34/6 187/34/6
f 197/53/6 228/51/6 196/51/6
f 205/69/6 238/71/6 237/69/6
f 184/29/6 215/27/6 183/27/6
f 193/6/6 224/44/6 192/44/6
f 202/63/6 233/5/6 201/5/6
f 210/79/6 243/81/6 242/79/6
f 189/38/6 220/36/6 188/36/6
f 197/53/6 230/55/6 229/53/6
f 206/71/6 239/73/6 238/71/6
f 185/17/6 216/29/6 184/29/6
f 194/47/6 225/6/6 193/6/6
f 202/63/6 235/65/6 234/63/6
f 212/83/6 243/81/6 211/81/6
f 190/40/6 221/38/6 189/38/6
f 198/55/6 231/57/6 230/55/6
f 207/73/6 240/75/6 239/73/6
f 186/32/6 217/17/6 185/17/6
f 195/49/6 226/47/6 194/47/6
f 246/25/6 279/27/6 278/25/6
f 226/47/20 257/6/20 225/6/20
f 240/75/34 271/73/34 239/73/34
f 227/49/21 258/47/21 226/47/21
f 214/25/8 245/23/8 213/23/8
f 241/11/35 272/75/35 240/75/35
f 228/51/22 259/49/22 227/49/22
f 215/27/9 246/25/9 214/25/9
f 242/79/36 273/11/36 241/11/36
f 229/53/23 260/51/23 228/51/23
f 215/27/10 248/29/10 247/27/10
f 243/81/37 274/79/37 242/79/37
f 230/55/24 261/53/24 229/53/24
f 216/29/11 249/17/11 248/29/11
f 244/83/38 275/81/38 243/81/38
f 231/57/25 262/55/25 230/55/25
f 218/32/12 249/17/12 217/17/12
f 213/86/40 276/83/40 244/83/40
f 232/59/26 263/57/26 231/57/26
f 219/34/13 250/32/13 218/32/13
f 233/5/27 264/59/27 232/59/27
f 220/36/14 251/34/14 219/34/14
f 234/63/28 265/5/28 233/5/28
f 221/38/15 252/36/15 220/36/15
f 235/65/29 266/63/29 234/63/29
f 222/40/16 253/38/16 221/38/16
f 236/67/30 267/65/30 235/65/30
f 223/42/17 254/40/17 222/40/17
f 237/69/31 268/67/31 236/67/31
f 224/44/18 255/42/18 223/42/18
f 238/71/32 269/69/32 237/69/32
f 225/6/19 256/44/19 224/44/19
f 281/17/12 4084/87/12 4086/17/12
f 274/79/6 305/11/6 273/11/6
f 261/53/6 292/51/6 260/51/6
f 248/29/6 279/27/6 247/27/6
f 274/79/6 307/81/6 306/79/6
f 262/55/6 293/53/6 261/53/6
f 248/29/6 281/17/6 280/29/6
f 276/83/6 307/81/6 275/81/6
f 262/55/6 295/57/6 294/55/6
f 250/32/6 281/17/6 249/17/6
f 245/86/6 308/83/6 276/83/6
f 263/57/6 296/59/6 295/57/6
f 251/34/6 282/32/6 250/32/6
f 264/59/6 297/5/6 296/59/6
f 252/36/6 283/34/6 251/34/6
f 265/5/6 298/63/6 297/5/6
f 253/38/6 284/36/6 252/36/6
f 267/65/6 298/63/6 266/63/6
f 254/40/6 285/38/6 253/38/6
f 267/65/6 300/67/6 299/65/6
f 255/42/6 286/40/6 254/40/6
f 268/67/6 301/69/6 300/67/6
f 256/44/6 287/42/6 255/42/6
f 269/69/6 302/71/6 301/69/6
f 257/6/6 288/44/6 256/44/6
f 270/71/6 303/73/6 302/71/6
f 258/47/6 289/6/6 257/6/6
f 271/73/6 304/75/6 303/73/6
f 259/49/6 290/47/6 258/47/6
f 245/23/6 278/25/6 277/23/6
f 272/75/6 305/11/6 304/75/6
f 260/51/6 291/49/6 259/49/6
f 277/86/40 4095/83/40 308/83/40
f 295/57/26 4043/59/26 4052/57/26
f 282/32/13 4091/34/13 4084/87/13
f 296/59/27 4031/5/27 4043/59/27
f 283/34/14 4088/36/14 4091/34/14
f 297/5/28 4034/63/28 4031/5/28
f 284/36/15 4087/38/15 4088/36/15
f 298/63/29 4027/65/29 4034/63/29
f 285/38/16 4090/88/16 4087/38/16
f 299/65/30 4024/67/30 4027/65/30
f 286/40/17 4089/42/17 4090/88/17
f 300/67/31 4023/69/31 4024/67/31
f 287/42/18 4085/44/18 4089/42/18
f 301/69/32 4029/71/32 4023/69/32
f 288/44/19 4083/6/19 4085/44/19
f 302/71/33 4036/73/33 4029/71/33
f 289/6/20 4082/89/20 4083/6/20
f 303/73/34 4035/75/34 4036/73/34
f 290/47/21 4071/49/21 4082/89/21
f 277/23/8 4072/90/8 4074/23/8
f 4035/75/35 305/11/35 4032/11/35
f 291/49/22 4066/51/22 4071/49/22
f 278/25/9 4094/27/9 4072/90/9
f 306/79/36 4032/11/36 305/11/36
f 292/51/23 4063/53/23 4066/51/23
f 4094/27/10 280/29/10 4092/29/10
f 306/79/37 4055/81/37 4057/79/37
f 293/53/24 4045/55/24 4063/53/24
f 281/17/11 4092/29/11 280/29/11
f 4055/81/38 308/83/38 4095/83/38
f 294/55/25 4052/57/25 4045/55/25
f 348/93/6 315/94/6 316/93/6
f 321/95/19 414/96/19 415/97/19
f 335/98/33 498/99/33 499/100/33
f 322/101/20 415/97/20 541/102/20
f 336/103/34 499/100/34 583/104/34
f 323/105/21 541/102/21 625/105/21
f 310/106/8 708/107/8 709/108/8
f 337/109/35 583/104/35 751/109/35
f 324/110/22 625/105/22 793/110/22
f 311/111/9 709/108/9 835/111/9
f 338/112/36 751/109/36 877/112/36
f 325/113/23 793/110/23 919/113/23
f 312/114/10 835/111/10 961/115/10
f 339/116/37 877/112/37 1003/117/37
f 326/118/24 919/113/24 1045/118/24
f 313/119/11 961/115/11 1087/119/11
f 340/120/38 1003/117/38 1129/121/38
f 327/122/25 1045/118/25 1171/123/25
f 314/124/12 1087/119/12 1213/125/12
f 708/107/40 340/120/40 1129/121/40
f 328/126/26 1171/123/26 1255/126/26
f 315/94/13 1213/125/13 1297/94/13
f 329/127/27 1255/126/27 1339/127/27
f 316/93/14 1297/94/14 1381/93/14
f 330/128/28 1339/127/28 1423/128/28
f 317/129/15 1381/93/15 1465/130/15
f 331/131/29 1423/128/29 1507/132/29
f 318/133/16 1465/130/16 1549/133/16
f 332/134/30 1507/132/30 1591/134/30
f 319/135/17 1549/133/17 1633/136/17
f 333/137/31 1591/134/31 1675/138/31
f 414/96/18 319/135/18 1633/136/18
f 498/99/32 333/137/32 1675/138/32
f 350/133/17 4080/139/17 4078/133/17
f 330/128/6 361/127/6 329/127/6
f 349/129/6 316/93/6 317/129/6
f 363/131/6 330/128/6 331/131/6
f 318/133/6 349/129/6 317/129/6
f 364/134/6 331/131/6 332/134/6
f 319/135/6 350/133/6 318/133/6
f 365/137/6 332/134/6 333/137/6
f 320/140/6 351/135/6 319/135/6
f 334/141/6 365/137/6 333/137/6
f 353/95/6 320/140/6 321/95/6
f 335/98/6 366/141/6 334/141/6
f 354/101/6 321/95/6 322/101/6
f 368/103/6 335/98/6 336/103/6
f 323/105/6 354/101/6 322/101/6
f 310/106/6 341/142/6 309/142/6
f 369/109/6 336/103/6 337/109/6
f 356/110/6 323/105/6 324/110/6
f 343/111/6 310/106/6 311/111/6
f 338/112/6 369/109/6 337/109/6
f 357/113/6 324/110/6 325/113/6
f 344/114/6 311/111/6 312/114/6
f 339/116/6 370/112/6 338/112/6
f 326/118/6 357/113/6 325/113/6
f 345/119/6 312/114/6 313/119/6
f 340/120/6 371/116/6 339/116/6
f 327/122/6 358/118/6 326/118/6
f 314/124/6 345/119/6 313/119/6
f 309/142/6 372/120/6 340/120/6
f 360/126/6 327/122/6 328/126/6
f 347/94/6 314/124/6 315/94/6
f 361/127/6 328/126/6 329/127/6
f 364/134/31 4037/137/31 4041/134/31
f 351/135/18 4075/140/18 4080/139/18
f 4037/137/32 366/141/32 4038/141/32
f 352/140/19 4073/95/19 4075/140/19
f 366/141/33 4042/143/33 4038/141/33
f 353/95/20 4068/101/20 4073/95/20
f 367/98/34 4040/103/34 4042/143/34
f 354/101/21 4069/144/21 4068/101/21
f 341/142/8 4065/106/8 4064/142/8
f 368/103/35 4054/109/35 4040/103/35
f 355/105/22 4060/110/22 4069/144/22
f 342/106/9 4067/145/9 4065/106/9
f 369/109/36 4051/112/36 4054/109/36
f 356/110/23 4061/113/23 4060/110/23
f 343/111/10 4070/114/10 4067/145/10
f 4051/112/37 371/116/37 4046/116/37
f 357/113/24 4058/146/24 4061/113/24
f 344/114/11 4093/147/11 4070/114/11
f 372/120/38 4046/116/38 371/116/38
f 358/118/25 4048/148/25 4058/146/25
f 4093/147/12 346/124/12 4076/124/12
f 372/120/40 4064/142/40 4059/120/40
f 359/122/26 4050/126/26 4048/148/26
f 4076/124/13 347/94/13 4081/94/13
f 360/126/27 4044/127/27 4050/126/27
f 347/94/14 4077/149/14 4081/94/14
f 361/127/28 4053/150/28 4044/127/28
f 348/93/15 4079/129/15 4077/149/15
f 362/128/29 4039/131/29 4053/150/29
f 349/129/16 4078/133/16 4079/129/16
f 363/131/30 4041/134/30 4039/131/30
f 3657/151/32 1716/137/32 3625/137/32
f 1784/152/6 389/153/6 440/152/6
f 459/154/32 1715/137/32 458/155/32
f 1409/156/5 2837/129/5 1493/129/5
f 461/155/32 1713/157/32 460/155/32
f 2343/114/5 1125/119/5 999/114/5
f 462/155/32 1710/158/32 1711/157/32
f 388/153/5 1785/152/5 441/152/5
f 464/159/32 1708/157/32 1709/157/32
f 2838/130/6 1410/156/6 1494/130/6
f 467/151/32 1707/160/32 466/155/32
f 2470/119/6 1000/114/6 1126/119/6
f 468/161/32 1704/162/32 1705/162/32
f 1786/163/6 387/164/6 442/163/6
f 470/165/32 1702/166/32 1703/162/32
f 1411/156/5 2839/130/5 1495/130/5
f 472/167/32 1700/162/32 1701/162/32
f 2345/168/5 1127/147/5 1001/168/5
f 474/169/32 1698/162/32 1699/166/32
f 386/153/5 1787/152/5 443/152/5
f 476/155/32 1696/166/32 1697/166/32
f 2840/130/6 1412/170/6 1496/130/6
f 478/171/32 1694/157/32 1695/172/32
f 2472/119/6 1002/114/6 1128/119/6
f 480/171/32 1692/173/32 1693/174/32
f 1788/152/6 385/153/6 444/152/6
f 482/155/32 1690/173/32 1691/157/32
f 1413/175/5 2841/176/5 1497/176/5
f 484/155/32 1688/173/32 1689/157/32
f 2347/117/5 1129/121/5 1003/117/5
f 486/155/32 1686/173/32 1687/157/32
f 384/177/5 1789/163/5 445/163/5
f 488/141/32 1684/137/32 1685/157/32
f 2842/176/6 1414/178/6 1498/176/6
f 490/155/32 1682/157/32 1683/157/32
f 1130/120/6 2348/179/6 1004/179/6
f 492/154/32 1680/173/32 1681/173/32
f 1790/163/6 383/153/6 446/163/6
f 494/155/32 1678/157/32 1679/173/32
f 1415/178/5 2843/176/5 1499/176/5
f 496/99/32 1676/158/32 1677/138/32
f 2349/179/5 1131/121/5 1005/179/5
f 3646/140/18 1674/180/18 3614/180/18
f 382/181/5 1791/163/5 447/163/5
f 375/182/18 1673/139/18 374/183/18
f 2844/176/6 1416/170/6 1500/176/6
f 377/184/18 1671/185/18 376/153/18
f 1132/186/6 2350/187/6 1006/187/6
f 378/188/18 1668/139/18 1669/180/18
f 1792/189/6 381/153/6 448/189/6
f 380/190/18 1666/191/18 1667/191/18
f 1417/170/5 2845/176/5 1501/176/5
f 383/153/18 1665/136/18 382/181/18
f 2351/187/5 1133/186/5 1007/187/5
f 384/177/18 1662/135/18 1663/192/18
f 380/190/5 1793/193/5 449/193/5
f 386/153/18 1660/180/18 1661/191/18
f 2846/176/6 1418/170/6 1502/176/6
f 388/153/18 1658/192/18 1659/194/18
f 1134/195/6 2352/187/6 1008/187/6
f 390/196/18 1656/194/18 1657/191/18
f 1794/197/6 379/177/6 450/197/6
f 392/153/18 1654/191/18 1655/191/18
f 1419/156/5 2847/176/5 1503/176/5
f 394/198/18 1652/199/18 1653/199/18
f 2353/187/5 1135/186/5 1009/187/5
f 396/198/18 1650/192/18 1651/199/18
f 378/188/5 1795/95/5 451/95/5
f 398/200/18 1648/192/18 1649/180/18
f 2848/176/6 1420/156/6 1504/176/6
f 400/200/18 1646/201/18 1647/180/18
f 1136/186/6 2354/187/6 1010/187/6
f 402/202/18 1644/136/18 1645/180/18
f 1796/95/6 377/184/6 452/95/6
f 404/203/18 1642/201/18 1643/180/18
f 1421/170/5 2849/176/5 1505/176/5
f 406/204/18 1640/191/18 1641/180/18
f 2355/187/5 1137/205/5 1011/187/5
f 408/206/18 1638/207/18 1639/180/18
f 376/153/5 1797/95/5 453/95/5
f 410/140/18 1636/191/18 1637/180/18
f 2850/130/6 1422/156/6 1506/130/6
f 412/96/18 1634/192/18 1635/136/18
f 1138/208/6 2356/117/6 1012/117/6
f 1716/137/31 3603/134/31 3625/137/31
f 1798/95/6 375/182/6 454/95/6
f 1714/173/31 1631/209/31 1715/137/31
f 1423/128/5 2851/132/5 1507/132/5
f 1712/157/31 1629/210/31 1713/157/31
f 2357/187/5 1139/205/5 1013/187/5
f 1710/158/31 1627/211/31 1711/157/31
f 374/183/5 1799/95/5 455/95/5
f 1708/157/31 1625/212/31 1709/157/31
f 2852/213/6 1424/128/6 1508/213/6
f 1706/166/31 1623/134/31 1707/160/31
f 1140/214/6 2358/187/6 1014/187/6
f 1704/162/31 1621/212/31 1705/162/31
f 1800/215/6 373/140/6 456/215/6
f 1702/166/31 1619/211/31 1703/162/31
f 1425/216/5 2853/213/5 1509/213/5
f 1700/162/31 1617/211/31 1701/162/31
f 2359/187/5 1141/217/5 1015/187/5
f 1698/162/31 1615/210/31 1699/166/31
f 1842/99/5 499/100/5 498/99/5
f 1696/166/31 1613/218/31 1697/166/31
f 2854/219/6 1426/220/6 1510/219/6
f 1694/157/31 1611/218/31 1695/172/31
f 1142/221/6 2360/117/6 1016/117/6
f 1692/173/31 1609/222/31 1693/174/31
f 500/223/6 1841/155/6 497/155/6
f 1690/173/31 1607/224/31 1691/157/31
f 1427/220/5 2855/219/5 1511/219/5
f 1688/173/31 1605/225/31 1689/157/31
f 2361/117/5 1143/205/5 1017/117/5
f 1686/173/31 1603/224/31 1687/157/31
f 1840/99/5 501/223/5 496/99/5
f 1684/137/31 1601/226/31 1685/157/31
f 2856/227/6 1428/228/6 1512/227/6
f 1682/157/31 1599/226/31 1683/157/31
f 1144/229/6 2362/230/6 1018/230/6
f 1680/173/31 1597/226/31 1681/173/31
f 502/98/6 1839/155/6 495/155/6
f 1678/157/31 1595/210/31 1679/173/31
f 1429/228/5 2857/219/5 1513/219/5
f 1676/158/31 1593/212/31 1677/138/31
f 2363/230/5 1145/217/5 1019/230/5
f 1674/180/17 3592/133/17 3614/180/17
f 1838/155/5 503/98/5 494/155/5
f 1672/231/17 1589/232/17 1673/139/17
f 2858/219/6 1430/228/6 1514/219/6
f 1670/135/17 1587/233/17 1671/185/17
f 1146/234/6 2364/230/6 1020/230/6
f 1668/139/17 1585/235/17 1669/180/17
f 504/236/6 1837/237/6 493/237/6
f 1666/191/17 1583/238/17 1667/191/17
f 1431/228/5 2859/219/5 1515/219/5
f 1664/191/17 1581/239/17 1665/136/17
f 2365/230/5 1147/240/5 1021/230/5
f 1662/135/17 1579/133/17 1663/192/17
f 1836/154/5 505/98/5 492/154/5
f 1660/180/17 1577/233/17 1661/191/17
f 2860/227/6 1432/241/6 1516/227/6
f 1658/192/17 1575/235/17 1659/194/17
f 1148/240/6 2366/230/6 1022/230/6
f 1656/194/17 1573/235/17 1657/191/17
f 506/98/6 1835/154/6 491/154/6
f 1654/191/17 1571/242/17 1655/191/17
f 1433/220/5 2861/219/5 1517/219/5
f 1652/199/17 1569/242/17 1653/199/17
f 2367/230/5 1149/243/5 1023/230/5
f 1650/192/17 1567/244/17 1651/199/17
f 1834/155/5 507/98/5 490/155/5
f 1648/192/17 1565/242/17 1649/180/17
f 2862/219/6 1434/220/6 1518/219/6
f 1646/201/17 1563/245/17 1647/180/17
f 1150/243/6 2368/187/6 1024/187/6
f 1644/136/17 1561/242/17 1645/180/17
f 508/236/6 1833/141/6 489/141/6
f 1642/201/17 1559/245/17 1643/180/17
f 1435/246/5 2863/132/5 1519/132/5
f 1640/191/17 1557/235/17 1641/180/17
f 2369/187/5 1151/186/5 1025/187/5
f 1638/207/17 1555/235/17 1639/180/17
f 1832/141/5 509/98/5 488/141/5
f 1636/191/17 1553/235/17 1637/180/17
f 2864/132/6 1436/247/6 1520/132/6
f 1634/192/17 1551/239/17 1635/136/17
f 1152/186/6 2370/117/6 1026/117/6
f 1632/134/30 3581/131/30 3603/134/30
f 510/98/6 1831/154/6 487/154/6
f 1630/134/30 1547/248/30 1631/209/30
f 1437/247/5 2865/132/5 1521/132/5
f 1628/210/30 1545/249/30 1629/210/30
f 2371/187/5 1153/250/5 1027/187/5
f 1626/212/30 1543/131/30 1627/211/30
f 1830/155/5 511/98/5 486/155/5
f 1624/212/30 1541/248/30 1625/212/30
f 2866/131/6 1438/246/6 1522/131/6
f 1622/134/30 1539/227/30 1623/134/30
f 1154/195/6 2372/117/6 1028/117/6
f 1620/212/30 1537/219/30 1621/212/30
f 512/100/6 1829/154/6 485/154/6
f 1618/211/30 1535/132/30 1619/211/30
f 1439/251/5 2867/131/5 1523/131/5
f 1616/211/30 1533/132/30 1617/211/30
f 2373/117/5 1155/186/5 1029/117/5
f 1614/210/30 1531/132/30 1615/210/30
f 1828/155/5 513/223/5 484/155/5
f 1612/218/30 1529/219/30 1613/218/30
f 2868/131/6 1440/252/6 1524/131/6
f 1610/218/30 1527/248/30 1611/218/30
f 1156/186/6 2374/117/6 1030/117/6
f 1608/222/30 1525/248/30 1609/222/30
f 514/100/6 1827/154/6 483/154/6
f 1606/224/30 1523/131/30 1607/224/30
f 1441/220/5 2869/248/5 1525/248/5
f 1604/225/30 1521/132/30 1605/225/30
f 2375/187/5 1157/253/5 1031/187/5
f 1602/226/30 1519/132/30 1603/224/30
f 1826/155/5 515/98/5 482/155/5
f 1600/254/30 1517/219/30 1601/226/30
f 2870/248/6 1442/220/6 1526/248/6
f 1598/226/30 1515/219/30 1599/226/30
f 1158/255/6 2376/117/6 1032/117/6
f 1596/210/30 1513/219/30 1597/226/30
f 516/100/6 1825/155/6 481/155/6
f 1594/210/30 1511/219/30 1595/210/30
f 1443/220/5 2871/248/5 1527/248/5
f 1592/256/30 1509/213/30 1593/212/30
f 2377/117/5 1159/120/5 1033/117/5
f 1590/133/16 3570/130/16 3592/133/16
f 1824/171/5 517/223/5 480/171/5
f 1588/133/16 1505/176/16 1589/232/16
f 2872/219/6 1444/241/6 1528/219/6
f 1586/235/16 1503/176/16 1587/233/16
f 1160/120/6 2378/187/6 1034/187/6
f 1584/239/16 1501/176/16 1585/235/16
f 518/223/6 1823/155/6 479/155/6
f 1582/238/16 1499/176/16 1583/238/16
f 1445/241/5 2873/219/5 1529/219/5
f 1580/133/16 1497/176/16 1581/239/16
f 2379/117/5 1161/257/5 1035/117/5
f 1578/133/16 1495/130/16 1579/133/16
f 1822/171/5 519/223/5 478/171/5
f 1576/235/16 1493/129/16 1577/233/16
f 2874/219/6 1446/241/6 1530/219/6
f 1574/235/16 1491/129/16 1575/235/16
f 1162/258/6 2380/117/6 1036/117/6
f 1572/235/16 1489/259/16 1573/235/16
f 520/223/6 1821/155/6 477/155/6
f 1570/242/16 1487/259/16 1571/242/16
f 1447/216/5 2875/132/5 1531/132/5
f 1568/244/16 1485/259/16 1569/242/16
f 2381/230/5 1163/258/5 1037/230/5
f 1566/242/16 1483/259/16 1567/244/16
f 1820/155/5 521/223/5 476/155/5
f 1564/244/16 1481/259/16 1565/242/16
f 2876/219/6 1448/128/6 1532/219/6
f 1562/235/16 1479/130/16 1563/245/16
f 1164/250/6 2382/116/6 1038/116/6
f 1560/245/16 1477/129/16 1561/242/16
f 522/223/6 1819/260/6 475/260/6
f 1558/238/16 1475/129/16 1559/245/16
f 1449/128/5 2877/132/5 1533/132/5
f 1556/235/16 1473/129/16 1557/235/16
f 2383/116/5 1165/250/5 1039/116/5
f 1554/235/16 1471/129/16 1555/235/16
f 1818/169/5 523/261/5 474/169/5
f 1552/235/16 1469/130/16 1553/235/16
f 2878/132/6 1450/128/6 1534/132/6
f 1550/232/16 1467/176/16 1551/239/16
f 1166/186/6 2384/116/6 1040/116/6
f 1548/131/29 3559/128/29 3581/131/29
f 524/262/6 1817/155/6 473/155/6
f 1546/249/29 1463/263/29 1547/248/29
f 1451/128/5 2879/132/5 1535/132/5
f 1544/131/29 1461/128/29 1545/249/29
f 2385/264/5 1167/253/5 1041/264/5
f 1542/248/29 1459/128/29 1543/131/29
f 1816/167/5 525/261/5 472/167/5
f 1540/227/29 1457/265/29 1541/248/29
f 2880/219/6 1452/150/6 1536/219/6
f 1538/219/29 1455/266/29 1539/227/29
f 1168/267/6 2386/264/6 1042/264/6
f 1536/219/29 1453/150/29 1537/219/29
f 526/223/6 1815/167/6 471/167/6
f 1534/132/29 1451/128/29 1535/132/29
f 1453/150/5 2881/219/5 1537/219/5
f 1532/219/29 1449/128/29 1533/132/29
f 2387/116/5 1169/268/5 1043/116/5
f 1530/219/29 1447/216/29 1531/132/29
f 1814/165/5 527/261/5 470/165/5
f 1528/219/29 1445/241/29 1529/219/29
f 2882/219/6 1454/269/6 1538/219/6
f 1526/248/29 1443/220/29 1527/248/29
f 1170/255/6 2388/116/6 1044/116/6
f 1524/131/29 1441/220/29 1525/248/29
f 528/223/6 1813/99/6 469/99/6
f 1522/131/29 1439/251/29 1523/131/29
f 1455/266/5 2883/227/5 1539/227/5
f 1520/132/29 1437/247/29 1521/132/29
f 1045/118/5 2515/123/5 1171/123/5
f 1518/219/29 1435/246/29 1519/132/29
f 1812/161/5 529/223/5 468/161/5
f 1516/227/29 1433/220/29 1517/219/29
f 2884/227/6 1456/270/6 1540/227/6
f 1514/219/29 1431/228/29 1515/219/29
f 2516/271/6 1046/272/6 1172/271/6
f 1512/227/29 1429/228/29 1513/219/29
f 530/262/6 1811/151/6 467/151/6
f 1510/219/29 1427/220/29 1511/219/29
f 1457/265/5 2885/248/5 1541/248/5
f 1508/213/29 1425/216/29 1509/213/29
f 1047/273/5 2517/271/5 1173/271/5
f 1506/130/15 3548/156/15 3570/130/15
f 1810/155/5 531/274/5 466/155/5
f 1504/176/15 1421/170/15 1505/176/15
f 2886/248/6 1458/150/6 1542/248/6
f 1502/176/15 1419/156/15 1503/176/15
f 2518/275/6 1048/146/6 1174/275/6
f 1500/176/15 1417/170/15 1501/176/15
f 532/274/6 1809/155/6 465/155/6
f 1498/176/15 1415/178/15 1499/176/15
f 1459/128/5 2887/131/5 1543/131/5
f 1496/130/15 1413/175/15 1497/176/15
f 1049/146/5 2519/275/5 1175/275/5
f 1494/130/15 1411/156/15 1495/130/15
f 464/159/5 1877/262/5 533/262/5
f 1492/129/15 1409/156/15 1493/129/15
f 2888/131/6 1460/128/6 1544/131/6
f 1490/129/15 1407/170/15 1491/129/15
f 2520/276/6 1050/146/6 1176/276/6
f 1488/259/15 1405/170/15 1489/259/15
f 534/223/6 1807/277/6 463/277/6
f 1486/259/15 1403/170/15 1487/259/15
f 1461/128/5 2889/249/5 1545/249/5
f 1484/259/15 1401/170/15 1485/259/15
f 1051/278/5 2521/275/5 1177/275/5
f 1482/259/15 1399/178/15 1483/259/15
f 1806/155/5 535/262/5 462/155/5
f 1480/129/15 1397/170/15 1481/259/15
f 2890/249/6 1462/128/6 1546/249/6
f 1478/129/15 1395/178/15 1479/130/15
f 2522/275/6 1052/278/6 1178/275/6
f 1476/129/15 1393/279/15 1477/129/15
f 1880/261/6 461/155/6 536/261/6
f 1474/129/15 1391/280/15 1475/129/15
f 1463/263/5 2891/248/5 1547/248/5
f 1472/129/15 1389/281/15 1473/129/15
f 1053/278/5 2523/275/5 1179/275/5
f 1470/130/15 1387/281/15 1471/129/15
f 1804/155/5 537/262/5 460/155/5
f 1468/130/15 1385/170/15 1469/130/15
f 2892/131/6 1464/128/6 1548/131/6
f 1466/176/15 1383/170/15 1467/176/15
f 2524/276/6 1054/282/6 1180/276/6
f 1464/128/28 3537/127/28 3559/128/28
f 1882/223/6 459/154/6 538/223/6
f 1462/128/28 1379/127/28 1463/263/28
f 2809/130/5 1549/133/5 1465/130/5
f 1460/128/28 1377/127/28 1461/128/28
f 1055/278/5 2525/275/5 1181/275/5
f 1458/150/28 1375/127/28 1459/128/28
f 1802/155/5 539/223/5 458/155/5
f 1456/270/28 1373/283/28 1457/265/28
f 1550/232/6 2810/176/6 1466/176/6
f 1454/269/28 1371/284/28 1455/266/28
f 2526/275/6 1056/278/6 1182/275/6
f 1452/150/28 1369/284/28 1453/150/28
f 540/100/6 1801/141/6 457/141/6
f 1450/128/28 1367/285/28 1451/128/28
f 2811/176/5 1551/239/5 1467/176/5
f 1448/128/28 1365/285/28 1449/128/28
f 1057/286/5 2527/123/5 1183/123/5
f 1446/241/28 1363/284/28 1447/216/28
f 415/97/5 1885/102/5 541/102/5
f 1444/241/28 1361/283/28 1445/241/28
f 1552/235/6 2812/130/6 1468/130/6
f 1442/220/28 1359/127/28 1443/220/28
f 2528/123/6 1058/287/6 1184/123/6
f 1440/252/28 1357/127/28 1441/220/28
f 1886/102/6 416/288/6 542/102/6
f 1438/246/28 1355/289/28 1439/251/28
f 2813/130/5 1553/235/5 1469/130/5
f 1436/247/28 1353/127/28 1437/247/28
f 1059/287/5 2529/123/5 1185/123/5
f 1434/220/28 1351/127/28 1435/246/28
f 417/288/5 1887/102/5 543/102/5
f 1432/241/28 1349/127/28 1433/220/28
f 1554/235/6 2814/130/6 1470/130/6
f 1430/228/28 1347/283/28 1431/228/28
f 2530/122/6 1060/286/6 1186/122/6
f 1428/228/28 1345/283/28 1429/228/28
f 1888/102/6 418/95/6 544/102/6
f 1426/220/28 1343/127/28 1427/220/28
f 2815/129/5 1555/235/5 1471/129/5
f 1424/128/28 1341/127/28 1425/216/28
f 1061/286/5 2531/122/5 1187/122/5
f 1422/156/14 3526/290/14 3548/156/14
f 419/95/5 1889/101/5 545/101/5
f 1420/156/14 1337/291/14 1421/170/14
f 1556/235/6 2816/129/6 1472/129/6
f 1418/170/14 1335/292/14 1419/156/14
f 2532/122/6 1062/293/6 1188/122/6
f 1416/170/14 1333/291/14 1417/170/14
f 1890/294/6 420/295/6 546/294/6
f 1414/178/14 1331/292/14 1415/178/14
f 2817/129/5 1557/235/5 1473/129/5
f 1412/170/14 1329/296/14 1413/175/14
f 1063/293/5 2533/297/5 1189/297/5
f 1410/156/14 1327/291/14 1411/156/14
f 421/197/5 1891/294/5 547/294/5
f 1408/170/14 1325/292/14 1409/156/14
f 1558/238/6 2818/129/6 1474/129/6
f 1406/170/14 1323/291/14 1407/170/14
f 2534/297/6 1064/298/6 1190/297/6
f 1404/170/14 1321/299/14 1405/170/14
f 548/294/6 1766/197/6 422/197/6
f 1402/170/14 1319/299/14 1403/170/14
f 2819/129/5 1559/245/5 1475/129/5
f 1400/178/14 1317/299/14 1401/170/14
f 1065/298/5 2535/297/5 1191/297/5
f 1398/170/14 1315/299/14 1399/178/14
f 423/197/5 1893/294/5 549/294/5
f 1396/178/14 1313/300/14 1397/170/14
f 1560/245/6 2820/129/6 1476/129/6
f 1394/281/14 1311/290/14 1395/178/14
f 2536/275/6 1066/298/6 1192/275/6
f 1392/280/14 1309/300/14 1393/279/14
f 550/301/6 1768/95/6 424/95/6
f 1390/302/14 1307/300/14 1391/280/14
f 2821/129/5 1561/242/5 1477/129/5
f 1388/281/14 1305/300/14 1389/281/14
f 1067/298/5 2537/275/5 1193/275/5
f 1386/170/14 1303/300/14 1387/281/14
f 425/95/5 1895/102/5 551/102/5
f 1384/170/14 1301/300/14 1385/170/14
f 1562/235/6 2822/129/6 1478/129/6
f 1382/170/14 1299/290/14 1383/170/14
f 2538/275/6 1068/146/6 1194/275/6
f 1380/127/27 3515/126/27 3537/127/27
f 552/102/6 1770/95/6 426/95/6
f 1378/127/27 1295/303/27 1379/127/27
f 2823/130/5 1563/245/5 1479/130/5
f 1376/127/27 1293/126/27 1377/127/27
f 1069/146/5 2539/123/5 1195/123/5
f 1374/283/27 1291/126/27 1375/127/27
f 427/95/5 1897/304/5 553/304/5
f 1372/284/27 1289/305/27 1373/283/27
f 1564/244/6 2824/129/6 1480/129/6
f 1370/284/27 1287/306/27 1371/284/27
f 2540/275/6 1070/307/6 1196/275/6
f 1368/285/27 1285/308/27 1369/284/27
f 554/304/6 1772/95/6 428/95/6
f 1366/285/27 1283/126/27 1367/285/27
f 2825/259/5 1565/242/5 1481/259/5
f 1364/285/27 1281/126/27 1365/285/27
f 1071/307/5 2541/123/5 1197/123/5
f 1362/284/27 1279/309/27 1363/284/27
f 429/95/5 1899/304/5 555/304/5
f 1360/283/27 1277/310/27 1361/283/27
f 1566/242/6 2826/259/6 1482/259/6
f 1358/127/27 1275/311/27 1359/127/27
f 2542/123/6 1072/307/6 1198/123/6
f 1356/127/27 1273/311/27 1357/127/27
f 556/304/6 1774/215/6 430/215/6
f 1354/127/27 1271/312/27 1355/289/27
f 2827/259/5 1567/244/5 1483/259/5
f 1352/127/27 1269/313/27 1353/127/27
f 1073/307/5 2543/123/5 1199/123/5
f 1350/127/27 1267/314/27 1351/127/27
f 431/315/5 1901/304/5 557/304/5
f 1348/283/27 1265/311/27 1349/127/27
f 1568/244/6 2828/259/6 1484/259/6
f 1346/283/27 1263/316/27 1347/283/27
f 2544/275/6 1074/273/6 1200/275/6
f 1344/283/27 1261/316/27 1345/283/27
f 558/317/6 1776/95/6 432/95/6
f 1342/127/27 1259/311/27 1343/127/27
f 2829/259/5 1569/242/5 1485/259/5
f 1340/127/27 1257/309/27 1341/127/27
f 1075/273/5 2545/275/5 1201/275/5
f 1338/290/13 3504/124/13 3526/290/13
f 433/95/5 1903/317/5 559/317/5
f 1336/292/13 1253/318/13 1337/291/13
f 1570/242/6 2830/259/6 1486/259/6
f 1334/291/13 1251/124/13 1335/292/13
f 2546/122/6 1076/282/6 1202/122/6
f 1332/291/13 1249/124/13 1333/291/13
f 560/317/6 1778/95/6 434/95/6
f 1330/291/13 1247/319/13 1331/292/13
f 2831/259/5 1571/242/5 1487/259/5
f 1328/292/13 1245/319/13 1329/296/13
f 1077/118/5 2547/276/5 1203/276/5
f 1326/291/13 1243/320/13 1327/291/13
f 435/215/5 1905/102/5 561/102/5
f 1324/291/13 1241/319/13 1325/292/13
f 1572/235/6 2832/259/6 1488/259/6
f 1322/291/13 1239/319/13 1323/291/13
f 2548/276/6 1078/273/6 1204/276/6
f 1320/290/13 1237/321/13 1321/299/13
f 562/301/6 1780/197/6 436/197/6
f 1318/299/13 1235/321/13 1319/299/13
f 2833/259/5 1573/235/5 1489/259/5
f 1316/299/13 1233/321/13 1317/299/13
f 1079/273/5 2549/297/5 1205/297/5
f 1314/300/13 1231/322/13 1315/299/13
f 437/295/5 1907/301/5 563/301/5
f 1312/300/13 1229/318/13 1313/300/13
f 1574/235/6 2834/129/6 1490/129/6
f 1310/94/13 1227/323/13 1311/290/13
f 2550/297/6 1080/273/6 1206/297/6
f 1308/300/13 1225/321/13 1309/300/13
f 564/324/6 1782/163/6 438/163/6
f 1306/94/13 1223/321/13 1307/300/13
f 2835/129/5 1575/235/5 1491/129/5
f 1304/300/13 1221/319/13 1305/300/13
f 1081/307/5 2551/122/5 1207/122/5
f 1302/300/13 1219/325/13 1303/300/13
f 439/152/5 1909/102/5 565/102/5
f 1300/300/13 1217/325/13 1301/300/13
f 1576/235/6 2836/129/6 1492/129/6
f 1298/290/13 1215/318/13 1299/290/13
f 2552/122/6 1082/146/6 1208/122/6
f 1296/126/26 3493/122/26 3515/126/26
f 1910/102/6 440/152/6 566/102/6
f 1294/126/26 1211/297/26 1295/303/26
f 2837/129/5 1577/233/5 1493/129/5
f 1292/126/26 1209/326/26 1293/126/26
f 1083/146/5 2553/326/5 1209/326/5
f 1290/308/26 1207/122/26 1291/126/26
f 441/152/5 1911/101/5 567/101/5
f 1288/305/26 1205/297/26 1289/305/26
f 1578/133/6 2838/130/6 1494/130/6
f 1286/308/26 1203/276/26 1287/306/26
f 2554/326/6 1084/118/6 1210/326/6
f 1284/308/26 1201/275/26 1285/308/26
f 1912/101/6 442/163/6 568/101/6
f 1282/126/26 1199/123/26 1283/126/26
f 2839/130/5 1579/133/5 1495/130/5
f 1280/126/26 1197/123/26 1281/126/26
f 1085/327/5 2555/297/5 1211/297/5
f 1278/310/26 1195/123/26 1279/309/26
f 443/152/5 1913/101/5 569/101/5
f 1276/310/26 1193/275/26 1277/310/26
f 1580/133/6 2840/130/6 1496/130/6
f 1274/311/26 1191/297/26 1275/311/26
f 2556/122/6 1086/118/6 1212/122/6
f 1272/328/26 1189/297/26 1273/311/26
f 1914/101/6 444/152/6 570/101/6
f 1270/314/26 1187/122/26 1271/312/26
f 2841/176/5 1581/239/5 1497/176/5
f 1268/313/26 1185/123/26 1269/313/26
f 2431/119/5 1213/125/5 1087/119/5
f 1266/311/26 1183/123/26 1267/314/26
f 445/163/5 1915/101/5 571/101/5
f 1264/310/26 1181/275/26 1265/311/26
f 1582/238/6 2842/176/6 1498/176/6
f 1262/316/26 1179/275/26 1263/316/26
f 1214/318/6 2432/147/6 1088/147/6
f 1260/316/26 1177/275/26 1261/316/26
f 1916/101/6 446/163/6 572/101/6
f 1258/311/26 1175/275/26 1259/311/26
f 2843/176/5 1583/238/5 1499/176/5
f 1256/126/26 1173/271/26 1257/309/26
f 2433/147/5 1215/318/5 1089/147/5
f 3668/329/40 1170/255/40 3482/330/40
f 447/163/5 1917/331/5 573/331/5
f 669/329/40 1169/268/40 668/329/40
f 1584/239/6 2844/176/6 1500/176/6
f 671/329/40 1167/253/40 670/332/40
f 1216/318/6 2434/119/6 1090/119/6
f 672/333/40 1164/250/40 1165/250/40
f 1918/294/6 448/189/6 574/294/6
f 674/142/40 1162/258/40 1163/258/40
f 2845/176/5 1585/235/5 1501/176/5
f 677/333/40 1161/257/40 676/334/40
f 2435/119/5 1217/325/5 1091/119/5
f 678/335/40 1158/255/40 1159/120/40
f 449/193/5 1919/294/5 575/294/5
f 680/142/40 1156/186/40 1157/253/40
f 1586/235/6 2846/176/6 1502/176/6
f 682/142/40 1154/195/40 1155/186/40
f 1218/325/6 2436/119/6 1092/119/6
f 684/336/40 1152/186/40 1153/250/40
f 1920/101/6 450/197/6 576/101/6
f 686/336/40 1150/243/40 1151/186/40
f 2847/176/5 1587/233/5 1503/176/5
f 688/337/40 1148/240/40 1149/243/40
f 2437/119/5 1219/325/5 1093/119/5
f 690/337/40 1146/234/40 1147/240/40
f 451/95/5 1921/101/5 577/101/5
f 692/142/40 1144/229/40 1145/217/40
f 1588/133/6 2848/176/6 1504/176/6
f 694/142/40 1142/221/40 1143/205/40
f 1220/319/6 2438/119/6 1094/119/6
f 696/333/40 1140/214/40 1141/217/40
f 1922/101/6 452/95/6 578/101/6
f 698/333/40 1138/208/40 1139/205/40
f 2849/176/5 1589/232/5 1505/176/5
f 700/329/40 1136/186/40 1137/205/40
f 2439/119/5 1221/319/5 1095/119/5
f 702/329/40 1134/195/40 1135/186/40
f 453/95/5 1923/101/5 579/101/5
f 704/329/40 1132/186/40 1133/186/40
f 1590/133/6 2850/130/6 1506/130/6
f 706/338/40 1130/120/40 1131/121/40
f 1222/323/6 2440/147/6 1096/147/6
f 1254/124/12 3471/119/12 3504/124/12
f 1924/101/6 454/95/6 580/101/6
f 1252/124/12 1127/147/12 1253/318/12
f 2851/132/5 1591/134/5 1507/132/5
f 1250/124/12 1125/119/12 1251/124/12
f 2441/147/5 1223/321/5 1097/147/5
f 1248/325/12 1123/147/12 1249/124/12
f 455/95/5 1925/301/5 581/301/5
f 1246/320/12 1121/339/12 1247/319/12
f 2936/256/6 1508/213/6 1592/256/6
f 1244/325/12 1119/119/12 1245/319/12
f 1224/321/6 2442/147/6 1098/147/6
f 1242/320/12 1117/119/12 1243/320/12
f 1926/101/6 456/215/6 582/101/6
f 1240/319/12 1115/119/12 1241/319/12
f 2853/213/5 1593/212/5 1509/213/5
f 1238/321/12 1113/340/12 1239/319/12
f 2443/119/5 1225/321/5 1099/119/5
f 1236/322/12 1111/340/12 1237/321/12
f 499/100/5 1927/104/5 583/104/5
f 1234/321/12 1109/119/12 1235/321/12
f 2938/210/6 1510/219/6 1594/210/6
f 1232/322/12 1107/119/12 1233/321/12
f 1226/323/6 2444/119/6 1100/119/6
f 1230/341/12 1105/147/12 1231/322/12
f 1928/104/6 500/223/6 584/104/6
f 1228/321/12 1103/340/12 1229/318/12
f 2855/219/5 1595/210/5 1511/219/5
f 1226/323/12 1101/119/12 1227/323/12
f 2445/119/5 1227/323/5 1101/119/5
f 1224/321/12 1099/119/12 1225/321/12
f 501/223/5 1929/104/5 585/104/5
f 1222/323/12 1097/147/12 1223/321/12
f 2940/210/6 1512/227/6 1596/210/6
f 1220/319/12 1095/119/12 1221/319/12
f 1228/321/6 2446/340/6 1102/340/6
f 1218/325/12 1093/119/12 1219/325/12
f 1930/104/6 502/98/6 586/104/6
f 1216/318/12 1091/119/12 1217/325/12
f 2857/219/5 1597/226/5 1513/219/5
f 1214/318/12 1089/147/12 1215/318/12
f 2447/340/5 1229/318/5 1103/340/5
f 1212/122/25 3460/118/25 3493/122/25
f 503/98/5 1931/103/5 587/103/5
f 1210/326/25 1085/327/25 1211/297/25
f 2942/226/6 1514/219/6 1598/226/6
f 1208/122/25 1083/146/25 1209/326/25
f 1230/341/6 2448/119/6 1104/119/6
f 1206/297/25 1081/307/25 1207/122/25
f 1932/342/6 504/236/6 588/342/6
f 1204/276/25 1079/273/25 1205/297/25
f 2859/219/5 1599/226/5 1515/219/5
f 1202/122/25 1077/118/25 1203/276/25
f 2449/147/5 1231/322/5 1105/147/5
f 1200/275/25 1075/273/25 1201/275/25
f 505/98/5 1933/342/5 589/342/5
f 1198/123/25 1073/307/25 1199/123/25
f 2944/254/6 1516/227/6 1600/254/6
f 1196/275/25 1071/307/25 1197/123/25
f 1232/322/6 2450/147/6 1106/147/6
f 1194/275/25 1069/146/25 1195/123/25
f 1934/342/6 506/98/6 590/342/6
f 1192/275/25 1067/298/25 1193/275/25
f 2861/219/5 1601/226/5 1517/219/5
f 1190/297/25 1065/298/25 1191/297/25
f 2451/119/5 1233/321/5 1107/119/5
f 1188/122/25 1063/293/25 1189/297/25
f 507/98/5 1935/342/5 591/342/5
f 1186/122/25 1061/286/25 1187/122/25
f 2946/226/6 1518/219/6 1602/226/6
f 1184/123/25 1059/287/25 1185/123/25
f 1234/321/6 2452/119/6 1108/119/6
f 1182/275/25 1057/286/25 1183/123/25
f 1936/343/6 508/236/6 592/343/6
f 1180/276/25 1055/278/25 1181/275/25
f 2863/132/5 1603/224/5 1519/132/5
f 1178/275/25 1053/278/25 1179/275/25
f 2453/119/5 1235/321/5 1109/119/5
f 1176/276/25 1051/278/25 1177/275/25
f 509/98/5 1937/104/5 593/104/5
f 1174/275/25 1049/146/25 1175/275/25
f 2948/225/6 1520/132/6 1604/225/6
f 1172/271/25 1047/273/25 1173/271/25
f 1236/322/6 2454/119/6 1110/119/6
f 1170/255/38 3449/116/38 3482/330/38
f 1938/104/6 510/98/6 594/104/6
f 1168/267/38 1043/116/38 1169/268/38
f 2865/132/5 1605/225/5 1521/132/5
f 1166/186/38 1041/264/38 1167/253/38
f 2455/340/5 1237/321/5 1111/340/5
f 1164/250/38 1039/116/38 1165/250/38
f 511/98/5 1939/344/5 595/344/5
f 1162/258/38 1037/230/38 1163/258/38
f 2950/224/6 1522/131/6 1606/224/6
f 1160/120/38 1035/117/38 1161/257/38
f 1238/321/6 2456/340/6 1112/340/6
f 1158/255/38 1033/117/38 1159/120/38
f 1940/344/6 512/100/6 596/344/6
f 1156/186/38 1031/187/38 1157/253/38
f 2867/131/5 1607/224/5 1523/131/5
f 1154/195/38 1029/117/38 1155/186/38
f 2457/340/5 1239/319/5 1113/340/5
f 1152/186/38 1027/187/38 1153/250/38
f 513/223/5 1941/344/5 597/344/5
f 1150/243/38 1025/187/38 1151/186/38
f 2952/222/6 1524/131/6 1608/222/6
f 1148/240/38 1023/230/38 1149/243/38
f 1240/319/6 2458/119/6 1114/119/6
f 1146/234/38 1021/230/38 1147/240/38
f 1942/344/6 514/100/6 598/344/6
f 1144/229/38 1019/230/38 1145/217/38
f 2869/248/5 1609/222/5 1525/248/5
f 1142/221/38 1017/117/38 1143/205/38
f 2459/119/5 1241/319/5 1115/119/5
f 1140/214/38 1015/187/38 1141/217/38
f 515/98/5 1943/344/5 599/344/5
f 1138/208/38 1013/187/38 1139/205/38
f 2954/218/6 1526/248/6 1610/218/6
f 1136/186/38 1011/187/38 1137/205/38
f 1242/320/6 2460/119/6 1116/119/6
f 1134/195/38 1009/187/38 1135/186/38
f 1944/345/6 516/100/6 600/345/6
f 1132/186/38 1007/187/38 1133/186/38
f 2871/248/5 1611/218/5 1527/248/5
f 1130/120/38 1005/179/38 1131/121/38
f 2461/119/5 1243/320/5 1117/119/5
f 1128/119/11 3438/114/11 3471/119/11
f 517/223/5 1945/345/5 601/345/5
f 1126/119/11 1001/168/11 1127/147/11
f 2956/218/6 1528/219/6 1612/218/6
f 1124/147/11 999/114/11 1125/119/11
f 1244/325/6 2462/119/6 1118/119/6
f 1122/339/11 997/114/11 1123/147/11
f 1946/345/6 518/223/6 602/345/6
f 1120/339/11 995/346/11 1121/339/11
f 2873/219/5 1613/218/5 1529/219/5
f 1118/119/11 993/347/11 1119/119/11
f 2463/119/5 1245/319/5 1119/119/5
f 1116/119/11 991/347/11 1117/119/11
f 519/223/5 1947/104/5 603/104/5
f 1114/119/11 989/346/11 1115/119/11
f 2958/210/6 1530/219/6 1614/210/6
f 1112/340/11 987/346/11 1113/340/11
f 1246/320/6 2464/339/6 1120/339/6
f 1110/119/11 985/348/11 1111/340/11
f 1948/343/6 520/223/6 604/343/6
f 1108/119/11 983/348/11 1109/119/11
f 2875/132/5 1615/210/5 1531/132/5
f 1106/147/11 981/348/11 1107/119/11
f 2465/339/5 1247/319/5 1121/339/5
f 1104/119/11 979/349/11 1105/147/11
f 521/223/5 1949/343/5 605/343/5
f 1102/340/11 977/168/11 1103/340/11
f 2960/211/6 1532/219/6 1616/211/6
f 1100/119/11 975/350/11 1101/119/11
f 1248/325/6 2466/339/6 1122/339/6
f 1098/147/11 973/348/11 1099/119/11
f 1950/351/6 522/223/6 606/351/6
f 1096/147/11 971/348/11 1097/147/11
f 2877/132/41 1617/211/41 1533/132/41
f 1094/119/11 969/346/11 1095/119/11
f 2467/147/5 1249/124/5 1123/147/5
f 1092/119/11 967/352/11 1093/119/11
f 523/261/5 1951/104/5 607/104/5
f 1090/119/11 965/352/11 1091/119/11
f 2962/211/6 1534/132/6 1618/211/6
f 1088/147/11 963/168/11 1089/147/11
f 713/353/5 2183/354/5 839/354/5
f 1086/118/24 3427/113/24 3460/118/24
f 1250/124/6 2468/147/6 1124/147/6
f 1084/118/24 959/113/24 1085/327/24
f 1952/104/6 524/262/6 608/104/6
f 1082/146/24 957/355/24 1083/146/24
f 2879/132/41 1619/211/41 1535/132/41
f 1080/273/24 955/355/24 1081/307/24
f 2184/354/6 714/353/6 840/354/6
f 1078/273/24 953/355/24 1079/273/24
f 2469/119/5 1251/124/5 1125/119/5
f 1076/282/24 951/356/24 1077/118/24
f 525/261/5 1953/103/5 609/103/5
f 1074/273/24 949/357/24 1075/273/24
f 2964/212/6 1536/219/6 1620/212/6
f 1072/307/24 947/357/24 1073/307/24
f 715/358/5 2185/354/5 841/354/5
f 1070/307/24 945/357/24 1071/307/24
f 1252/124/6 2470/119/6 1126/119/6
f 1068/146/24 943/357/24 1069/146/24
f 1954/103/6 526/223/6 610/103/6
f 1066/298/24 941/357/24 1067/298/24
f 2881/219/5 1621/212/5 1537/219/5
f 1064/298/24 939/357/24 1065/298/24
f 2186/354/6 716/359/6 842/354/6
f 1062/293/24 937/356/24 1063/293/24
f 2471/147/5 1253/318/5 1127/147/5
f 1060/286/24 935/356/24 1061/286/24
f 527/261/5 1955/103/5 611/103/5
f 1058/287/24 933/356/24 1059/287/24
f 2966/134/6 1538/219/6 1622/134/6
f 1056/278/24 931/356/24 1057/286/24
f 717/358/5 2187/354/5 843/354/5
f 1054/282/24 929/356/24 1055/278/24
f 1254/124/6 2472/119/6 1128/119/6
f 1052/278/24 927/355/24 1053/278/24
f 1956/103/6 528/223/6 612/103/6
f 1050/146/24 925/355/24 1051/278/24
f 2883/227/5 1623/134/5 1539/227/5
f 1048/146/24 923/355/24 1049/146/24
f 2188/111/6 718/358/6 844/111/6
f 1046/272/24 921/113/24 1047/273/24
f 2473/121/5 708/107/5 1129/121/5
f 1044/116/37 3416/112/37 3449/116/37
f 529/223/5 1957/103/5 613/103/5
f 1042/264/37 917/360/37 1043/116/37
f 2968/212/6 1540/227/6 1624/212/6
f 1040/116/37 915/112/37 1041/264/37
f 719/358/5 2189/354/5 845/354/5
f 1038/116/37 913/112/37 1039/116/37
f 707/329/6 2474/120/6 1130/120/6
f 1036/117/37 911/361/37 1037/230/37
f 1958/362/6 530/262/6 614/362/6
f 1034/187/37 909/363/37 1035/117/37
f 2885/248/5 1625/212/5 1541/248/5
f 1032/117/37 907/364/37 1033/117/37
f 2190/354/6 720/358/6 846/354/6
f 1030/117/37 905/365/37 1031/187/37
f 2475/121/5 706/338/5 1131/121/5
f 1028/117/37 903/365/37 1029/117/37
f 1875/274/5 615/103/5 531/274/5
f 1026/117/37 901/366/37 1027/187/37
f 2970/212/6 1542/248/6 1626/212/6
f 1024/187/37 899/366/37 1025/187/37
f 721/358/5 2191/354/5 847/354/5
f 1022/230/37 897/367/37 1023/230/37
f 705/329/6 2476/186/6 1132/186/6
f 1020/230/37 895/367/37 1021/230/37
f 616/342/6 1876/274/6 532/274/6
f 1018/230/37 893/368/37 1019/230/37
f 2887/131/5 1627/211/5 1543/131/5
f 1016/117/37 891/369/37 1017/117/37
f 2192/111/6 722/358/6 848/111/6
f 1014/187/37 889/367/37 1015/187/37
f 2477/186/5 704/329/5 1133/186/5
f 1012/117/37 887/367/37 1013/187/37
f 533/262/5 1961/342/5 617/342/5
f 1010/187/37 885/367/37 1011/187/37
f 2972/210/6 1544/131/6 1628/210/6
f 1008/187/37 883/370/37 1009/187/37
f 723/353/5 2193/371/5 849/371/5
f 1006/187/37 881/370/37 1007/187/37
f 703/372/6 2478/195/6 1134/195/6
f 1004/179/37 879/373/37 1005/179/37
f 1962/103/6 534/223/6 618/103/6
f 1002/114/10 3405/371/10 3438/114/10
f 2889/249/41 1629/210/41 1545/249/41
f 1000/114/10 875/374/10 1001/168/10
f 2194/354/6 724/353/6 850/354/6
f 998/114/10 873/375/10 999/114/10
f 2479/186/5 702/329/5 1135/186/5
f 996/352/10 871/374/10 997/114/10
f 535/262/5 1963/103/5 619/103/5
f 994/346/10 869/375/10 995/346/10
f 2974/134/6 1546/249/6 1630/134/6
f 992/346/10 867/376/10 993/347/10
f 725/353/5 2195/354/5 851/354/5
f 990/347/10 865/374/10 991/347/10
f 701/329/6 2480/186/6 1136/186/6
f 988/346/10 863/375/10 989/346/10
f 1964/103/6 536/261/6 620/103/6
f 986/348/10 861/374/10 987/346/10
f 2891/248/5 1631/209/5 1547/248/5
f 984/349/10 859/377/10 985/348/10
f 2196/354/6 726/353/6 852/354/6
f 982/348/10 857/377/10 983/348/10
f 2481/205/5 700/329/5 1137/205/5
f 980/349/10 855/377/10 981/348/10
f 1881/262/5 621/103/5 537/262/5
f 978/378/10 853/377/10 979/349/10
f 2976/134/6 1548/131/6 1632/134/6
f 976/348/10 851/354/10 977/168/10
f 727/353/5 2197/377/5 853/377/5
f 974/350/10 849/371/10 975/350/10
f 699/329/6 2482/208/6 1138/208/6
f 972/348/10 847/354/10 973/348/10
f 622/103/6 1882/223/6 538/223/6
f 970/350/10 845/354/10 971/348/10
f 2893/133/5 1633/136/5 1549/133/5
f 968/346/10 843/354/10 969/346/10
f 2198/377/6 728/353/6 854/377/6
f 966/352/10 841/354/10 967/352/10
f 2483/205/5 698/333/5 1139/205/5
f 964/168/10 839/354/10 965/352/10
f 1883/223/5 623/343/5 539/223/5
f 962/168/10 837/371/10 963/168/10
f 1634/192/6 2894/232/6 1550/232/6
f 960/113/23 3394/379/23 3427/113/23
f 729/353/5 2199/377/5 855/377/5
f 958/355/23 833/379/23 959/113/23
f 697/333/6 2484/214/6 1140/214/6
f 956/355/23 831/379/23 957/355/23
f 624/103/6 1884/100/6 540/100/6
f 954/355/23 829/380/23 955/355/23
f 2895/239/5 1635/136/5 1551/239/5
f 952/113/23 827/380/23 953/355/23
f 2200/377/6 730/353/6 856/377/6
f 950/381/23 825/110/23 951/356/23
f 2485/217/5 696/333/5 1141/217/5
f 948/357/23 823/380/23 949/357/23
f 541/102/5 1969/105/5 625/105/5
f 946/357/23 821/380/23 947/357/23
f 1636/191/6 2896/235/6 1552/235/6
f 944/357/23 819/380/23 945/357/23
f 731/353/5 2201/377/5 857/377/5
f 942/357/23 817/379/23 943/357/23
f 695/142/6 2486/221/6 1142/221/6
f 940/357/23 815/379/23 941/357/23
f 1970/382/6 542/102/6 626/382/6
f 938/356/23 813/379/23 939/357/23
f 2897/235/5 1637/180/5 1553/235/5
f 936/356/23 811/383/23 937/356/23
f 2202/371/6 732/384/6 858/371/6
f 934/356/23 809/385/23 935/356/23
f 2487/205/5 694/142/5 1143/205/5
f 932/356/23 807/385/23 933/356/23
f 543/102/5 1971/382/5 627/382/5
f 930/356/23 805/386/23 931/356/23
f 1638/207/6 2898/235/6 1554/235/6
f 928/355/23 803/387/23 929/356/23
f 733/353/5 2203/377/5 859/377/5
f 926/355/23 801/388/23 927/355/23
f 693/142/6 2488/229/6 1144/229/6
f 924/355/23 799/388/23 925/355/23
f 1972/389/6 544/102/6 628/389/6
f 922/355/23 797/379/23 923/355/23
f 2899/235/5 1639/180/5 1555/235/5
f 920/113/23 795/380/23 921/113/23
f 2204/374/6 734/353/6 860/374/6
f 918/112/36 3383/109/36 3416/112/36
f 2489/217/5 692/142/5 1145/217/5
f 916/112/36 791/390/36 917/360/36
f 545/101/5 1973/389/5 629/389/5
f 914/112/36 789/109/36 915/112/36
f 1640/191/6 2900/235/6 1556/235/6
f 912/363/36 787/390/36 913/112/36
f 735/353/5 2205/374/5 861/374/5
f 910/361/36 785/391/36 911/361/36
f 691/336/6 2490/234/6 1146/234/6
f 908/392/36 783/393/36 909/363/36
f 1974/394/6 546/294/6 630/394/6
f 906/364/36 781/395/36 907/364/36
f 2901/235/5 1641/180/5 1557/235/5
f 904/365/36 779/396/36 905/365/36
f 2206/374/6 736/384/6 862/374/6
f 902/365/36 777/397/36 903/365/36
f 2491/240/5 690/337/5 1147/240/5
f 900/366/36 775/398/36 901/366/36
f 547/294/5 1975/389/5 631/389/5
f 898/366/36 773/399/36 899/366/36
f 1642/201/6 2902/238/6 1558/238/6
f 896/367/36 771/109/36 897/367/36
f 737/400/5 2207/375/5 863/375/5
f 894/368/36 769/390/36 895/367/36
f 689/142/6 2492/240/6 1148/240/6
f 892/367/36 767/401/36 893/368/36
f 1976/389/6 548/294/6 632/389/6
f 890/369/36 765/109/36 891/369/36
f 2903/245/5 1643/180/5 1559/245/5
f 888/367/36 763/109/36 889/367/36
f 2208/374/6 738/400/6 864/374/6
f 886/369/36 761/390/36 887/367/36
f 2493/243/5 688/337/5 1149/243/5
f 884/367/36 759/399/36 885/367/36
f 549/294/5 1977/389/5 633/389/5
f 882/370/36 757/399/36 883/370/36
f 1644/136/6 2904/245/6 1560/245/6
f 880/370/36 755/109/36 881/370/36
f 739/384/5 2209/374/5 865/374/5
f 878/360/36 753/390/36 879/373/36
f 687/336/6 2494/243/6 1150/243/6
f 876/371/9 3372/400/9 3405/371/9
f 1978/394/6 550/301/6 634/394/6
f 874/375/9 749/353/9 875/374/9
f 2905/242/5 1645/180/5 1561/242/5
f 872/374/9 747/384/9 873/375/9
f 2210/375/6 740/402/6 866/375/6
f 870/374/9 745/353/9 871/374/9
f 2495/186/5 686/336/5 1151/186/5
f 868/374/9 743/353/9 869/375/9
f 551/102/5 1979/389/5 635/389/5
f 866/375/9 741/358/9 867/376/9
f 1646/201/6 2906/235/6 1562/235/6
f 864/374/9 739/384/9 865/374/9
f 741/358/5 2211/376/5 867/376/5
f 862/374/9 737/400/9 863/375/9
f 685/403/6 2496/186/6 1152/186/6
f 860/374/9 735/353/9 861/374/9
f 1980/389/6 552/102/6 636/389/6
f 858/371/9 733/353/9 859/377/9
f 2907/245/5 1647/180/5 1563/245/5
f 856/377/9 731/353/9 857/377/9
f 2212/374/6 742/353/6 868/374/6
f 854/377/9 729/353/9 855/377/9
f 2497/250/5 684/336/5 1153/250/5
f 852/354/9 727/353/9 853/377/9
f 553/304/5 1981/105/5 637/105/5
f 850/354/9 725/353/9 851/354/9
f 1648/192/6 2908/244/6 1564/244/6
f 848/111/9 723/353/9 849/371/9
f 743/353/5 2213/375/5 869/375/5
f 846/354/9 721/358/9 847/354/9
f 683/334/6 2498/195/6 1154/195/6
f 844/111/9 719/358/9 845/354/9
f 1982/105/6 554/304/6 638/105/6
f 842/354/9 717/358/9 843/354/9
f 2909/242/5 1649/180/5 1565/242/5
f 840/354/9 715/358/9 841/354/9
f 2214/374/6 744/384/6 870/374/6
f 838/354/9 713/353/9 839/354/9
f 2499/186/5 682/142/5 1155/186/5
f 836/371/9 711/106/9 837/371/9
f 555/304/5 1983/404/5 639/404/5
f 834/379/22 3361/404/22 3394/379/22
f 1650/192/6 2910/242/6 1566/242/6
f 832/379/22 665/405/22 833/379/22
f 745/353/5 2215/374/5 871/374/5
f 830/379/22 663/406/22 831/379/22
f 681/333/6 2500/186/6 1156/186/6
f 828/380/22 661/406/22 829/380/22
f 1984/105/6 556/304/6 640/105/6
f 826/380/22 659/405/22 827/380/22
f 2911/244/5 1651/199/5 1567/244/5
f 824/387/22 657/407/22 825/110/22
f 2216/374/6 746/384/6 872/374/6
f 822/380/22 655/405/22 823/380/22
f 2501/253/5 680/142/5 1157/253/5
f 820/380/22 653/406/22 821/380/22
f 557/304/5 1985/105/5 641/105/5
f 818/380/22 651/406/22 819/380/22
f 1652/199/6 2912/244/6 1568/244/6
f 816/379/22 649/404/22 817/379/22
f 747/384/5 2217/375/5 873/375/5
f 814/379/22 647/382/22 815/379/22
f 679/142/6 2502/255/6 1158/255/6
f 812/379/22 645/382/22 813/379/22
f 1986/105/6 558/317/6 642/105/6
f 810/383/22 643/382/22 811/383/22
f 2913/242/5 1653/199/5 1569/242/5
f 808/385/22 641/105/22 809/385/22
f 2218/375/6 748/384/6 874/375/6
f 806/408/22 639/404/22 807/385/22
f 2503/120/5 678/335/5 1159/120/5
f 804/387/22 637/105/22 805/386/22
f 559/317/5 1987/382/5 643/382/5
f 802/388/22 635/389/22 803/387/22
f 1654/191/6 2914/242/6 1570/242/6
f 800/388/22 633/389/22 801/388/22
f 749/353/5 2219/374/5 875/374/5
f 798/379/22 631/389/22 799/388/22
f 677/333/6 2504/120/6 1160/120/6
f 796/379/22 629/389/22 797/379/22
f 1988/382/6 560/317/6 644/382/6
f 794/380/22 627/382/22 795/380/22
f 2915/242/5 1655/191/5 1571/242/5
f 792/109/35 3350/103/35 3383/109/35
f 2220/371/6 750/409/6 876/371/6
f 790/109/35 623/343/35 791/390/35
f 2505/257/5 676/334/5 1161/257/5
f 788/390/35 621/103/35 789/109/35
f 561/102/5 1989/382/5 645/382/5
f 786/391/35 619/103/35 787/390/35
f 1656/194/6 2916/235/6 1572/235/6
f 784/410/35 617/342/35 785/391/35
f 2095/109/5 877/112/5 751/109/5
f 782/395/35 615/103/35 783/393/35
f 675/333/6 2506/258/6 1162/258/6
f 780/396/35 613/103/35 781/395/35
f 1990/382/6 562/301/6 646/382/6
f 778/396/35 611/103/35 779/396/35
f 2917/235/5 1657/191/5 1573/235/5
f 776/397/35 609/103/35 777/397/35
f 878/360/6 2096/390/6 752/390/6
f 774/395/35 607/104/35 775/398/35
f 2507/258/5 674/142/5 1163/258/5
f 772/399/35 605/343/35 773/399/35
f 563/301/5 1991/382/5 647/382/5
f 770/390/35 603/104/35 771/109/35
f 1658/192/6 2918/235/6 1574/235/6
f 768/109/35 601/345/35 769/390/35
f 2097/390/5 879/373/5 753/390/5
f 766/411/35 599/344/35 767/401/35
f 673/412/6 2508/250/6 1164/250/6
f 764/109/35 597/344/35 765/109/35
f 1992/382/6 564/324/6 648/382/6
f 762/390/35 595/344/35 763/109/35
f 2919/235/5 1659/194/5 1575/235/5
f 760/413/35 593/104/35 761/390/35
f 880/370/6 2098/109/6 754/109/6
f 758/399/35 591/342/35 759/399/35
f 2509/250/5 672/333/5 1165/250/5
f 756/399/35 589/342/35 757/399/35
f 565/102/5 1993/404/5 649/404/5
f 754/109/35 587/103/35 755/109/35
f 1660/180/6 2920/235/6 1576/235/6
f 752/390/35 585/104/35 753/390/35
f 2099/109/5 881/370/5 755/109/5
f 750/409/8 3668/329/8 3372/400/8
f 671/329/6 2510/186/6 1166/186/6
f 748/384/8 668/329/8 749/353/8
f 1994/405/6 566/102/6 650/405/6
f 746/384/8 670/332/8 747/384/8
f 2921/233/5 1661/191/5 1577/233/5
f 744/384/8 672/333/8 745/353/8
f 882/370/6 2100/399/6 756/399/6
f 742/353/8 674/142/8 743/353/8
f 2511/253/5 670/332/5 1167/253/5
f 740/402/8 676/334/8 741/358/8
f 567/101/5 1995/406/5 651/406/5
f 738/400/8 678/335/8 739/384/8
f 1662/135/6 2922/133/6 1578/133/6
f 736/384/8 680/142/8 737/400/8
f 2101/399/5 883/370/5 757/399/5
f 734/353/8 682/142/8 735/353/8
f 669/329/6 2512/267/6 1168/267/6
f 732/384/8 684/336/8 733/353/8
f 1996/406/6 568/101/6 652/406/6
f 730/353/8 686/336/8 731/353/8
f 2923/133/5 1663/192/5 1579/133/5
f 728/353/8 688/337/8 729/353/8
f 884/367/6 2102/399/6 758/399/6
f 726/353/8 690/337/8 727/353/8
f 2513/268/5 668/329/5 1169/268/5
f 724/353/8 692/142/8 725/353/8
f 569/101/5 1997/406/5 653/406/5
f 722/358/8 694/142/8 723/353/8
f 1664/191/6 2924/133/6 1580/133/6
f 720/358/8 696/333/8 721/358/8
f 2103/399/5 885/367/5 759/399/5
f 718/358/8 698/333/8 719/358/8
f 667/333/6 2514/255/6 1170/255/6
f 716/359/8 700/329/8 717/329/8
f 1998/405/6 570/101/6 654/405/6
f 714/353/8 702/329/8 715/358/8
f 2925/239/5 1665/136/5 1581/239/5
f 712/384/8 704/329/8 713/353/8
f 886/369/6 2104/413/6 760/413/6
f 710/384/8 706/338/8 711/106/8
f 1171/123/5 2599/126/5 1255/126/5
f 666/404/21 3339/101/21 3361/404/21
f 571/101/5 1999/405/5 655/405/5
f 664/406/21 581/301/21 665/405/21
f 1666/191/6 2926/238/6 1582/238/6
f 662/406/21 579/101/21 663/406/21
f 2105/390/5 887/367/5 761/390/5
f 660/405/21 577/101/21 661/406/21
f 2600/126/6 1172/271/6 1256/126/6
f 658/414/21 575/294/21 659/405/21
f 2000/404/6 572/101/6 656/404/6
f 656/404/21 573/331/21 657/407/21
f 2927/238/5 1667/191/5 1583/238/5
f 654/405/21 571/101/21 655/405/21
f 888/367/6 2106/390/6 762/390/6
f 652/406/21 569/101/21 653/406/21
f 1173/271/5 2601/309/5 1257/309/5
f 650/405/21 567/101/21 651/406/21
f 573/331/5 2001/407/5 657/407/5
f 648/382/21 565/102/21 649/404/21
f 1668/139/6 2928/239/6 1584/239/6
f 646/382/21 563/301/21 647/382/21
f 2107/109/5 889/367/5 763/109/5
f 644/382/21 561/102/21 645/382/21
f 2602/311/6 1174/275/6 1258/311/6
f 642/105/21 559/317/21 643/382/21
f 2002/414/6 574/294/6 658/414/6
f 640/105/21 557/304/21 641/105/21
f 2929/235/5 1669/180/5 1585/235/5
f 638/105/21 555/304/21 639/404/21
f 890/369/6 2108/109/6 764/109/6
f 636/389/21 553/304/21 637/105/21
f 1175/275/5 2603/311/5 1259/311/5
f 634/394/21 551/102/21 635/389/21
f 575/294/5 2003/405/5 659/405/5
f 632/389/21 549/294/21 633/389/21
f 1670/135/6 2930/235/6 1586/235/6
f 630/394/21 547/294/21 631/389/21
f 2109/109/5 891/369/5 765/109/5
f 628/389/21 545/101/21 629/389/21
f 2604/316/6 1176/276/6 1260/316/6
f 626/382/21 543/102/21 627/382/21
f 2004/405/6 576/101/6 660/405/6
f 624/103/34 3328/415/34 3350/103/34
f 2931/233/5 1671/185/5 1587/233/5
f 622/103/34 539/223/34 623/343/34
f 892/367/6 2110/411/6 766/411/6
f 620/103/34 537/262/34 621/103/34
f 1177/275/5 2605/316/5 1261/316/5
f 618/103/34 535/262/34 619/103/34
f 577/101/5 2005/406/5 661/406/5
f 616/342/34 533/262/34 617/342/34
f 1672/231/6 2932/133/6 1588/133/6
f 614/362/34 531/274/34 615/103/34
f 2111/401/5 893/368/5 767/401/5
f 612/103/34 529/223/34 613/103/34
f 2606/316/6 1178/275/6 1262/316/6
f 610/103/34 527/261/34 611/103/34
f 2006/406/6 578/101/6 662/406/6
f 608/104/34 525/261/34 609/103/34
f 2933/232/5 1673/139/5 1589/232/5
f 606/351/34 523/261/34 607/104/34
f 894/368/6 2112/109/6 768/109/6
f 604/343/34 521/223/34 605/343/34
f 1179/275/5 2607/316/5 1263/316/5
f 602/345/34 519/223/34 603/104/34
f 579/101/5 2007/406/5 663/406/5
f 600/345/34 517/223/34 601/345/34
f 1674/180/6 2934/133/6 1590/133/6
f 598/344/34 515/98/34 599/344/34
f 2113/390/5 895/367/5 769/390/5
f 596/344/34 513/223/34 597/344/34
f 2608/310/6 1180/276/6 1264/310/6
f 594/104/34 511/98/34 595/344/34
f 2008/406/6 580/101/6 664/406/6
f 592/343/34 509/98/34 593/104/34
f 2935/134/5 1675/138/5 1591/134/5
f 590/342/34 507/98/34 591/342/34
f 896/367/6 2114/390/6 770/390/6
f 588/342/34 505/98/34 589/342/34
f 1181/275/5 2609/311/5 1265/311/5
f 586/104/34 503/98/34 587/103/34
f 581/301/5 2009/405/5 665/405/5
f 584/104/34 501/223/34 585/104/34
f 3020/158/6 1592/256/6 1676/158/6
f 582/101/20 3317/416/20 3339/101/20
f 2115/109/5 897/367/5 771/109/5
f 580/101/20 455/95/20 581/301/20
f 2610/311/6 1182/275/6 1266/311/6
f 578/101/20 453/95/20 579/101/20
f 2010/404/6 582/101/6 666/404/6
f 576/101/20 451/95/20 577/101/20
f 2937/212/5 1677/138/5 1593/212/5
f 574/294/20 449/193/20 575/294/20
f 898/366/6 2116/399/6 772/399/6
f 572/101/20 447/163/20 573/331/20
f 1183/123/5 2611/314/5 1267/314/5
f 570/101/20 445/163/20 571/101/20
f 2052/107/5 709/108/5 708/107/5
f 568/101/20 443/152/20 569/101/20
f 3022/157/6 1594/210/6 1678/157/6
f 566/102/20 441/152/20 567/101/20
f 2117/399/5 899/366/5 773/399/5
f 564/324/20 439/152/20 565/102/20
f 2612/313/6 1184/123/6 1268/313/6
f 562/301/20 437/295/20 563/301/20
f 710/384/6 2051/329/6 707/329/6
f 560/317/20 435/215/20 561/102/20
f 2939/210/5 1679/173/5 1595/210/5
f 558/317/20 433/95/20 559/317/20
f 900/366/6 2118/395/6 774/395/6
f 556/304/20 431/315/20 557/304/20
f 1185/123/5 2613/313/5 1269/313/5
f 554/304/20 429/95/20 555/304/20
f 2050/338/5 711/106/5 706/338/5
f 552/102/20 427/95/20 553/304/20
f 3024/173/6 1596/210/6 1680/173/6
f 550/301/20 425/95/20 551/102/20
f 2119/398/5 901/366/5 775/398/5
f 548/294/20 423/197/20 549/294/20
f 2614/314/6 1186/122/6 1270/314/6
f 546/294/20 421/197/20 547/294/20
f 712/384/6 2049/329/6 705/329/6
f 544/102/20 419/95/20 545/101/20
f 2941/226/5 1681/173/5 1597/226/5
f 542/102/20 417/288/20 543/102/20
f 902/365/6 2120/397/6 776/397/6
f 540/100/33 3657/151/33 3328/415/33
f 1187/122/5 2615/312/5 1271/312/5
f 538/223/33 458/155/33 539/223/33
f 2048/329/5 713/353/5 704/329/5
f 536/261/33 460/155/33 537/262/33
f 3026/157/6 1598/226/6 1682/157/6
f 534/223/33 462/155/33 535/262/33
f 2121/397/5 903/365/5 777/397/5
f 532/274/33 464/159/33 533/262/33
f 2616/328/6 1188/122/6 1272/328/6
f 530/262/33 466/155/33 531/274/33
f 714/353/6 2047/372/6 703/372/6
f 528/223/33 468/161/33 529/223/33
f 2943/226/5 1683/157/5 1599/226/5
f 526/223/33 470/165/33 527/261/33
f 904/365/6 2122/396/6 778/396/6
f 524/262/33 472/167/33 525/261/33
f 1189/297/5 2617/311/5 1273/311/5
f 522/223/33 474/169/33 523/261/33
f 2046/329/5 715/358/5 702/329/5
f 520/223/33 476/155/33 521/223/33
f 3028/137/6 1600/254/6 1684/137/6
f 518/223/33 478/171/33 519/223/33
f 2123/396/5 905/365/5 779/396/5
f 516/100/33 480/171/33 517/223/33
f 2618/311/6 1190/297/6 1274/311/6
f 514/100/33 482/155/33 515/98/33
f 716/359/6 2045/329/6 701/329/6
f 512/100/33 484/155/33 513/223/33
f 2945/226/5 1685/157/5 1601/226/5
f 510/98/33 486/155/33 511/98/33
f 906/364/6 2124/396/6 780/396/6
f 508/236/33 488/141/33 509/98/33
f 1191/297/5 2619/311/5 1275/311/5
f 506/98/33 490/155/33 507/154/33
f 2044/329/5 717/358/5 700/329/5
f 504/236/33 492/154/33 505/98/33
f 3030/173/6 1602/226/6 1686/173/6
f 502/98/33 494/155/33 503/98/33
f 2125/395/5 907/364/5 781/395/5
f 500/223/33 496/99/33 501/223/33
f 2620/310/6 1192/275/6 1276/310/6
f 456/215/19 3646/140/19 3317/416/19
f 718/358/6 2043/329/6 699/329/6
f 454/95/19 374/183/19 455/95/19
f 2947/224/5 1687/157/5 1603/224/5
f 452/95/19 376/153/19 453/95/19
f 908/392/6 2126/395/6 782/395/6
f 450/197/19 378/188/19 451/95/19
f 1193/275/5 2621/310/5 1277/310/5
f 448/189/19 380/190/19 449/193/19
f 2042/333/5 719/358/5 698/333/5
f 446/163/19 382/181/19 447/163/19
f 3032/173/6 1604/225/6 1688/173/6
f 444/152/19 384/177/19 445/163/19
f 2127/393/5 909/363/5 783/393/5
f 442/163/19 386/153/19 443/152/19
f 2622/310/6 1194/275/6 1278/310/6
f 440/152/19 388/153/19 441/152/19
f 720/358/6 2041/333/6 697/333/6
f 438/163/19 390/196/19 439/152/19
f 2949/225/5 1689/157/5 1605/225/5
f 436/197/19 392/153/19 437/295/19
f 910/361/6 2128/410/6 784/410/6
f 434/95/19 394/198/19 435/215/19
f 1195/123/5 2623/309/5 1279/309/5
f 432/95/19 396/198/19 433/95/19
f 2040/333/5 721/358/5 696/333/5
f 430/215/19 398/200/19 431/315/19
f 3034/173/6 1606/224/6 1690/173/6
f 428/95/19 400/200/19 429/95/19
f 2129/391/5 911/361/5 785/391/5
f 426/95/19 402/202/19 427/95/19
f 2624/126/6 1196/275/6 1280/126/6
f 424/95/19 404/203/19 425/95/19
f 722/358/6 2039/142/6 695/142/6
f 422/197/19 406/204/19 423/204/19
f 2951/224/5 1691/157/5 1607/224/5
f 420/295/19 408/206/19 421/197/19
f 912/363/6 2130/391/6 786/391/6
f 418/95/19 410/140/19 419/95/19
f 1197/123/5 2625/126/5 1281/126/5
f 416/288/19 412/96/19 417/288/19
f 2038/142/5 723/353/5 694/142/5
f 1801/141/32 3059/137/32 3060/137/32
f 1803/154/32 3057/157/32 3058/173/32
f 1805/155/32 3055/157/32 3056/157/32
f 1807/277/32 3053/157/32 3054/158/32
f 1810/155/32 3052/157/32 1809/155/32
f 1811/151/32 3049/162/32 3050/166/32
f 1813/99/32 3047/162/32 3048/162/32
f 1815/167/32 3045/162/32 3046/166/32
f 1817/155/32 3043/166/32 3044/162/32
f 1819/260/32 3041/166/32 3042/162/32
f 1821/155/32 3039/172/32 3040/166/32
f 1823/155/32 3037/174/32 3038/157/32
f 1825/155/32 3035/157/32 3036/173/32
f 1827/154/32 3033/157/32 3034/173/32
f 1829/154/32 3031/157/32 3032/173/32
f 1831/154/32 3029/157/32 3030/173/32
f 1833/141/32 3027/157/32 3028/137/32
f 1835/154/32 3025/173/32 3026/157/32
f 1837/237/32 3023/173/32 3024/173/32
f 1839/155/32 3021/138/32 3022/157/32
f 1841/155/32 3019/138/32 3020/158/32
f 1717/140/18 3017/139/18 3018/180/18
f 1720/153/18 3016/231/18 1719/182/18
f 1721/184/18 3013/180/18 3014/135/18
f 1723/177/18 3011/191/18 3012/139/18
f 1725/153/18 3009/136/18 3010/191/18
f 1727/153/18 3007/192/18 3008/191/18
f 1729/153/18 3005/191/18 3006/135/18
f 1731/164/18 3003/194/18 3004/180/18
f 1733/153/18 3001/191/18 3002/192/18
f 1735/417/18 2999/191/18 3000/194/18
f 1737/153/18 2997/199/18 2998/191/18
f 1739/418/18 2995/199/18 2996/199/18
f 1741/200/18 2993/180/18 2994/192/18
f 1743/418/18 2991/180/18 2992/192/18
f 1745/418/18 2989/180/18 2990/201/18
f 1747/418/18 2987/180/18 2988/136/18
f 1749/204/18 2985/180/18 2986/201/18
f 1751/204/18 2983/180/18 2984/191/18
f 1753/419/18 2981/180/18 2982/207/18
f 1755/140/18 2979/136/18 2980/191/18
f 1757/420/18 2977/136/18 2978/192/18
f 3059/137/31 2976/134/31 3060/137/31
f 3057/157/31 2974/134/31 3058/173/31
f 3055/157/31 2972/210/31 3056/157/31
f 3053/157/31 2970/212/31 3054/158/31
f 3051/160/31 2968/212/31 3052/157/31
f 3049/162/31 2966/134/31 3050/166/31
f 3047/162/31 2964/212/31 3048/162/31
f 3045/162/31 2962/211/31 3046/166/31
f 3043/166/31 2960/211/31 3044/162/31
f 3041/166/31 2958/210/31 3042/162/31
f 3039/172/31 2956/218/31 3040/166/31
f 3037/174/31 2954/218/31 3038/157/31
f 3035/157/31 2952/222/31 3036/173/31
f 3033/157/31 2950/224/31 3034/173/31
f 3031/157/31 2948/225/31 3032/173/31
f 3029/157/31 2946/226/31 3030/173/31
f 3027/157/31 2944/254/31 3028/137/31
f 3025/173/31 2942/226/31 3026/157/31
f 3023/173/31 2940/210/31 3024/173/31
f 3021/138/31 2938/210/31 3022/157/31
f 3019/138/31 2936/256/31 3020/158/31
f 3017/139/17 2934/133/17 3018/180/17
f 3015/185/17 2932/133/17 3016/231/17
f 3013/180/17 2930/235/17 3014/135/17
f 3012/139/17 2927/238/17 2928/239/17
f 3010/191/17 2925/239/17 2926/238/17
f 3008/191/17 2923/133/17 2924/133/17
f 3006/135/17 2921/233/17 2922/133/17
f 3004/180/17 2919/235/17 2920/235/17
f 3002/192/17 2917/235/17 2918/235/17
f 3000/194/17 2915/242/17 2916/235/17
f 2998/191/17 2913/242/17 2914/242/17
f 2996/199/17 2911/244/17 2912/244/17
f 2994/192/17 2909/242/17 2910/242/17
f 2992/192/17 2907/245/17 2908/244/17
f 2990/201/17 2905/242/17 2906/235/17
f 2988/136/17 2903/245/17 2904/245/17
f 2986/201/17 2901/235/17 2902/238/17
f 2984/191/17 2899/235/17 2900/235/17
f 2981/180/17 2898/235/17 2982/207/17
f 2980/191/17 2895/239/17 2896/235/17
f 2977/136/17 2894/232/17 2978/192/17
f 2975/209/30 2892/131/30 2976/134/30
f 2973/210/30 2890/249/30 2974/134/30
f 2971/211/30 2888/131/30 2972/210/30
f 2969/212/30 2886/248/30 2970/212/30
f 2967/134/30 2884/227/30 2968/212/30
f 2965/212/30 2882/219/30 2966/134/30
f 2963/211/30 2880/219/30 2964/212/30
f 2961/211/30 2878/132/30 2962/211/30
f 2959/210/30 2876/219/30 2960/211/30
f 2957/218/30 2874/219/30 2958/210/30
f 2955/218/30 2872/219/30 2956/218/30
f 2953/222/30 2870/248/30 2954/218/30
f 2951/224/30 2868/131/30 2952/222/30
f 2949/225/30 2866/131/30 2950/224/30
f 2947/224/30 2864/132/30 2948/225/30
f 2945/226/30 2862/219/30 2946/226/30
f 2943/226/30 2860/227/30 2944/254/30
f 2941/226/30 2858/219/30 2942/226/30
f 2939/210/30 2856/227/30 2940/210/30
f 2937/212/30 2854/219/30 2938/210/30
f 2935/134/30 2852/213/30 2936/256/30
f 2933/232/16 2850/130/16 2934/133/16
f 2931/233/16 2848/176/16 2932/133/16
f 2929/235/16 2846/176/16 2930/235/16
f 2927/238/16 2844/176/16 2928/239/16
f 2925/239/16 2842/176/16 2926/238/16
f 2923/133/16 2840/130/16 2924/133/16
f 2921/233/16 2838/130/16 2922/133/16
f 2919/235/16 2836/129/16 2920/235/16
f 2917/235/16 2834/129/16 2918/235/16
f 2915/242/16 2832/259/16 2916/235/16
f 2913/242/16 2830/259/16 2914/242/16
f 2911/244/16 2828/259/16 2912/244/16
f 2909/242/16 2826/259/16 2910/242/16
f 2907/245/16 2824/129/16 2908/244/16
f 2905/242/16 2822/129/16 2906/235/16
f 2903/245/16 2820/129/16 2904/245/16
f 2901/235/16 2818/129/16 2902/238/16
f 2899/235/16 2816/129/16 2900/235/16
f 2897/235/16 2814/130/16 2898/235/16
f 2895/239/16 2812/130/16 2896/235/16
f 2893/133/16 2810/176/16 2894/232/16
f 2891/248/29 2808/128/29 2892/131/29
f 2889/249/29 2806/128/29 2890/249/29
f 2887/131/29 2804/128/29 2888/131/29
f 2885/248/29 2802/150/29 2886/248/29
f 2883/227/29 2800/270/29 2884/227/29
f 2881/219/29 2798/269/29 2882/219/29
f 2879/132/29 2796/150/29 2880/219/29
f 2877/132/29 2794/128/29 2878/132/29
f 2875/132/29 2792/128/29 2876/219/29
f 2873/219/29 2790/241/29 2874/219/29
f 2871/248/29 2788/241/29 2872/219/29
f 2869/248/29 2786/220/29 2870/248/29
f 2867/131/29 2784/252/29 2868/131/29
f 2865/132/29 2782/246/29 2866/131/29
f 2863/132/29 2780/247/29 2864/132/29
f 2861/219/29 2778/220/29 2862/219/29
f 2859/219/29 2776/241/29 2860/227/29
f 2857/219/29 2774/228/29 2858/219/29
f 2855/219/29 2772/228/29 2856/227/29
f 2853/213/29 2770/220/29 2854/219/29
f 2851/132/29 2768/128/29 2852/213/29
f 2849/176/15 2766/156/15 2850/130/15
f 2847/176/15 2764/156/15 2848/176/15
f 2845/176/15 2762/170/15 2846/176/15
f 2843/176/15 2760/170/15 2844/176/15
f 2841/176/15 2758/178/15 2842/176/15
f 2839/130/15 2756/170/15 2840/130/15
f 2837/129/15 2754/156/15 2838/130/15
f 2835/129/15 2752/170/15 2836/129/15
f 2833/259/15 2750/170/15 2834/129/15
f 2831/259/15 2748/170/15 2832/259/15
f 2829/259/15 2746/170/15 2830/259/15
f 2827/259/15 2744/178/15 2828/259/15
f 2825/259/15 2742/170/15 2826/259/15
f 2823/130/15 2740/178/15 2824/129/15
f 2821/129/15 2738/281/15 2822/129/15
f 2819/129/15 2736/280/15 2820/129/15
f 2817/129/15 2734/302/15 2818/129/15
f 2815/129/15 2732/281/15 2816/129/15
f 2813/130/15 2730/170/15 2814/130/15
f 2811/176/15 2728/170/15 2812/130/15
f 2809/130/15 2726/170/15 2810/176/15
f 2807/263/28 2724/127/28 2808/128/28
f 2805/128/28 2722/127/28 2806/128/28
f 2803/128/28 2720/127/28 2804/128/28
f 2801/265/28 2718/283/28 2802/150/28
f 2799/266/28 2716/284/28 2800/270/28
f 2797/150/28 2714/284/28 2798/269/28
f 2795/128/28 2712/285/28 2796/150/28
f 2793/128/28 2710/285/28 2794/128/28
f 2791/216/28 2708/285/28 2792/128/28
f 2789/241/28 2706/284/28 2790/241/28
f 2787/220/28 2704/283/28 2788/241/28
f 2785/220/28 2702/127/28 2786/220/28
f 2783/251/28 2700/127/28 2784/252/28
f 2781/247/28 2698/127/28 2782/246/28
f 2779/246/28 2696/127/28 2780/247/28
f 2777/220/28 2694/127/28 2778/220/28
f 2775/228/28 2692/283/28 2776/241/28
f 2773/228/28 2690/283/28 2774/228/28
f 2771/220/28 2688/283/28 2772/228/28
f 2769/216/28 2686/127/28 2770/220/28
f 2767/128/28 2684/127/28 2768/128/28
f 2765/170/14 2682/290/14 2766/156/14
f 2763/156/14 2680/292/14 2764/156/14
f 2761/170/14 2678/291/14 2762/170/14
f 2759/178/14 2676/291/14 2760/170/14
f 2757/175/14 2674/291/14 2758/178/14
f 2755/156/14 2672/292/14 2756/170/14
f 2753/156/14 2670/291/14 2754/156/14
f 2751/170/14 2668/291/14 2752/170/14
f 2749/170/14 2666/291/14 2750/170/14
f 2747/170/14 2664/290/14 2748/170/14
f 2745/170/14 2662/299/14 2746/170/14
f 2743/178/14 2660/299/14 2744/178/14
f 2741/170/14 2658/300/14 2742/170/14
f 2739/178/14 2656/300/14 2740/178/14
f 2737/279/14 2654/94/14 2738/281/14
f 2735/280/14 2652/300/14 2736/280/14
f 2733/281/14 2650/94/14 2734/302/14
f 2731/281/14 2648/300/14 2732/281/14
f 2729/170/14 2646/300/14 2730/170/14
f 2727/170/14 2644/300/14 2728/170/14
f 2725/93/14 2642/290/14 2726/170/14
f 2723/127/27 2640/126/27 2724/127/27
f 2721/127/27 2638/126/27 2722/127/27
f 2719/127/27 2636/126/27 2720/127/27
f 2717/283/27 2634/308/27 2718/283/27
f 2715/284/27 2632/305/27 2716/284/27
f 2713/284/27 2630/308/27 2714/284/27
f 2711/285/27 2628/308/27 2712/285/27
f 2709/285/27 2626/126/27 2710/285/27
f 2707/284/27 2624/126/27 2708/285/27
f 2705/283/27 2622/310/27 2706/284/27
f 2703/127/27 2620/310/27 2704/283/27
f 2701/127/27 2618/311/27 2702/127/27
f 2699/289/27 2616/328/27 2700/127/27
f 2697/127/27 2614/314/27 2698/127/27
f 2695/127/27 2612/313/27 2696/127/27
f 2693/127/27 2610/311/27 2694/127/27
f 2691/283/27 2608/310/27 2692/283/27
f 2689/283/27 2606/316/27 2690/283/27
f 2687/127/27 2604/316/27 2688/283/27
f 2685/127/27 2602/311/27 2686/127/27
f 2683/127/27 2600/126/27 2684/127/27
f 2681/291/13 2598/124/13 2682/290/13
f 2679/292/13 2596/124/13 2680/292/13
f 2677/291/13 2594/124/13 2678/291/13
f 2675/292/13 2592/325/13 2676/291/13
f 2673/296/13 2590/320/13 2674/291/13
f 2671/291/13 2588/325/13 2672/292/13
f 2669/292/13 2586/320/13 2670/291/13
f 2667/291/13 2584/319/13 2668/291/13
f 2665/299/13 2582/321/13 2666/291/13
f 2663/299/13 2580/322/13 2664/290/13
f 2661/299/13 2578/321/13 2662/299/13
f 2659/299/13 2576/322/13 2660/299/13
f 2657/300/13 2574/341/13 2658/300/13
f 2655/290/13 2572/321/13 2656/300/13
f 2653/300/13 2570/323/13 2654/94/13
f 2651/300/13 2568/321/13 2652/300/13
f 2649/300/13 2566/323/13 2650/94/13
f 2647/300/13 2564/319/13 2648/300/13
f 2645/300/13 2562/325/13 2646/300/13
f 2643/290/13 2560/318/13 2644/300/13
f 2641/94/13 2558/318/13 2642/290/13
f 2639/303/26 2556/122/26 2640/126/26
f 2637/126/26 2554/326/26 2638/126/26
f 2635/126/26 2552/122/26 2636/126/26
f 2633/305/26 2550/297/26 2634/308/26
f 2631/306/26 2548/276/26 2632/305/26
f 2629/308/26 2546/122/26 2630/308/26
f 2627/126/26 2544/275/26 2628/308/26
f 2625/126/26 2542/123/26 2626/126/26
f 2623/309/26 2540/275/26 2624/126/26
f 2621/310/26 2538/275/26 2622/310/26
f 2619/311/26 2536/275/26 2620/310/26
f 2617/311/26 2534/297/26 2618/311/26
f 2615/312/26 2532/122/26 2616/328/26
f 2613/313/26 2530/122/26 2614/314/26
f 2611/314/26 2528/123/26 2612/313/26
f 2609/311/26 2526/275/26 2610/311/26
f 2607/316/26 2524/276/26 2608/310/26
f 2605/316/26 2522/275/26 2606/316/26
f 2603/311/26 2520/276/26 2604/316/26
f 2601/309/26 2518/275/26 2602/311/26
f 2599/126/26 2516/271/26 2600/126/26
f 2011/333/40 2513/268/40 2514/255/40
f 2014/332/40 2512/267/40 2013/329/40
f 2015/329/40 2509/250/40 2510/186/40
f 2017/412/40 2507/258/40 2508/250/40
f 2020/334/40 2506/258/40 2019/333/40
f 2021/333/40 2503/120/40 2504/120/40
f 2023/142/40 2501/253/40 2502/255/40
f 2025/333/40 2499/186/40 2500/186/40
f 2027/334/40 2497/250/40 2498/195/40
f 2029/403/40 2495/186/40 2496/186/40
f 2031/336/40 2493/243/40 2494/243/40
f 2033/142/40 2491/240/40 2492/240/40
f 2035/336/40 2489/217/40 2490/234/40
f 2037/142/40 2487/205/40 2488/229/40
f 2039/142/40 2485/217/40 2486/221/40
f 2041/333/40 2483/205/40 2484/214/40
f 2043/329/40 2481/205/40 2482/208/40
f 2045/329/40 2479/186/40 2480/186/40
f 2047/372/40 2477/186/40 2478/195/40
f 2049/329/40 2475/121/40 2476/186/40
f 2051/329/40 2473/121/40 2474/120/40
f 2597/318/12 2472/119/12 2598/124/12
f 2595/124/12 2470/119/12 2596/124/12
f 2593/124/12 2468/147/12 2594/124/12
f 2591/319/12 2466/339/12 2592/325/12
f 2589/319/12 2464/339/12 2590/320/12
f 2587/320/12 2462/119/12 2588/325/12
f 2585/319/12 2460/119/12 2586/320/12
f 2583/319/12 2458/119/12 2584/319/12
f 2581/321/12 2456/340/12 2582/321/12
f 2579/321/12 2454/119/12 2580/322/12
f 2577/321/12 2452/119/12 2578/321/12
f 2575/322/12 2450/147/12 2576/322/12
f 2573/318/12 2448/119/12 2574/341/12
f 2571/323/12 2446/340/12 2572/321/12
f 2569/321/12 2444/119/12 2570/323/12
f 2567/321/12 2442/147/12 2568/321/12
f 2565/319/12 2440/147/12 2566/323/12
f 2563/325/12 2438/119/12 2564/319/12
f 2561/325/12 2436/119/12 2562/325/12
f 2559/318/12 2434/119/12 2560/318/12
f 2557/125/12 2432/147/12 2558/318/12
f 2555/297/25 2430/118/25 2556/122/25
f 2553/326/25 2428/118/25 2554/326/25
f 2551/122/25 2426/146/25 2552/122/25
f 2549/297/25 2424/273/25 2550/297/25
f 2547/276/25 2422/273/25 2548/276/25
f 2545/275/25 2420/282/25 2546/122/25
f 2543/123/25 2418/273/25 2544/275/25
f 2541/123/25 2416/307/25 2542/123/25
f 2539/123/25 2414/307/25 2540/275/25
f 2537/275/25 2412/146/25 2538/275/25
f 2535/297/25 2410/298/25 2536/275/25
f 2533/297/25 2408/298/25 2534/297/25
f 2531/122/25 2406/293/25 2532/122/25
f 2529/123/25 2404/286/25 2530/122/25
f 2527/123/25 2402/287/25 2528/123/25
f 2525/275/25 2400/278/25 2526/275/25
f 2523/275/25 2398/282/25 2524/276/25
f 2521/275/25 2396/278/25 2522/275/25
f 2519/275/25 2394/146/25 2520/276/25
f 2517/271/25 2392/146/25 2518/275/25
f 2515/123/25 2390/272/25 2516/271/25
f 2513/268/38 2388/116/38 2514/255/38
f 2511/253/38 2386/264/38 2512/267/38
f 2509/250/38 2384/116/38 2510/186/38
f 2507/258/38 2382/116/38 2508/250/38
f 2505/257/38 2380/117/38 2506/258/38
f 2503/120/38 2378/187/38 2504/120/38
f 2501/253/38 2376/117/38 2502/255/38
f 2499/186/38 2374/117/38 2500/186/38
f 2497/250/38 2372/117/38 2498/195/38
f 2495/186/38 2370/117/38 2496/186/38
f 2493/243/38 2368/187/38 2494/243/38
f 2491/240/38 2366/230/38 2492/240/38
f 2489/217/38 2364/230/38 2490/234/38
f 2487/205/38 2362/230/38 2488/229/38
f 2485/217/38 2360/117/38 2486/221/38
f 2483/205/38 2358/187/38 2484/214/38
f 2481/205/38 2356/117/38 2482/208/38
f 2479/186/38 2354/187/38 2480/186/38
f 2477/186/38 2352/187/38 2478/195/38
f 2475/121/38 2350/187/38 2476/186/38
f 2473/121/38 2348/179/38 2474/120/38
f 2471/147/11 2346/114/11 2472/119/11
f 2469/119/11 2344/114/11 2470/119/11
f 2467/147/11 2342/114/11 2468/147/11
f 2465/339/11 2340/352/11 2466/339/11
f 2463/119/11 2338/346/11 2464/339/11
f 2461/119/11 2336/346/11 2462/119/11
f 2459/119/11 2334/347/11 2460/119/11
f 2457/340/11 2332/346/11 2458/119/11
f 2455/340/11 2330/348/11 2456/340/11
f 2453/119/11 2328/349/11 2454/119/11
f 2451/119/11 2326/348/11 2452/119/11
f 2449/147/11 2324/349/11 2450/147/11
f 2447/340/11 2322/378/11 2448/119/11
f 2445/119/11 2320/348/11 2446/340/11
f 2443/119/11 2318/350/11 2444/119/11
f 2441/147/11 2316/348/11 2442/147/11
f 2439/119/11 2314/350/11 2440/147/11
f 2437/119/11 2312/346/11 2438/119/11
f 2435/119/11 2310/352/11 2436/119/11
f 2433/147/11 2308/168/11 2434/119/11
f 2431/119/11 2306/168/11 2432/147/11
f 2429/327/24 2304/113/24 2430/118/24
f 2427/146/24 2302/355/24 2428/118/24
f 2425/307/24 2300/355/24 2426/146/24
f 2423/273/24 2298/355/24 2424/273/24
f 2421/118/24 2296/113/24 2422/273/24
f 2419/273/24 2294/381/24 2420/282/24
f 2417/307/24 2292/357/24 2418/273/24
f 2415/307/24 2290/357/24 2416/307/24
f 2413/146/24 2288/357/24 2414/307/24
f 2411/298/24 2286/357/24 2412/146/24
f 2409/298/24 2284/357/24 2410/298/24
f 2407/293/24 2282/356/24 2408/298/24
f 2405/286/24 2280/356/24 2406/293/24
f 2403/287/24 2278/356/24 2404/286/24
f 2401/286/24 2276/356/24 2402/287/24
f 2399/278/24 2274/356/24 2400/278/24
f 2397/278/24 2272/355/24 2398/282/24
f 2395/278/24 2270/355/24 2396/278/24
f 2393/146/24 2268/355/24 2394/146/24
f 2391/273/24 2266/355/24 2392/146/24
f 2389/118/24 2264/113/24 2390/272/24
f 2387/116/37 2262/112/37 2388/116/37
f 2385/264/37 2260/112/37 2386/264/37
f 2383/116/37 2258/112/37 2384/116/37
f 2381/230/37 2256/363/37 2382/116/37
f 2379/117/37 2254/361/37 2380/117/37
f 2377/117/37 2252/392/37 2378/187/37
f 2375/187/37 2250/364/37 2376/117/37
f 2373/117/37 2248/365/37 2374/117/37
f 2371/187/37 2246/365/37 2372/117/37
f 2369/187/37 2244/366/37 2370/117/37
f 2367/230/37 2242/366/37 2368/187/37
f 2365/230/37 2240/367/37 2366/230/37
f 2363/230/37 2238/368/37 2364/230/37
f 2361/117/37 2236/367/37 2362/230/37
f 2359/187/37 2234/369/37 2360/117/37
f 2357/187/37 2232/367/37 2358/187/37
f 2355/187/37 2230/369/37 2356/117/37
f 2353/187/37 2228/367/37 2354/187/37
f 2351/187/37 2226/370/37 2352/187/37
f 2349/179/37 2224/370/37 2350/187/37
f 2347/117/37 2222/360/37 2348/179/37
f 2345/168/10 2220/371/10 2346/114/10
f 2343/114/10 2218/375/10 2344/114/10
f 2341/114/10 2216/374/10 2342/114/10
f 2339/346/10 2214/374/10 2340/352/10
f 2337/347/10 2212/374/10 2338/346/10
f 2335/347/10 2210/375/10 2336/346/10
f 2333/346/10 2208/374/10 2334/347/10
f 2331/346/10 2206/374/10 2332/346/10
f 2329/348/10 2204/374/10 2330/348/10
f 2327/348/10 2202/371/10 2328/349/10
f 2325/348/10 2200/377/10 2326/348/10
f 2323/349/10 2198/377/10 2324/349/10
f 2321/168/10 2196/354/10 2322/378/10
f 2319/350/10 2194/354/10 2320/348/10
f 2317/348/10 2192/111/10 2318/350/10
f 2315/348/10 2190/354/10 2316/348/10
f 2313/346/10 2188/111/10 2314/350/10
f 2311/352/10 2186/354/10 2312/346/10
f 2309/352/10 2184/354/10 2310/352/10
f 2307/168/10 2182/354/10 2308/168/10
f 2305/115/10 2180/371/10 2306/168/10
f 2303/113/23 2178/379/23 2304/113/23
f 2301/355/23 2176/379/23 2302/355/23
f 2299/355/23 2174/379/23 2300/355/23
f 2297/355/23 2172/380/23 2298/355/23
f 2295/356/23 2170/380/23 2296/113/23
f 2293/357/23 2168/387/23 2294/381/23
f 2291/357/23 2166/380/23 2292/357/23
f 2289/357/23 2164/380/23 2290/357/23
f 2287/357/23 2162/380/23 2288/357/23
f 2285/357/23 2160/379/23 2286/357/23
f 2283/357/23 2158/379/23 2284/357/23
f 2281/356/23 2156/379/23 2282/356/23
f 2279/356/23 2154/383/23 2280/356/23
f 2277/356/23 2152/385/23 2278/356/23
f 2275/356/23 2150/408/23 2276/356/23
f 2273/356/23 2148/387/23 2274/356/23
f 2271/355/23 2146/388/23 2272/355/23
f 2269/355/23 2144/388/23 2270/355/23
f 2267/355/23 2142/379/23 2268/355/23
f 2265/113/23 2140/379/23 2266/355/23
f 2263/113/23 2138/380/23 2264/113/23
f 2261/360/36 2136/109/36 2262/112/36
f 2259/112/36 2134/109/36 2260/112/36
f 2257/112/36 2132/390/36 2258/112/36
f 2255/361/36 2130/391/36 2256/363/36
f 2253/363/36 2128/410/36 2254/361/36
f 2251/364/36 2126/395/36 2252/392/36
f 2249/365/36 2124/396/36 2250/364/36
f 2247/365/36 2122/396/36 2248/365/36
f 2245/366/36 2120/397/36 2246/365/36
f 2243/366/36 2118/395/36 2244/366/36
f 2241/367/36 2116/399/36 2242/366/36
f 2239/367/36 2114/390/36 2240/367/36
f 2237/368/36 2112/109/36 2238/368/36
f 2235/369/36 2110/411/36 2236/367/36
f 2233/367/36 2108/109/36 2234/369/36
f 2231/367/36 2106/390/36 2232/367/36
f 2229/367/36 2104/413/36 2230/369/36
f 2227/370/36 2102/399/36 2228/367/36
f 2225/370/36 2100/399/36 2226/370/36
f 2223/373/36 2098/109/36 2224/370/36
f 2221/112/36 2096/390/36 2222/360/36
f 2219/374/9 2094/409/9 2220/371/9
f 2217/375/9 2092/384/9 2218/375/9
f 2215/374/9 2090/384/9 2216/374/9
f 2213/375/9 2088/384/9 2214/374/9
f 2211/376/9 2086/353/9 2212/374/9
f 2209/374/9 2084/402/9 2210/375/9
f 2207/375/9 2082/400/9 2208/374/9
f 2205/374/9 2080/384/9 2206/374/9
f 2203/377/9 2078/353/9 2204/374/9
f 2201/377/9 2076/384/9 2202/371/9
f 2199/377/9 2074/353/9 2200/377/9
f 2197/377/9 2072/353/9 2198/377/9
f 2195/354/9 2070/353/9 2196/354/9
f 2193/371/9 2068/353/9 2194/354/9
f 2191/354/9 2066/358/9 2192/111/9
f 2189/354/9 2064/358/9 2190/354/9
f 2187/354/9 2062/358/9 2188/111/9
f 2185/354/9 2060/359/9 2186/354/9
f 2183/354/9 2058/353/9 2184/354/9
f 2181/371/9 2056/384/9 2182/354/9
f 2179/111/9 2054/384/9 2180/371/9
f 2177/379/22 2010/404/22 2178/379/22
f 2175/379/22 2008/406/22 2176/379/22
f 2173/380/22 2006/406/22 2174/379/22
f 2171/380/22 2004/405/22 2172/380/22
f 2169/110/22 2002/414/22 2170/380/22
f 2167/380/22 2000/404/22 2168/387/22
f 2165/380/22 1998/405/22 2166/380/22
f 2163/380/22 1996/406/22 2164/380/22
f 2161/379/22 1994/405/22 2162/380/22
f 2159/379/22 1992/382/22 2160/379/22
f 2157/379/22 1990/382/22 2158/379/22
f 2155/383/22 1988/382/22 2156/379/22
f 2153/385/22 1986/105/22 2154/383/22
f 2151/385/22 1984/105/22 2152/385/22
f 2149/386/22 1982/105/22 2150/408/22
f 2147/387/22 1980/389/22 2148/387/22
f 2145/388/22 1978/394/22 2146/388/22
f 2143/388/22 1976/389/22 2144/388/22
f 2141/379/22 1974/394/22 2142/379/22
f 2139/380/22 1972/389/22 2140/379/22
f 2137/110/22 1970/382/22 2138/380/22
f 2135/390/35 1968/103/35 2136/109/35
f 2133/109/35 1966/103/35 2134/109/35
f 2131/390/35 1964/103/35 2132/390/35
f 2129/391/35 1962/103/35 2130/391/35
f 2127/393/35 1960/342/35 2128/410/35
f 2125/395/35 1958/362/35 2126/395/35
f 2123/396/35 1956/103/35 2124/396/35
f 2121/397/35 1954/103/35 2122/396/35
f 2119/398/35 1952/104/35 2120/397/35
f 2117/399/35 1950/351/35 2118/395/35
f 2115/109/35 1948/343/35 2116/399/35
f 2113/390/35 1946/345/35 2114/390/35
f 2111/401/35 1944/345/35 2112/109/35
f 2109/109/35 1942/344/35 2110/411/35
f 2107/109/35 1940/344/35 2108/109/35
f 2105/390/35 1938/104/35 2106/390/35
f 2103/399/35 1936/343/35 2104/413/35
f 2101/399/35 1934/342/35 2102/399/35
f 2099/109/35 1932/342/35 2100/399/35
f 2097/390/35 1930/104/35 2098/109/35
f 2095/109/35 1928/104/35 2096/390/35
f 2093/353/8 2011/333/8 2094/409/8
f 2091/384/8 2013/329/8 2092/384/8
f 2089/353/8 2015/329/8 2090/384/8
f 2087/353/8 2017/412/8 2088/384/8
f 2085/358/8 2019/333/8 2086/353/8
f 2083/384/8 2021/333/8 2084/402/8
f 2081/400/8 2023/142/8 2082/400/8
f 2079/353/8 2025/333/8 2080/384/8
f 2077/353/8 2027/334/8 2078/353/8
f 2075/353/8 2029/403/8 2076/384/8
f 2073/353/8 2031/336/8 2074/353/8
f 2071/353/8 2033/142/8 2072/353/8
f 2069/353/8 2035/336/8 2070/353/8
f 2067/353/8 2037/142/8 2068/353/8
f 2065/358/8 2039/142/8 2066/358/8
f 2063/358/8 2041/333/8 2064/358/8
f 2061/358/8 2043/329/8 2062/358/8
f 2059/358/8 2045/329/8 2060/359/8
f 2057/353/8 2047/372/8 2058/353/8
f 2055/106/8 2049/329/8 2056/384/8
f 2053/108/8 2051/329/8 2054/384/8
f 2009/405/21 1926/101/21 2010/404/21
f 2007/406/21 1924/101/21 2008/406/21
f 2005/406/21 1922/101/21 2006/406/21
f 2003/405/21 1920/101/21 2004/405/21
f 2001/407/21 1918/294/21 2002/414/21
f 1999/405/21 1916/101/21 2000/404/21
f 1997/406/21 1914/101/21 1998/405/21
f 1995/406/21 1912/101/21 1996/406/21
f 1993/404/21 1910/102/21 1994/405/21
f 1991/382/21 1908/324/21 1992/382/21
f 1989/382/21 1906/301/21 1990/382/21
f 1987/382/21 1904/317/21 1988/382/21
f 1985/105/21 1902/317/21 1986/105/21
f 1983/404/21 1900/304/21 1984/105/21
f 1981/105/21 1898/304/21 1982/105/21
f 1979/389/21 1896/102/21 1980/389/21
f 1977/389/21 1894/301/21 1978/394/21
f 1975/389/21 1892/294/21 1976/389/21
f 1973/389/21 1890/294/21 1974/394/21
f 1971/382/21 1888/102/21 1972/389/21
f 1969/105/21 1886/102/21 1970/382/21
f 1967/343/34 1884/100/34 1968/103/34
f 1965/103/34 1882/223/34 1966/103/34
f 1963/103/34 1880/261/34 1964/103/34
f 1961/342/34 1878/223/34 1962/103/34
f 1959/103/34 1876/274/34 1960/342/34
f 1957/103/34 1874/262/34 1958/362/34
f 1955/103/34 1872/223/34 1956/103/34
f 1953/103/34 1870/223/34 1954/103/34
f 1951/104/34 1868/262/34 1952/104/34
f 1949/343/34 1866/223/34 1950/351/34
f 1947/104/34 1864/223/34 1948/343/34
f 1945/345/34 1862/223/34 1946/345/34
f 1943/344/34 1860/100/34 1944/345/34
f 1941/344/34 1858/100/34 1942/344/34
f 1939/344/34 1856/100/34 1940/344/34
f 1937/104/34 1854/98/34 1938/104/34
f 1935/342/34 1852/236/34 1936/343/34
f 1933/342/34 1850/98/34 1934/342/34
f 1931/103/34 1848/236/34 1932/342/34
f 1929/104/34 1846/98/34 1930/104/34
f 1927/104/34 1844/223/34 1928/104/34
f 1925/301/20 1800/215/20 1926/101/20
f 1923/101/20 1798/95/20 1924/101/20
f 1921/101/20 1796/95/20 1922/101/20
f 1919/294/20 1794/197/20 1920/101/20
f 1917/331/20 1792/189/20 1918/294/20
f 1915/101/20 1790/163/20 1916/101/20
f 1913/101/20 1788/152/20 1914/101/20
f 1911/101/20 1786/163/20 1912/101/20
f 1909/102/20 1784/152/20 1910/102/20
f 1907/301/20 1782/163/20 1908/324/20
f 1905/102/20 1780/197/20 1906/301/20
f 1903/317/20 1778/95/20 1904/317/20
f 1901/304/20 1776/95/20 1902/317/20
f 1899/304/20 1774/215/20 1900/304/20
f 1897/304/20 1772/95/20 1898/304/20
f 1895/102/20 1770/95/20 1896/102/20
f 1893/294/20 1768/95/20 1894/301/20
f 1891/294/20 1766/197/20 1892/294/20
f 1889/101/20 1764/295/20 1890/294/20
f 1887/102/20 1762/95/20 1888/102/20
f 1885/102/20 1760/288/20 1886/102/20
f 1883/223/33 1801/141/33 1884/100/33
f 1882/223/33 1804/155/33 1803/154/33
f 1879/262/33 1805/155/33 1880/261/33
f 1877/262/33 1807/277/33 1878/223/33
f 1875/274/33 1809/155/33 1876/274/33
f 1873/223/33 1811/151/33 1874/262/33
f 1871/261/33 1813/99/33 1872/223/33
f 1869/261/33 1815/167/33 1870/223/33
f 1867/261/33 1817/155/33 1868/262/33
f 1865/223/33 1819/260/33 1866/223/33
f 1863/223/33 1821/155/33 1864/223/33
f 1861/223/33 1823/155/33 1862/223/33
f 1859/98/33 1825/155/33 1860/100/33
f 1857/223/33 1827/154/33 1858/100/33
f 1855/98/33 1829/154/33 1856/100/33
f 1853/98/33 1831/154/33 1854/98/33
f 1851/98/33 1833/141/33 1852/236/33
f 1849/98/33 1835/154/33 1850/98/33
f 1847/98/33 1837/237/33 1848/236/33
f 1845/223/33 1839/155/33 1846/98/33
f 1843/100/33 1841/155/33 1844/223/33
f 1799/95/19 1717/140/19 1800/215/19
f 1797/95/19 1719/182/19 1798/95/19
f 1795/95/19 1721/184/19 1796/95/19
f 1793/193/19 1723/177/19 1794/197/19
f 1791/163/19 1725/153/19 1792/189/19
f 1789/163/19 1727/153/19 1790/163/19
f 1787/152/19 1729/153/19 1788/152/19
f 1785/152/19 1731/164/19 1786/163/19
f 1783/152/19 1733/153/19 1784/152/19
f 1781/295/19 1735/417/19 1782/163/19
f 1779/215/19 1737/153/19 1780/197/19
f 1777/95/19 1739/418/19 1778/95/19
f 1775/315/19 1741/200/19 1776/95/19
f 1773/95/19 1743/418/19 1774/215/19
f 1771/95/19 1745/418/19 1772/95/19
f 1769/95/19 1747/418/19 1770/95/19
f 1767/197/19 1749/204/19 1768/95/19
f 1765/197/19 1751/204/19 1766/197/19
f 1763/95/19 1753/419/19 1764/295/19
f 1761/288/19 1755/140/19 1762/95/19
f 1759/97/19 1757/420/19 1760/288/19
f 2468/147/6 998/114/6 1124/147/6
f 2836/129/6 1408/170/6 1492/129/6
f 390/196/5 1783/152/5 439/152/5
f 2341/114/5 1123/147/5 997/114/5
f 1407/170/5 2835/129/5 1491/129/5
f 1782/163/6 391/417/6 438/163/6
f 2466/339/6 996/352/6 1122/339/6
f 2834/129/6 1406/170/6 1490/129/6
f 392/153/5 1781/295/5 437/295/5
f 2339/346/5 1121/339/5 995/346/5
f 1405/170/5 2833/259/5 1489/259/5
f 1780/197/6 393/153/6 436/197/6
f 2464/339/6 994/346/6 1120/339/6
f 2832/259/6 1404/170/6 1488/259/6
f 394/198/5 1779/215/5 435/215/5
f 2337/347/5 1119/119/5 993/347/5
f 1403/170/5 2831/259/5 1487/259/5
f 1778/95/6 395/418/6 434/95/6
f 2462/119/6 992/346/6 1118/119/6
f 2830/259/6 1402/170/6 1486/259/6
f 396/198/5 1777/95/5 433/95/5
f 2335/347/5 1117/119/5 991/347/5
f 1401/170/5 2829/259/5 1485/259/5
f 1776/95/6 397/200/6 432/95/6
f 2460/119/6 990/347/6 1116/119/6
f 2828/259/6 1400/178/6 1484/259/6
f 398/200/5 1775/315/5 431/315/5
f 2333/346/5 1115/119/5 989/346/5
f 1399/178/5 2827/259/5 1483/259/5
f 1774/215/6 399/418/6 430/215/6
f 2458/119/6 988/346/6 1114/119/6
f 2826/259/6 1398/170/6 1482/259/6
f 400/200/5 1773/95/5 429/95/5
f 2331/346/5 1113/340/5 987/346/5
f 1397/170/5 2825/259/5 1481/259/5
f 1772/95/6 401/418/6 428/95/6
f 2456/340/6 986/348/6 1112/340/6
f 2824/129/6 1396/178/6 1480/129/6
f 402/202/5 1771/95/5 427/95/5
f 2329/348/5 1111/340/5 985/348/5
f 1395/178/5 2823/130/5 1479/130/5
f 1770/95/6 403/418/6 426/95/6
f 2454/119/6 984/349/6 1110/119/6
f 2822/129/6 1394/281/6 1478/129/6
f 404/203/5 1769/95/5 425/95/5
f 2327/348/5 1109/119/5 983/348/5
f 1393/279/5 2821/129/5 1477/129/5
f 1768/95/6 405/204/6 424/95/6
f 2452/119/6 982/348/6 1108/119/6
f 2820/129/6 1392/280/6 1476/129/6
f 406/204/5 1767/197/5 423/197/5
f 2325/348/5 1107/119/5 981/348/5
f 1391/280/5 2819/129/5 1475/129/5
f 1766/197/6 407/204/6 422/197/6
f 2450/147/6 980/349/6 1106/147/6
f 2818/129/6 1390/302/6 1474/129/6
f 408/206/5 1765/197/5 421/197/5
f 2323/349/5 1105/147/5 979/349/5
f 1389/281/5 2817/129/5 1473/129/5
f 1764/295/6 409/419/6 420/295/6
f 2448/119/6 978/378/6 1104/119/6
f 2816/129/6 1388/281/6 1472/129/6
f 410/140/5 1763/95/5 419/95/5
f 2321/168/5 1103/340/5 977/168/5
f 1387/281/5 2815/129/5 1471/129/5
f 1762/95/6 411/140/6 418/95/6
f 2446/340/6 976/348/6 1102/340/6
f 2814/130/6 1386/170/6 1470/130/6
f 412/96/5 1761/288/5 417/288/5
f 2319/350/5 1101/119/5 975/350/5
f 1385/170/5 2813/130/5 1469/130/5
f 1760/288/6 413/420/6 416/288/6
f 2444/119/6 974/350/6 1100/119/6
f 2812/130/6 1384/170/6 1468/130/6
f 414/96/5 1759/97/5 415/97/5
f 2317/348/5 1099/119/5 973/348/5
f 1383/170/5 2811/176/5 1467/176/5
f 2442/147/6 972/348/6 1098/147/6
f 2810/176/6 1382/170/6 1466/176/6
f 2315/348/5 1097/147/5 971/348/5
f 1381/93/5 2809/130/5 1465/130/5
f 2440/147/6 970/350/6 1096/147/6
f 1464/128/6 2724/127/6 1380/127/6
f 2313/346/5 1095/119/5 969/346/5
f 2723/127/5 1463/263/5 1379/127/5
f 2438/119/6 968/346/6 1094/119/6
f 1462/128/6 2722/127/6 1378/127/6
f 2311/352/5 1093/119/5 967/352/5
f 2721/127/5 1461/128/5 1377/127/5
f 2436/119/6 966/352/6 1092/119/6
f 1460/128/6 2720/127/6 1376/127/6
f 2309/352/5 1091/119/5 965/352/5
f 2719/127/5 1459/128/5 1375/127/5
f 2434/119/6 964/168/6 1090/119/6
f 1458/150/6 2718/283/6 1374/283/6
f 2307/168/5 1089/147/5 963/168/5
f 2717/283/5 1457/265/5 1373/283/5
f 2432/147/6 962/168/6 1088/147/6
f 1456/270/6 2716/284/6 1372/284/6
f 2305/115/5 1087/119/5 961/115/5
f 2715/284/5 1455/266/5 1371/284/5
f 1086/118/6 2304/113/6 960/113/6
f 1454/269/6 2714/284/6 1370/284/6
f 2303/113/5 1085/327/5 959/113/5
f 2713/284/5 1453/150/5 1369/284/5
f 1084/118/6 2302/355/6 958/355/6
f 1452/150/6 2712/285/6 1368/285/6
f 2301/355/5 1083/146/5 957/355/5
f 2711/285/5 1451/128/5 1367/285/5
f 1082/146/6 2300/355/6 956/355/6
f 1450/128/6 2710/285/6 1366/285/6
f 2299/355/5 1081/307/5 955/355/5
f 2709/285/5 1449/128/5 1365/285/5
f 1080/273/6 2298/355/6 954/355/6
f 1448/128/6 2708/285/6 1364/285/6
f 2297/355/5 1079/273/5 953/355/5
f 2707/284/5 1447/216/5 1363/284/5
f 1078/273/6 2296/113/6 952/113/6
f 1446/241/6 2706/284/6 1362/284/6
f 2295/356/5 1077/118/5 951/356/5
f 2705/283/5 1445/241/5 1361/283/5
f 1076/282/6 2294/381/6 950/381/6
f 1444/241/6 2704/283/6 1360/283/6
f 2293/357/5 1075/273/5 949/357/5
f 2703/127/5 1443/220/5 1359/127/5
f 1074/273/6 2292/357/6 948/357/6
f 1442/220/6 2702/127/6 1358/127/6
f 2291/357/5 1073/307/5 947/357/5
f 2701/127/5 1441/220/5 1357/127/5
f 1072/307/6 2290/357/6 946/357/6
f 1440/252/6 2700/127/6 1356/127/6
f 2289/357/5 1071/307/5 945/357/5
f 2699/289/5 1439/251/5 1355/289/5
f 1070/307/6 2288/357/6 944/357/6
f 1438/246/6 2698/127/6 1354/127/6
f 2287/357/5 1069/146/5 943/357/5
f 2697/127/5 1437/247/5 1353/127/5
f 1068/146/6 2286/357/6 942/357/6
f 1436/247/6 2696/127/6 1352/127/6
f 2285/357/5 1067/298/5 941/357/5
f 2695/127/5 1435/246/5 1351/127/5
f 1066/298/6 2284/357/6 940/357/6
f 1434/220/6 2694/127/6 1350/127/6
f 2283/357/5 1065/298/5 939/357/5
f 2693/127/5 1433/220/5 1349/127/5
f 1064/298/6 2282/356/6 938/356/6
f 1432/241/6 2692/283/6 1348/283/6
f 2281/356/5 1063/293/5 937/356/5
f 2691/283/5 1431/228/5 1347/283/5
f 1062/293/6 2280/356/6 936/356/6
f 1430/228/6 2690/283/6 1346/283/6
f 2279/356/5 1061/286/5 935/356/5
f 2689/283/5 1429/228/5 1345/283/5
f 1060/286/6 2278/356/6 934/356/6
f 1428/228/6 2688/283/6 1344/283/6
f 2277/356/5 1059/287/5 933/356/5
f 2687/127/5 1427/220/5 1343/127/5
f 1058/287/6 2276/356/6 932/356/6
f 1426/220/6 2686/127/6 1342/127/6
f 2275/356/5 1057/286/5 931/356/5
f 2685/127/5 1425/216/5 1341/127/5
f 1056/278/6 2274/356/6 930/356/6
f 1424/128/6 2684/127/6 1340/127/6
f 2273/356/5 1055/278/5 929/356/5
f 2683/127/5 1423/128/5 1339/127/5
f 1054/282/6 2272/355/6 928/355/6
f 2766/156/6 1338/290/6 1422/156/6
f 2271/355/5 1053/278/5 927/355/5
f 1337/291/5 2765/170/5 1421/170/5
f 1052/278/6 2270/355/6 926/355/6
f 2764/156/6 1336/292/6 1420/156/6
f 2269/355/5 1051/278/5 925/355/5
f 1335/292/5 2763/156/5 1419/156/5
f 1050/146/6 2268/355/6 924/355/6
f 2762/170/6 1334/291/6 1418/170/6
f 2267/355/5 1049/146/5 923/355/5
f 1333/291/5 2761/170/5 1417/170/5
f 1048/146/6 2266/355/6 922/355/6
f 2760/170/6 1332/291/6 1416/170/6
f 2265/113/5 1047/273/5 921/113/5
f 1331/292/5 2759/178/5 1415/178/5
f 1046/272/6 2264/113/6 920/113/6
f 2758/178/6 1330/291/6 1414/178/6
f 2263/113/5 1045/118/5 919/113/5
f 1329/296/5 2757/175/5 1413/175/5
f 1044/116/6 2262/112/6 918/112/6
f 2756/170/6 1328/292/6 1412/170/6
f 2261/360/5 1043/116/5 917/360/5
f 1327/291/5 2755/156/5 1411/156/5
f 1042/264/6 2260/112/6 916/112/6
f 2754/156/6 1326/291/6 1410/156/6
f 2259/112/5 1041/264/5 915/112/5
f 1325/292/5 2753/156/5 1409/156/5
f 1040/116/6 2258/112/6 914/112/6
f 2752/170/6 1324/291/6 1408/170/6
f 2257/112/5 1039/116/5 913/112/5
f 1323/291/5 2751/170/5 1407/170/5
f 1038/116/6 2256/363/6 912/363/6
f 2750/170/6 1322/291/6 1406/170/6
f 2255/361/5 1037/230/5 911/361/5
f 1321/299/5 2749/170/5 1405/170/5
f 1036/117/6 2254/361/6 910/361/6
f 2748/170/6 1320/290/6 1404/170/6
f 2253/363/5 1035/117/5 909/363/5
f 1319/299/5 2747/170/5 1403/170/5
f 1034/187/6 2252/392/6 908/392/6
f 2746/170/6 1318/299/6 1402/170/6
f 2251/364/5 1033/117/5 907/364/5
f 1317/299/5 2745/170/5 1401/170/5
f 1032/117/6 2250/364/6 906/364/6
f 2744/178/6 1316/299/6 1400/178/6
f 2249/365/5 1031/187/5 905/365/5
f 1315/299/5 2743/178/5 1399/178/5
f 1030/117/6 2248/365/6 904/365/6
f 2742/170/6 1314/300/6 1398/170/6
f 2247/365/5 1029/117/5 903/365/5
f 1313/300/5 2741/170/5 1397/170/5
f 1028/117/6 2246/365/6 902/365/6
f 2182/354/6 712/384/6 838/354/6
f 2740/178/6 1312/300/6 1396/178/6
f 2245/366/5 1027/187/5 901/366/5
f 711/106/5 2181/371/5 837/371/5
f 1311/290/5 2739/178/5 1395/178/5
f 1026/117/6 2244/366/6 900/366/6
f 2180/371/6 710/384/6 836/371/6
f 2738/281/6 1310/94/6 1394/281/6
f 2243/366/5 1025/187/5 899/366/5
f 709/108/5 2179/111/5 835/111/5
f 1309/300/5 2737/279/5 1393/279/5
f 1024/187/6 2242/366/6 898/366/6
f 2178/379/6 666/404/6 834/379/6
f 2736/280/6 1308/300/6 1392/280/6
f 2241/367/5 1023/230/5 897/367/5
f 665/405/5 2177/379/5 833/379/5
f 1307/300/5 2735/280/5 1391/280/5
f 1022/230/6 2240/367/6 896/367/6
f 2176/379/6 664/406/6 832/379/6
f 2734/302/6 1306/94/6 1390/302/6
f 2239/367/5 1021/230/5 895/367/5
f 457/141/6 3060/137/6 1716/137/6
f 663/406/5 2175/379/5 831/379/5
f 1305/300/5 2733/281/5 1389/281/5
f 1020/230/6 2238/368/6 894/368/6
f 3059/137/5 458/155/5 1715/137/5
f 2174/379/6 662/406/6 830/379/6
f 2732/281/6 1304/300/6 1388/281/6
f 2237/368/5 1019/230/5 893/368/5
f 1803/154/6 1714/173/6 459/154/6
f 661/406/5 2173/380/5 829/380/5
f 1303/300/5 2731/281/5 1387/281/5
f 1018/230/6 2236/367/6 892/367/6
f 3057/157/5 460/155/5 1713/157/5
f 2172/380/6 660/405/6 828/380/6
f 2730/170/6 1302/300/6 1386/170/6
f 2235/369/5 1017/117/5 891/369/5
f 1805/155/6 1712/157/6 461/155/6
f 659/405/5 2171/380/5 827/380/5
f 1301/300/5 2729/170/5 1385/170/5
f 1016/117/6 2234/369/6 890/369/6
f 3055/157/5 462/155/5 1711/157/5
f 2170/380/6 658/414/6 826/380/6
f 2728/170/6 1300/300/6 1384/170/6
f 2233/367/5 1015/187/5 889/367/5
f 463/277/6 3054/158/6 1710/158/6
f 657/407/5 2169/110/5 825/110/5
f 1299/290/5 2727/170/5 1383/170/5
f 1014/187/6 2232/367/6 888/367/6
f 1709/157/5 1808/159/5 464/159/5
f 2168/387/6 656/404/6 824/387/6
f 2726/170/6 1298/290/6 1382/170/6
f 2231/367/5 1013/187/5 887/367/5
f 465/155/6 3052/157/6 1708/157/6
f 655/405/5 2167/380/5 823/380/5
f 1297/94/5 2725/93/5 1381/93/5
f 1012/117/6 2230/369/6 886/369/6
f 3051/160/5 466/155/5 1707/160/5
f 2166/380/6 654/405/6 822/380/6
f 1380/127/6 2640/126/6 1296/126/6
f 2229/367/5 1011/187/5 885/367/5
f 467/151/6 3050/166/6 1706/166/6
f 653/406/5 2165/380/5 821/380/5
f 2639/303/5 1379/127/5 1295/303/5
f 1010/187/6 2228/367/6 884/367/6
f 3049/162/5 468/161/5 1705/162/5
f 2164/380/6 652/406/6 820/380/6
f 1378/127/6 2638/126/6 1294/126/6
f 2227/370/5 1009/187/5 883/370/5
f 469/99/6 3048/162/6 1704/162/6
f 651/406/5 2163/380/5 819/380/5
f 2637/126/5 1377/127/5 1293/126/5
f 1008/187/6 2226/370/6 882/370/6
f 3047/162/5 470/165/5 1703/162/5
f 2162/380/6 650/405/6 818/380/6
f 1376/127/6 2636/126/6 1292/126/6
f 2225/370/5 1007/187/5 881/370/5
f 471/167/6 3046/166/6 1702/166/6
f 649/404/5 2161/379/5 817/379/5
f 2635/126/5 1375/127/5 1291/126/5
f 1006/187/6 2224/370/6 880/370/6
f 3045/162/5 472/167/5 1701/162/5
f 2160/379/6 648/382/6 816/379/6
f 1374/283/6 2634/308/6 1290/308/6
f 2223/373/5 1005/179/5 879/373/5
f 473/155/6 3044/162/6 1700/162/6
f 647/382/5 2159/379/5 815/379/5
f 2633/305/5 1373/283/5 1289/305/5
f 1004/179/6 2222/360/6 878/360/6
f 3043/166/5 474/169/5 1699/166/5
f 2158/379/6 646/382/6 814/379/6
f 1372/284/6 2632/305/6 1288/305/6
f 2221/112/5 1003/117/5 877/112/5
f 475/260/6 3042/162/6 1698/162/6
f 645/382/5 2157/379/5 813/379/5
f 2631/306/5 1371/284/5 1287/306/5
f 1002/114/6 2220/371/6 876/371/6
f 3041/166/5 476/155/5 1697/166/5
f 2156/379/6 644/382/6 812/379/6
f 1370/284/6 2630/308/6 1286/308/6
f 2219/374/5 1001/168/5 875/374/5
f 477/155/6 3040/166/6 1696/166/6
f 643/382/5 2155/383/5 811/383/5
f 2629/308/5 1369/284/5 1285/308/5
f 1000/114/6 2218/375/6 874/375/6
f 3039/172/5 478/171/5 1695/172/5
f 2154/383/6 642/105/6 810/383/6
f 1368/285/6 2628/308/6 1284/308/6
f 2217/375/5 999/114/5 873/375/5
f 479/155/6 3038/157/6 1694/157/6
f 641/105/5 2153/385/5 809/385/5
f 2627/126/5 1367/285/5 1283/126/5
f 998/114/6 2216/374/6 872/374/6
f 3037/174/5 480/171/5 1693/174/5
f 2152/385/6 640/105/6 808/385/6
f 1366/285/6 2626/126/6 1282/126/6
f 2215/374/5 997/114/5 871/374/5
f 481/155/6 3036/173/6 1692/173/6
f 639/404/5 2151/385/5 807/385/5
f 2625/126/5 1365/285/5 1281/126/5
f 996/352/6 2214/374/6 870/374/6
f 3035/157/5 482/155/5 1691/157/5
f 2150/408/6 638/105/6 806/408/6
f 1364/285/6 2624/126/6 1280/126/6
f 2213/375/5 995/346/5 869/375/5
f 483/154/6 3034/173/6 1690/173/6
f 637/105/5 2149/386/5 805/386/5
f 2623/309/5 1363/284/5 1279/309/5
f 994/346/6 2212/374/6 868/374/6
f 3033/157/5 484/155/5 1689/157/5
f 2148/387/6 636/389/6 804/387/6
f 1362/284/6 2622/310/6 1278/310/6
f 2211/376/5 993/347/5 867/376/5
f 485/154/6 3032/173/6 1688/173/6
f 635/389/5 2147/387/5 803/387/5
f 2621/310/5 1361/283/5 1277/310/5
f 992/346/6 2210/375/6 866/375/6
f 3031/157/5 486/155/5 1687/157/5
f 2146/388/6 634/394/6 802/388/6
f 1360/283/6 2620/310/6 1276/310/6
f 2209/374/5 991/347/5 865/374/5
f 487/154/6 3030/173/6 1686/173/6
f 633/389/5 2145/388/5 801/388/5
f 2619/311/5 1359/127/5 1275/311/5
f 990/347/6 2208/374/6 864/374/6
f 3029/157/5 488/141/5 1685/157/5
f 2144/388/6 632/389/6 800/388/6
f 1358/127/6 2618/311/6 1274/311/6
f 2207/375/5 989/346/5 863/375/5
f 489/141/6 3028/137/6 1684/137/6
f 631/389/5 2143/388/5 799/388/5
f 2617/311/5 1357/127/5 1273/311/5
f 988/346/6 2206/374/6 862/374/6
f 3027/157/5 490/155/5 1683/157/5
f 2142/379/6 630/394/6 798/379/6
f 1356/127/6 2616/328/6 1272/328/6
f 2205/374/5 987/346/5 861/374/5
f 491/154/6 3026/157/6 1682/157/6
f 629/389/5 2141/379/5 797/379/5
f 2615/312/5 1355/289/5 1271/312/5
f 986/348/6 2204/374/6 860/374/6
f 3025/173/5 492/154/5 1681/173/5
f 2140/379/6 628/389/6 796/379/6
f 1354/127/6 2614/314/6 1270/314/6
f 2203/377/5 985/348/5 859/377/5
f 493/237/6 3024/173/6 1680/173/6
f 627/382/5 2139/380/5 795/380/5
f 2613/313/5 1353/127/5 1269/313/5
f 984/349/6 2202/371/6 858/371/6
f 3023/173/5 494/155/5 1679/173/5
f 2138/380/6 626/382/6 794/380/6
f 1352/127/6 2612/313/6 1268/313/6
f 2201/377/5 983/348/5 857/377/5
f 495/155/6 3022/157/6 1678/157/6
f 625/105/5 2137/110/5 793/110/5
f 2611/314/5 1351/127/5 1267/314/5
f 982/348/6 2200/377/6 856/377/6
f 3021/138/5 496/99/5 1677/138/5
f 2136/109/6 624/103/6 792/109/6
f 1350/127/6 2610/311/6 1266/311/6
f 2199/377/5 981/348/5 855/377/5
f 497/155/6 3020/158/6 1676/158/6
f 623/343/5 2135/390/5 791/390/5
f 2609/311/5 1349/127/5 1265/311/5
f 980/349/6 2198/377/6 854/377/6
f 3019/138/5 498/99/5 1675/138/5
f 2134/109/6 622/103/6 790/109/6
f 1348/283/6 2608/310/6 1264/310/6
f 2197/377/5 979/349/5 853/377/5
f 373/140/6 3018/180/6 1674/180/6
f 621/103/5 2133/109/5 789/109/5
f 2607/316/5 1347/283/5 1263/316/5
f 978/378/6 2196/354/6 852/354/6
f 3017/139/5 374/183/5 1673/139/5
f 2132/390/6 620/103/6 788/390/6
f 1346/283/6 2606/316/6 1262/316/6
f 2195/354/5 977/168/5 851/354/5
f 375/182/6 3016/231/6 1672/231/6
f 619/103/5 2131/390/5 787/390/5
f 2605/316/5 1345/283/5 1261/316/5
f 976/348/6 2194/354/6 850/354/6
f 3015/185/5 376/153/5 1671/185/5
f 2130/391/6 618/103/6 786/391/6
f 1344/283/6 2604/316/6 1260/316/6
f 2193/371/5 975/350/5 849/371/5
f 377/184/6 3014/135/6 1670/135/6
f 617/342/5 2129/391/5 785/391/5
f 2603/311/5 1343/127/5 1259/311/5
f 974/350/6 2192/111/6 848/111/6
f 3013/180/5 378/188/5 1669/180/5
f 2128/410/6 616/342/6 784/410/6
f 1342/127/6 2602/311/6 1258/311/6
f 2191/354/5 973/348/5 847/354/5
f 379/177/6 3012/139/6 1668/139/6
f 615/103/5 2127/393/5 783/393/5
f 2601/309/5 1341/127/5 1257/309/5
f 972/348/6 2190/354/6 846/354/6
f 3011/191/5 380/190/5 1667/191/5
f 2126/395/6 614/362/6 782/395/6
f 1340/127/6 2600/126/6 1256/126/6
f 2189/354/5 971/348/5 845/354/5
f 381/153/6 3010/191/6 1666/191/6
f 613/103/5 2125/395/5 781/395/5
f 2599/126/5 1339/127/5 1255/126/5
f 970/350/6 2188/111/6 844/111/6
f 3009/136/5 382/181/5 1665/136/5
f 2124/396/6 612/103/6 780/396/6
f 2682/290/6 1254/124/6 1338/290/6
f 2187/354/5 969/346/5 843/354/5
f 383/153/6 3008/191/6 1664/191/6
f 611/103/5 2123/396/5 779/396/5
f 1253/318/5 2681/291/5 1337/291/5
f 968/346/6 2186/354/6 842/354/6
f 3007/192/5 384/177/5 1663/192/5
f 2122/396/6 610/103/6 778/396/6
f 2680/292/6 1252/124/6 1336/292/6
f 2185/354/5 967/352/5 841/354/5
f 385/153/6 3006/135/6 1662/135/6
f 609/103/5 2121/397/5 777/397/5
f 1251/124/5 2679/292/5 1335/292/5
f 966/352/6 2184/354/6 840/354/6
f 3005/191/5 386/153/5 1661/191/5
f 2120/397/6 608/104/6 776/397/6
f 1334/291/6 2594/124/6 1250/124/6
f 2183/354/5 965/352/5 839/354/5
f 387/164/6 3004/180/6 1660/180/6
f 607/104/5 2119/398/5 775/398/5
f 2593/124/5 1333/291/5 1249/124/5
f 964/168/6 2182/354/6 838/354/6
f 3003/194/5 388/153/5 1659/194/5
f 2118/395/6 606/351/6 774/395/6
f 1332/291/6 2592/325/6 1248/325/6
f 2181/371/5 963/168/5 837/371/5
f 389/153/6 3002/192/6 1658/192/6
f 605/343/5 2117/399/5 773/399/5
f 2591/319/5 1331/292/5 1247/319/5
f 962/168/6 2180/371/6 836/371/6
f 3001/191/5 390/196/5 1657/191/5
f 2116/399/6 604/343/6 772/399/6
f 2674/291/6 1246/320/6 1330/291/6
f 2179/111/5 961/115/5 835/111/5
f 391/417/6 3000/194/6 1656/194/6
f 603/104/5 2115/109/5 771/109/5
f 1245/319/5 2673/296/5 1329/296/5
f 2304/113/6 834/379/6 960/113/6
f 2999/191/5 392/153/5 1655/191/5
f 2114/390/6 602/345/6 770/390/6
f 1328/292/6 2588/325/6 1244/325/6
f 833/379/5 2303/113/5 959/113/5
f 393/153/6 2998/191/6 1654/191/6
f 601/345/5 2113/390/5 769/390/5
f 2587/320/5 1327/291/5 1243/320/5
f 2302/355/6 832/379/6 958/355/6
f 2997/199/5 394/198/5 1653/199/5
f 2112/109/6 600/345/6 768/109/6
f 1326/291/6 2586/320/6 1242/320/6
f 831/379/5 2301/355/5 957/355/5
f 395/418/6 2996/199/6 1652/199/6
f 599/344/5 2111/401/5 767/401/5
f 2585/319/5 1325/292/5 1241/319/5
f 2300/355/6 830/379/6 956/355/6
f 2995/199/5 396/198/5 1651/199/5
f 2110/411/6 598/344/6 766/411/6
f 1324/291/6 2584/319/6 1240/319/6
f 829/380/5 2299/355/5 955/355/5
f 397/200/6 2994/192/6 1650/192/6
f 597/344/5 2109/109/5 765/109/5
f 2583/319/5 1323/291/5 1239/319/5
f 2298/355/6 828/380/6 954/355/6
f 2993/180/5 398/200/5 1649/180/5
f 2108/109/6 596/344/6 764/109/6
f 1322/291/6 2582/321/6 1238/321/6
f 827/380/5 2297/355/5 953/355/5
f 399/418/6 2992/192/6 1648/192/6
f 595/344/5 2107/109/5 763/109/5
f 2581/321/5 1321/299/5 1237/321/5
f 2296/113/6 826/380/6 952/113/6
f 2991/180/5 400/200/5 1647/180/5
f 2106/390/6 594/104/6 762/390/6
f 1320/290/6 2580/322/6 1236/322/6
f 825/110/5 2295/356/5 951/356/5
f 401/418/6 2990/201/6 1646/201/6
f 593/104/5 2105/390/5 761/390/5
f 2579/321/5 1319/299/5 1235/321/5
f 2294/381/6 824/387/6 950/381/6
f 2989/180/5 402/202/5 1645/180/5
f 2104/413/6 592/343/6 760/413/6
f 1318/299/6 2578/321/6 1234/321/6
f 823/380/5 2293/357/5 949/357/5
f 403/418/6 2988/136/6 1644/136/6
f 591/342/5 2103/399/5 759/399/5
f 2577/321/5 1317/299/5 1233/321/5
f 2292/357/6 822/380/6 948/357/6
f 2987/180/5 404/203/5 1643/180/5
f 2102/399/6 590/342/6 758/399/6
f 1316/299/6 2576/322/6 1232/322/6
f 821/380/5 2291/357/5 947/357/5
f 405/204/6 2986/201/6 1642/201/6
f 589/342/5 2101/399/5 757/399/5
f 2575/322/5 1315/299/5 1231/322/5
f 2290/357/6 820/380/6 946/357/6
f 2985/180/5 406/204/5 1641/180/5
f 2100/399/6 588/342/6 756/399/6
f 1314/300/6 2574/341/6 1230/341/6
f 819/380/5 2289/357/5 945/357/5
f 407/204/6 2984/191/6 1640/191/6
f 587/103/5 2099/109/5 755/109/5
f 2573/318/5 1313/300/5 1229/318/5
f 2288/357/6 818/380/6 944/357/6
f 2983/180/5 408/206/5 1639/180/5
f 2098/109/6 586/104/6 754/109/6
f 1312/300/6 2572/321/6 1228/321/6
f 817/379/5 2287/357/5 943/357/5
f 409/419/6 2982/207/6 1638/207/6
f 585/104/5 2097/390/5 753/390/5
f 2571/323/5 1311/290/5 1227/323/5
f 2286/357/6 816/379/6 942/357/6
f 2981/180/5 410/140/5 1637/180/5
f 2096/390/6 584/104/6 752/390/6
f 1310/94/6 2570/323/6 1226/323/6
f 815/379/5 2285/357/5 941/357/5
f 411/140/6 2980/191/6 1636/191/6
f 583/104/5 2095/109/5 751/109/5
f 2569/321/5 1309/300/5 1225/321/5
f 2284/357/6 814/379/6 940/357/6
f 2979/136/5 412/96/5 1635/136/5
f 750/409/6 2011/333/6 667/333/6
f 1308/300/6 2568/321/6 1224/321/6
f 813/379/5 2283/357/5 939/357/5
f 413/420/6 2978/192/6 1634/192/6
f 2012/329/5 749/353/5 668/329/5
f 2567/321/5 1307/300/5 1223/321/5
f 2282/356/6 812/379/6 938/356/6
f 2977/136/5 414/96/5 1633/136/5
f 748/384/6 2013/329/6 669/329/6
f 1306/94/6 2566/323/6 1222/323/6
f 811/383/5 2281/356/5 937/356/5
f 3060/137/6 1632/134/6 1716/137/6
f 2014/332/5 747/384/5 670/332/5
f 2565/319/5 1305/300/5 1221/319/5
f 2280/356/6 810/383/6 936/356/6
f 2975/209/5 1715/137/5 1631/209/5
f 746/384/6 2015/329/6 671/329/6
f 1304/300/6 2564/319/6 1220/319/6
f 809/385/5 2279/356/5 935/356/5
f 3058/173/6 1630/134/6 1714/173/6
f 2016/333/5 745/353/5 672/333/5
f 2563/325/5 1303/300/5 1219/325/5
f 2278/356/6 808/385/6 934/356/6
f 2973/210/5 1713/157/5 1629/210/5
f 744/384/6 2017/412/6 673/412/6
f 1302/300/6 2562/325/6 1218/325/6
f 807/385/5 2277/356/5 933/356/5
f 3056/157/6 1628/210/6 1712/157/6
f 2018/142/5 743/353/5 674/142/5
f 2561/325/5 1301/300/5 1217/325/5
f 2276/356/6 806/408/6 932/356/6
f 2971/211/5 1711/157/5 1627/211/5
f 742/353/6 2019/333/6 675/333/6
f 1300/300/6 2560/318/6 1216/318/6
f 805/386/5 2275/356/5 931/356/5
f 3054/158/6 1626/212/6 1710/158/6
f 2020/334/5 741/358/5 676/334/5
f 2559/318/5 1299/290/5 1215/318/5
f 2274/356/6 804/387/6 930/356/6
f 2969/212/5 1709/157/5 1625/212/5
f 740/402/6 2021/333/6 677/333/6
f 1298/290/6 2558/318/6 1214/318/6
f 803/387/5 2273/356/5 929/356/5
f 3052/157/6 1624/212/6 1708/157/6
f 2022/335/5 739/384/5 678/335/5
f 2557/125/5 1297/94/5 1213/125/5
f 2272/355/6 802/388/6 928/355/6
f 2967/134/5 1707/160/5 1623/134/5
f 738/400/6 2023/142/6 679/142/6
f 2640/126/6 1212/122/6 1296/126/6
f 801/388/5 2271/355/5 927/355/5
f 3050/166/6 1622/134/6 1706/166/6
f 2024/142/5 737/400/5 680/142/5
f 1211/297/5 2639/303/5 1295/303/5
f 2270/355/6 800/388/6 926/355/6
f 2965/212/5 1705/162/5 1621/212/5
f 736/384/6 2025/333/6 681/333/6
f 2638/126/6 1210/326/6 1294/126/6
f 799/388/5 2269/355/5 925/355/5
f 3048/162/6 1620/212/6 1704/162/6
f 2026/142/5 735/353/5 682/142/5
f 1209/326/5 2637/126/5 1293/126/5
f 2268/355/6 798/379/6 924/355/6
f 2963/211/5 1703/162/5 1619/211/5
f 734/353/6 2027/334/6 683/334/6
f 2636/126/6 1208/122/6 1292/126/6
f 797/379/5 2267/355/5 923/355/5
f 3046/166/6 1618/211/6 1702/166/6
f 2028/336/5 733/353/5 684/336/5
f 1207/122/5 2635/126/5 1291/126/5
f 2266/355/6 796/379/6 922/355/6
f 2961/211/5 1701/162/5 1617/211/5
f 732/384/6 2029/403/6 685/403/6
f 2634/308/6 1206/297/6 1290/308/6
f 795/380/5 2265/113/5 921/113/5
f 3044/162/6 1616/211/6 1700/162/6
f 2030/336/5 731/353/5 686/336/5
f 1205/297/5 2633/305/5 1289/305/5
f 2264/113/6 794/380/6 920/113/6
f 2959/210/5 1699/166/5 1615/210/5
f 730/353/6 2031/336/6 687/336/6
f 2632/305/6 1204/276/6 1288/305/6
f 793/110/5 2263/113/5 919/113/5
f 3042/162/6 1614/210/6 1698/162/6
f 2032/337/5 729/353/5 688/337/5
f 1203/276/5 2631/306/5 1287/306/5
f 918/112/6 2136/109/6 792/109/6
f 2957/218/5 1697/166/5 1613/218/5
f 728/353/6 2033/142/6 689/142/6
f 2630/308/6 1202/122/6 1286/308/6
f 2135/390/5 917/360/5 791/390/5
f 3040/166/6 1612/218/6 1696/166/6
f 2034/337/5 727/353/5 690/337/5
f 1201/275/5 2629/308/5 1285/308/5
f 916/112/6 2134/109/6 790/109/6
f 2955/218/5 1695/172/5 1611/218/5
f 726/353/6 2035/336/6 691/336/6
f 2628/308/6 1200/275/6 1284/308/6
f 2133/109/5 915/112/5 789/109/5
f 3038/157/6 1610/218/6 1694/157/6
f 2036/142/5 725/353/5 692/142/5
f 1199/123/5 2627/126/5 1283/126/5
f 914/112/6 2132/390/6 788/390/6
f 2953/222/5 1693/174/5 1609/222/5
f 724/353/6 2037/142/6 693/142/6
f 2626/126/6 1198/123/6 1282/126/6
f 2131/390/5 913/112/5 787/390/5
f 3036/173/6 1608/222/6 1692/173/6
f 3084/134/31 4187/137/31 4186/134/31
f 3166/133/6 3293/129/6 3165/129/6
f 3071/135/18 4189/140/18 4188/135/18
f 3085/137/32 4190/141/32 4187/137/32
f 3072/140/19 4191/95/19 4189/140/19
f 3086/141/33 4192/98/33 4190/141/33
f 3073/95/20 4193/101/20 4191/95/20
f 4192/98/34 3088/103/34 4194/421/34
f 3074/101/21 4197/105/21 4193/101/21
f 3062/142/8 4199/106/8 4198/142/8
f 3088/103/35 4200/109/35 4196/103/35
f 3075/105/22 4201/110/22 4197/105/22
f 3061/106/9 4202/111/9 4199/106/9
f 3089/109/36 4203/112/36 4200/109/36
f 3076/110/23 4204/113/23 4201/110/23
f 3063/111/10 4205/114/10 4202/111/10
f 3090/112/37 4206/116/37 4203/112/37
f 3077/113/24 4207/118/24 4204/113/24
f 3065/119/11 4205/114/11 3064/114/11
f 3091/116/38 4209/120/38 4206/116/38
f 3078/118/25 4210/122/25 4207/118/25
f 3065/119/12 4211/124/12 4208/119/12
f 3092/120/40 4198/142/40 4209/120/40
f 3079/122/26 4212/126/26 4210/122/26
f 3066/124/13 4213/94/13 4211/124/13
f 3080/126/27 4214/127/27 4212/126/27
f 3067/94/14 4215/93/14 4213/94/14
f 3081/127/28 4216/128/28 4214/127/28
f 3068/93/15 4217/129/15 4215/93/15
f 4220/422/29 3082/128/29 4219/131/29
f 3069/129/16 4221/133/16 4217/129/16
f 3083/131/30 4186/134/30 4219/131/30
f 3070/133/17 4188/135/17 4221/133/17
f 3127/111/10 3096/114/10 3095/111/10
f 3118/141/6 3245/137/6 3117/137/6
f 3136/140/5 3265/95/5 3137/95/5
f 3293/129/6 3164/93/6 3165/129/6
f 3245/137/6 3116/134/6 3117/137/6
f 3263/135/5 3136/140/5 3135/135/5
f 3164/93/6 3291/94/6 3163/94/6
f 3244/134/6 3115/131/6 3116/134/6
f 3262/133/5 3135/135/5 3134/133/5
f 3291/94/6 3162/124/6 3163/94/6
f 3243/131/6 3114/128/6 3115/131/6
f 3133/129/5 3262/133/5 3134/133/5
f 3162/124/6 3289/119/6 3161/119/6
f 3242/128/6 3113/127/6 3114/128/6
f 3260/93/5 3133/129/5 3132/93/5
f 3161/119/6 3288/114/6 3160/114/6
f 3241/127/6 3112/126/6 3113/127/6
f 3131/94/5 3260/93/5 3132/93/5
f 3160/114/6 3287/111/6 3159/111/6
f 3092/120/5 3190/142/5 3062/142/5
f 3240/126/6 3111/122/6 3112/126/6
f 3130/124/5 3259/94/5 3131/94/5
f 3287/111/6 3157/106/6 3159/111/6
f 3219/116/5 3092/120/5 3091/116/5
f 3239/122/6 3110/118/6 3111/122/6
f 3257/119/5 3130/124/5 3129/119/5
f 3285/106/6 3158/142/6 3157/106/6
f 3218/112/5 3091/116/5 3090/112/5
f 3238/118/6 3109/113/6 3110/118/6
f 3256/114/5 3129/119/5 3128/114/5
f 3089/109/5 3218/112/5 3090/112/5
f 3109/113/6 3236/110/6 3108/110/6
f 3127/111/5 3256/114/5 3128/114/5
f 3154/112/37 3123/116/37 3122/112/37
f 3141/113/24 3110/118/24 3109/113/24
f 3128/114/11 3097/119/11 3096/114/11
f 3155/116/38 3124/120/38 3123/116/38
f 3142/118/25 3111/122/25 3110/118/25
f 3129/119/12 3098/124/12 3097/119/12
f 3156/120/40 3094/142/40 3124/120/40
f 3143/122/26 3112/126/26 3111/122/26
f 3130/124/13 3099/94/13 3098/124/13
f 3144/126/27 3113/127/27 3112/126/27
f 3131/94/14 3100/93/14 3099/94/14
f 3145/127/28 3114/128/28 3113/127/28
f 3132/93/15 3101/129/15 3100/93/15
f 3146/128/29 3115/131/29 3114/128/29
f 3133/129/16 3102/133/16 3101/129/16
f 3147/131/30 3116/134/30 3115/131/30
f 3134/133/17 3103/135/17 3102/133/17
f 3148/134/31 3117/137/31 3116/134/31
f 3135/135/18 3104/140/18 3103/135/18
f 3149/137/32 3118/141/32 3117/137/32
f 3136/140/19 3105/95/19 3104/140/19
f 3150/141/33 3119/98/33 3118/141/33
f 3137/95/20 3106/101/20 3105/95/20
f 3151/98/34 3120/103/34 3119/98/34
f 3138/101/21 3107/105/21 3106/101/21
f 3126/142/8 3093/106/8 3094/142/8
f 3152/103/35 3121/109/35 3120/103/35
f 3139/105/22 3108/110/22 3107/105/22
f 3125/106/9 3095/111/9 3093/106/9
f 3153/109/36 3122/112/36 3121/109/36
f 3140/110/23 3109/113/23 3108/110/23
f 3171/105/6 3163/94/6 3187/116/6
f 3088/103/5 3217/109/5 3089/109/5
f 3236/110/6 3107/105/6 3108/110/6
f 3125/106/5 3255/111/5 3127/111/5
f 3215/98/5 3088/103/5 3087/98/5
f 3107/105/6 3234/101/6 3106/101/6
f 3254/142/5 3125/106/5 3126/142/5
f 3214/141/5 3087/98/5 3086/141/5
f 3106/101/6 3233/95/6 3105/95/6
f 3213/137/5 3086/141/5 3085/137/5
f 3233/95/6 3104/140/6 3105/95/6
f 3084/134/5 3213/137/5 3085/137/5
f 3104/140/6 3231/135/6 3103/135/6
f 3211/131/5 3084/134/5 3083/131/5
f 3103/135/6 3230/133/6 3102/133/6
f 3082/128/5 3211/131/5 3083/131/5
f 3230/133/6 3101/129/6 3102/133/6
f 3081/127/5 3210/128/5 3082/128/5
f 3101/129/6 3228/93/6 3100/93/6
f 3080/126/5 3209/127/5 3081/127/5
f 3228/93/6 3099/94/6 3100/93/6
f 3207/122/5 3080/126/5 3079/122/5
f 3227/94/6 3098/124/6 3099/94/6
f 3078/118/5 3207/122/5 3079/122/5
f 3098/124/6 3225/119/6 3097/119/6
f 3077/113/5 3206/118/5 3078/118/5
f 3097/119/6 3224/114/6 3096/114/6
f 3204/110/5 3077/113/5 3076/110/5
f 3224/114/6 3095/111/6 3096/114/6
f 3075/105/5 3204/110/5 3076/110/5
f 3223/111/6 3093/106/6 3095/111/6
f 3202/101/5 3075/105/5 3074/101/5
f 3247/98/34 3216/103/34 3215/98/34
f 3234/101/21 3203/105/21 3202/101/21
f 3222/142/8 3189/106/8 3190/142/8
f 3248/103/35 3217/109/35 3216/103/35
f 3235/105/22 3204/110/22 3203/105/22
f 3221/106/9 3191/111/9 3189/106/9
f 3249/109/36 3218/112/36 3217/109/36
f 3236/110/23 3205/113/23 3204/110/23
f 3223/111/10 3192/114/10 3191/111/10
f 3250/112/37 3219/116/37 3218/112/37
f 3237/113/24 3206/118/24 3205/113/24
f 3224/114/11 3193/119/11 3192/114/11
f 3251/116/38 3220/120/38 3219/116/38
f 3238/118/25 3207/122/25 3206/118/25
f 3225/119/12 3194/124/12 3193/119/12
f 3252/120/40 3190/142/40 3220/120/40
f 3239/122/26 3208/126/26 3207/122/26
f 3226/124/13 3195/94/13 3194/124/13
f 3240/126/27 3209/127/27 3208/126/27
f 3227/94/14 3196/93/14 3195/94/14
f 3241/127/28 3210/128/28 3209/127/28
f 3228/93/15 3197/129/15 3196/93/15
f 3242/128/29 3211/131/29 3210/128/29
f 3229/129/16 3198/133/16 3197/129/16
f 3243/131/30 3212/134/30 3211/131/30
f 3230/133/17 3199/135/17 3198/133/17
f 3244/134/31 3213/137/31 3212/134/31
f 3231/135/18 3200/140/18 3199/135/18
f 3245/137/32 3214/141/32 3213/137/32
f 3232/140/19 3201/95/19 3200/140/19
f 3246/141/33 3215/98/33 3214/141/33
f 3233/95/20 3202/101/20 3201/95/20
f 3290/124/13 3259/94/13 3258/124/13
f 3304/126/27 3273/127/27 3272/126/27
f 3291/94/14 3260/93/14 3259/94/14
f 3305/127/28 3274/128/28 3273/127/28
f 3292/93/15 3261/129/15 3260/93/15
f 3306/128/29 3275/131/29 3274/128/29
f 3293/129/16 3262/133/16 3261/129/16
f 3307/131/30 3276/134/30 3275/131/30
f 3294/133/17 3263/135/17 3262/133/17
f 3308/134/31 3277/137/31 3276/134/31
f 3295/135/18 3264/140/18 3263/135/18
f 3309/137/32 3278/141/32 3277/137/32
f 3296/140/19 3265/95/19 3264/140/19
f 3310/141/33 3279/98/33 3278/141/33
f 3297/95/20 3266/101/20 3265/95/20
f 3311/98/34 3280/103/34 3279/98/34
f 3298/101/21 3267/105/21 3266/101/21
f 3286/142/8 3253/106/8 3254/142/8
f 3312/103/35 3281/109/35 3280/103/35
f 3299/105/22 3268/110/22 3267/105/22
f 3285/106/9 3255/111/9 3253/106/9
f 3313/109/36 3282/112/36 3281/109/36
f 3300/110/23 3269/113/23 3268/110/23
f 3287/111/10 3256/114/10 3255/111/10
f 3314/112/37 3283/116/37 3282/112/37
f 3269/113/24 3302/118/24 3270/118/24
f 3288/114/11 3257/119/11 3256/114/11
f 3315/116/38 3284/120/38 3283/116/38
f 3302/118/25 3271/122/25 3270/118/25
f 3289/119/12 3258/124/12 3257/119/12
f 3316/120/40 3254/142/40 3284/120/40
f 3303/122/26 3272/126/26 3271/122/26
f 3265/95/5 3138/101/5 3137/95/5
f 3247/98/6 3118/141/6 3119/98/6
f 3295/135/6 3166/133/6 3167/135/6
f 3266/101/5 3139/105/5 3138/101/5
f 3120/103/6 3247/98/6 3119/98/6
f 3168/140/6 3295/135/6 3167/135/6
f 3139/105/5 3268/110/5 3140/110/5
f 3249/109/6 3120/103/6 3121/109/6
f 3169/95/6 3296/140/6 3168/140/6
f 3268/110/5 3141/113/5 3140/110/5
f 3250/112/6 3121/109/6 3122/112/6
f 3170/101/6 3297/95/6 3169/95/6
f 3141/113/5 3270/118/5 3142/118/5
f 3251/116/6 3122/112/6 3123/116/6
f 3299/105/6 3170/101/6 3171/105/6
f 3142/118/5 3271/122/5 3143/122/5
f 3124/120/6 3251/116/6 3123/116/6
f 3172/110/6 3299/105/6 3171/105/6
f 3271/122/5 3144/126/5 3143/122/5
f 3222/142/6 3124/120/6 3094/142/6
f 3173/113/6 3300/110/6 3172/110/6
f 3144/126/5 3273/127/5 3145/127/5
f 3302/118/6 3173/113/6 3174/118/6
f 3145/127/5 3274/128/5 3146/128/5
f 3303/122/6 3174/118/6 3175/122/6
f 3146/128/5 3275/131/5 3147/131/5
f 3304/126/6 3175/122/6 3176/126/6
f 3275/131/5 3148/134/5 3147/131/5
f 3305/127/6 3176/126/6 3177/127/6
f 3148/134/5 3277/137/5 3149/137/5
f 3178/128/6 3305/127/6 3177/127/6
f 3277/137/5 3150/141/5 3149/137/5
f 3307/131/6 3178/128/6 3179/131/6
f 3278/141/5 3151/98/5 3150/141/5
f 3308/134/6 3179/131/6 3180/134/6
f 3279/98/5 3152/103/5 3151/98/5
f 3190/142/5 3061/106/5 3062/142/5
f 3181/137/6 3308/134/6 3180/134/6
f 3152/103/5 3281/109/5 3153/109/5
f 3061/106/5 3191/111/5 3063/111/5
f 3310/141/6 3181/137/6 3182/141/6
f 3153/109/5 3282/112/5 3154/112/5
f 3063/111/5 3192/114/5 3064/114/5
f 3183/98/6 3310/141/6 3182/141/6
f 3282/112/5 3155/116/5 3154/112/5
f 3192/114/5 3065/119/5 3064/114/5
f 3184/103/6 3311/98/6 3183/98/6
f 3283/116/5 3156/120/5 3155/116/5
f 3193/119/5 3066/124/5 3065/119/5
f 3313/109/6 3184/103/6 3185/109/6
f 3156/120/5 3254/142/5 3126/142/5
f 3066/124/5 3195/94/5 3067/94/5
f 3314/112/6 3185/109/6 3186/112/6
f 3067/94/5 3196/93/5 3068/93/5
f 3187/116/6 3314/112/6 3186/112/6
f 3196/93/5 3069/129/5 3068/93/5
f 3188/120/6 3315/116/6 3187/116/6
f 3069/129/5 3198/133/5 3070/133/5
f 3286/142/6 3188/120/6 3158/142/6
f 3198/133/5 3071/135/5 3070/133/5
f 3199/135/5 3072/140/5 3071/135/5
f 3072/140/5 3201/95/5 3073/95/5
f 3201/95/5 3074/101/5 3073/95/5
f 3093/106/6 3222/142/6 3094/142/6
f 3414/354/6 3799/114/6 3766/354/6
f 3327/423/19 3637/424/19 3636/96/19
f 3516/126/6 3846/122/6 3494/122/6
f 3324/95/19 3638/425/19 3325/95/19
f 3619/180/6 3949/239/6 3597/239/6
f 3322/95/19 3640/140/19 3323/426/19
f 3345/101/5 3675/426/5 3697/101/5
f 3320/95/19 3642/427/19 3321/95/19
f 3415/111/5 3800/168/5 3448/168/5
f 3318/428/19 3644/140/19 3319/428/19
f 3495/122/5 3869/308/5 3517/308/5
f 3620/180/5 3950/235/5 3972/180/5
f 3338/143/33 3648/429/33 3647/430/33
f 3346/101/6 3676/95/6 3324/95/6
f 3335/261/33 3649/431/33 3336/143/33
f 3333/143/33 3651/431/33 3334/100/33
f 3518/432/6 3848/122/6 3496/122/6
f 3331/98/33 3653/151/33 3332/98/33
f 3621/180/6 3951/235/6 3599/235/6
f 3329/433/33 3655/151/33 3330/100/33
f 3347/101/5 3677/95/5 3699/101/5
f 3427/113/5 3746/379/5 3779/113/5
f 3348/101/20 3327/423/20 3349/301/20
f 3497/122/5 3871/432/5 3519/432/5
f 3346/101/20 3325/95/20 3347/101/20
f 3622/199/5 3952/233/5 3974/199/5
f 3344/101/20 3323/426/20 3345/101/20
f 3348/101/6 3678/97/6 3326/97/6
f 3342/294/20 3321/95/20 3343/294/20
f 3428/113/6 3747/388/6 3395/388/6
f 3340/101/20 3319/428/20 3341/101/20
f 3520/308/6 3850/122/6 3498/122/6
f 3623/185/6 3953/133/6 3601/133/6
f 3359/103/34 3338/143/34 3360/343/34
f 3349/301/5 3679/423/5 3701/301/5
f 3357/103/34 3336/143/34 3358/103/34
f 3429/113/5 3748/110/5 3781/113/5
f 3355/103/34 3334/100/34 3356/103/34
f 3499/434/5 3873/126/5 3521/126/5
f 3353/342/34 3332/98/34 3354/342/34
f 3624/231/5 3954/232/5 3976/231/5
f 3351/103/34 3330/100/34 3352/103/34
f 3430/435/6 3749/380/6 3397/380/6
f 3370/436/21 3349/301/21 3371/105/21
f 3522/126/6 3852/434/6 3500/434/6
f 3368/437/21 3347/101/21 3369/436/21
f 3366/404/21 3345/101/21 3367/437/21
f 3328/415/5 4009/151/5 3680/415/5
f 3364/404/21 3343/294/21 3365/404/21
f 3431/435/5 3750/380/5 3783/435/5
f 3362/404/21 3341/101/21 3363/404/21
f 3501/148/5 3875/126/5 3523/126/5
f 3581/131/5 3955/134/5 3603/134/5
f 3382/438/8 3659/142/8 3658/412/8
f 3329/433/6 4008/151/6 3656/151/6
f 3379/384/8 3660/338/8 3380/438/8
f 3432/435/6 3751/380/6 3399/380/6
f 3377/384/8 3662/142/8 3378/384/8
f 3524/126/6 3854/148/6 3502/148/6
f 3375/384/8 3664/329/8 3376/384/8
f 3582/131/6 3956/254/6 3934/131/6
f 3373/402/8 3666/329/8 3374/108/8
f 3330/100/5 4007/151/5 3682/100/5
f 3433/113/5 3752/380/5 3785/113/5
f 3392/109/35 3360/343/35 3393/390/35
f 3503/122/5 3877/303/5 3525/303/5
f 3390/390/35 3358/103/35 3391/109/35
f 3583/131/5 3957/134/5 3605/134/5
f 3388/439/35 3356/103/35 3389/390/35
f 3331/98/6 4006/151/6 3654/151/6
f 3386/439/35 3354/342/35 3387/439/35
f 3434/113/6 3753/379/6 3401/379/6
f 3384/109/35 3352/103/35 3385/390/35
f 3584/131/6 3958/212/6 3936/131/6
f 3403/379/22 3371/105/22 3404/379/22
f 3332/98/5 4005/151/5 3684/98/5
f 3401/379/22 3369/436/22 3402/379/22
f 3435/113/5 3754/379/5 3787/113/5
f 3399/380/22 3367/437/22 3400/380/22
f 3482/330/5 4020/329/5 3668/329/5
f 3397/380/22 3365/404/22 3398/380/22
f 3585/131/5 3959/212/5 3607/212/5
f 3395/388/22 3363/404/22 3396/110/22
f 3333/143/6 4004/151/6 3652/151/6
f 3436/113/6 3755/379/6 3403/379/6
f 3414/354/9 3382/438/9 3415/111/9
f 3483/330/6 4019/329/6 3835/330/6
f 3412/371/9 3380/438/9 3413/354/9
f 3586/131/6 3960/212/6 3938/131/6
f 3410/371/9 3378/384/9 3411/371/9
f 3334/100/5 4003/431/5 3686/100/5
f 3408/377/9 3376/384/9 3409/377/9
f 3437/113/5 3756/379/5 3789/113/5
f 3406/377/9 3374/108/9 3407/377/9
f 3484/255/5 4018/329/5 3666/329/5
f 3587/440/5 3961/211/5 3609/211/5
f 3425/112/36 3393/390/36 3426/360/36
f 3335/261/6 4002/151/6 3650/151/6
f 3423/441/36 3391/109/36 3424/441/36
f 3421/442/36 3389/390/36 3422/441/36
f 3485/120/6 4017/329/6 3837/120/6
f 3419/442/36 3387/439/36 3420/442/36
f 3588/440/6 3962/210/6 3940/440/6
f 3417/112/36 3385/390/36 3418/442/36
f 3336/143/5 4001/431/5 3688/143/5
f 3416/112/5 3735/109/5 3768/112/5
f 3436/113/23 3404/379/23 3437/113/23
f 3486/120/5 4016/329/5 3664/329/5
f 3434/113/23 3402/379/23 3435/113/23
f 3589/443/5 3963/210/5 3611/210/5
f 3432/435/23 3400/380/23 3433/113/23
f 3337/100/6 4000/429/6 3648/429/6
f 3430/435/23 3398/380/23 3431/435/23
f 3417/112/6 3736/109/6 3384/109/6
f 3428/113/23 3396/110/23 3429/113/23
f 3487/120/6 4015/142/6 3839/120/6
f 3590/443/6 3964/134/6 3942/443/6
f 3447/114/10 3415/111/10 3448/168/10
f 3338/143/5 3999/430/5 3690/143/5
f 3445/444/10 3413/354/10 3446/444/10
f 3418/442/5 3737/390/5 3770/442/5
f 3443/114/10 3411/371/10 3444/444/10
f 3488/186/5 4014/142/5 3662/142/5
f 3441/114/10 3409/377/10 3442/114/10
f 3591/131/5 3965/209/5 3613/209/5
f 3439/114/10 3407/377/10 3440/114/10
f 3419/442/6 3738/439/6 3386/439/6
f 3458/264/37 3426/360/37 3459/116/37
f 3489/186/6 4013/142/6 3841/186/6
f 3456/116/37 3424/441/37 3457/264/37
f 3454/116/37 3422/441/37 3455/116/37
f 3646/140/5 3669/416/5 3317/416/5
f 3452/230/37 3420/442/37 3453/230/37
f 3420/442/5 3739/439/5 3772/442/5
f 3450/230/37 3418/442/37 3451/230/37
f 3490/445/5 4012/338/5 3660/338/5
f 3592/133/5 3922/130/5 3944/133/5
f 3469/118/24 3437/113/24 3470/327/24
f 3645/140/6 3670/428/6 3997/140/6
f 3467/146/24 3435/113/24 3468/146/24
f 3421/442/6 3740/439/6 3388/439/6
f 3465/273/24 3433/113/24 3466/307/24
f 3491/120/6 4011/142/6 3843/120/6
f 3463/273/24 3431/435/24 3464/273/24
f 3593/133/6 3923/130/6 3571/130/6
f 3461/282/24 3429/113/24 3462/118/24
f 3644/140/5 3671/428/5 3319/428/5
f 3422/441/5 3741/390/5 3774/441/5
f 3480/119/11 3448/168/11 3481/147/11
f 3492/120/42 4010/412/42 3658/412/42
f 3478/147/11 3446/444/11 3479/119/11
f 3594/239/5 3924/176/5 3946/239/5
f 3476/339/11 3444/444/11 3477/147/11
f 3643/427/6 3672/95/6 3995/427/6
f 3474/339/11 3442/114/11 3475/339/11
f 3423/441/6 3742/390/6 3390/390/6
f 3472/119/11 3440/114/11 3473/147/11
f 3595/238/6 3925/176/6 3573/176/6
f 3491/120/38 3459/116/38 3492/120/38
f 3642/427/5 3673/95/5 3321/95/5
f 3489/186/38 3457/264/38 3490/445/38
f 3424/441/5 3743/109/5 3776/441/5
f 3487/120/38 3455/116/38 3488/186/38
f 3471/119/5 3856/124/5 3504/124/5
f 3485/120/38 3453/230/38 3486/120/38
f 3596/238/5 3926/176/5 3948/238/5
f 3483/330/38 3451/230/38 3484/255/38
f 3641/427/6 3674/95/6 3993/427/6
f 3425/112/6 3744/109/6 3392/109/6
f 3502/148/25 3470/327/25 3503/122/25
f 3472/119/6 3857/124/6 3824/119/6
f 3500/434/25 3468/146/25 3501/148/25
f 3597/239/6 3927/176/6 3575/176/6
f 3498/122/25 3466/307/25 3499/434/25
f 3640/140/5 3675/426/5 3323/426/5
f 3496/122/25 3464/273/25 3497/122/25
f 3426/360/5 3745/390/5 3778/360/5
f 3494/122/25 3462/118/25 3495/122/25
f 3473/147/5 3858/124/5 3506/124/5
f 3598/235/5 3928/176/5 3950/235/5
f 3513/124/12 3481/147/12 3514/318/12
f 3639/140/6 3676/95/6 3991/140/6
f 3511/446/12 3479/119/12 3512/446/12
f 3509/124/12 3477/147/12 3510/446/12
f 3474/339/6 3859/124/6 3826/339/6
f 3507/124/12 3475/339/12 3508/124/12
f 3599/235/6 3929/176/6 3577/176/6
f 3505/124/12 3473/147/12 3506/124/12
f 3638/425/5 3677/95/5 3325/95/5
f 3372/400/5 3757/371/5 3405/371/5
f 3659/142/40 3492/120/40 3658/412/40
f 3475/339/5 3860/124/5 3508/124/5
f 3661/142/40 3490/445/40 3660/338/40
f 3600/233/5 3930/176/5 3952/233/5
f 3663/142/40 3488/186/40 3662/142/40
f 3637/424/6 3678/97/6 3989/424/6
f 3665/329/40 3486/120/40 3664/329/40
f 3373/402/6 3758/377/6 3725/402/6
f 3666/329/40 3483/330/40 3484/255/40
f 3476/339/6 3861/124/6 3828/339/6
f 3601/133/6 3931/176/6 3579/176/6
f 3524/126/26 3503/122/26 3525/303/26
f 3636/96/5 3679/423/5 3327/423/5
f 3522/126/26 3501/148/26 3523/126/26
f 3374/108/5 3759/377/5 3407/377/5
f 3520/308/26 3499/434/26 3521/126/26
f 3477/147/5 3862/446/5 3510/446/5
f 3518/432/26 3497/122/26 3519/432/26
f 3602/232/5 3932/176/5 3954/232/5
f 3516/126/26 3495/122/26 3517/308/26
f 3375/384/6 3760/377/6 3727/384/6
f 3535/300/13 3514/318/13 3536/94/13
f 3478/147/6 3863/446/6 3830/147/6
f 3533/290/13 3512/446/13 3534/300/13
f 3531/290/13 3510/446/13 3532/290/13
f 3376/384/5 3761/377/5 3409/377/5
f 3529/299/13 3508/124/13 3530/299/13
f 3479/119/5 3864/446/5 3512/446/5
f 3527/299/13 3506/124/13 3528/299/13
f 3559/128/5 3933/131/5 3581/131/5
f 3377/384/6 3762/371/6 3729/384/6
f 3546/127/27 3525/303/27 3547/127/27
f 3480/119/6 3865/124/6 3832/119/6
f 3544/127/27 3523/126/27 3545/127/27
f 3582/131/6 3912/128/6 3560/128/6
f 3542/127/27 3521/126/27 3543/127/27
f 3378/384/5 3763/371/5 3411/371/5
f 3540/127/27 3519/432/27 3541/127/27
f 3481/147/5 3866/318/5 3514/318/5
f 3538/127/27 3517/308/27 3539/127/27
f 3561/150/5 3935/131/5 3583/131/5
f 3379/384/6 3764/371/6 3731/384/6
f 3557/156/14 3536/94/14 3558/170/14
f 3555/170/14 3534/300/14 3556/156/14
f 3584/131/6 3914/447/6 3562/447/6
f 3553/170/14 3532/290/14 3554/170/14
f 3380/438/5 3765/354/5 3413/354/5
f 3551/178/14 3530/299/14 3552/178/14
f 3493/122/5 3812/118/5 3845/122/5
f 3549/93/14 3528/299/14 3550/281/14
f 3563/447/5 3937/131/5 3585/131/5
f 3381/384/6 3766/354/6 3733/384/6
f 3568/128/28 3547/127/28 3569/263/28
f 3494/122/6 3813/282/6 3461/282/6
f 3566/128/28 3545/127/28 3567/128/28
f 3586/131/6 3916/150/6 3564/150/6
f 3564/150/28 3543/127/28 3565/128/28
f 3382/438/5 3767/111/5 3415/111/5
f 3562/447/28 3541/127/28 3563/447/28
f 3495/122/5 3814/118/5 3847/122/5
f 3560/128/28 3539/127/28 3561/150/28
f 3565/128/5 3939/440/5 3587/440/5
f 3579/176/15 3558/170/15 3580/176/15
f 3496/122/6 3815/273/6 3463/273/6
f 3577/176/15 3556/156/15 3578/176/15
f 3588/440/6 3918/128/6 3566/128/6
f 3575/176/15 3554/170/15 3576/176/15
f 3394/379/5 3713/404/5 3746/379/5
f 3573/176/15 3552/178/15 3574/176/15
f 3497/122/5 3816/273/5 3849/122/5
f 3571/130/15 3550/281/15 3572/176/15
f 3567/128/5 3941/443/5 3589/443/5
f 3395/388/6 3714/404/6 3362/404/6
f 3590/443/29 3569/263/29 3591/131/29
f 3498/122/6 3817/273/6 3465/273/6
f 3588/440/29 3567/128/29 3589/443/29
f 3590/443/6 3920/128/6 3568/128/6
f 3586/131/29 3565/128/29 3587/440/29
f 3396/110/5 3715/404/5 3748/110/5
f 3584/131/29 3563/447/29 3585/131/29
f 3499/434/5 3818/307/5 3851/434/5
f 3582/131/29 3561/150/29 3583/131/29
f 3569/263/5 3943/131/5 3591/131/5
f 3397/380/6 3716/404/6 3364/404/6
f 3601/133/16 3580/176/16 3602/232/16
f 3500/434/6 3819/146/6 3467/146/6
f 3599/235/16 3578/176/16 3600/233/16
f 3597/239/16 3576/176/16 3598/235/16
f 3398/380/5 3717/404/5 3750/380/5
f 3595/238/16 3574/176/16 3596/238/16
f 3501/148/5 3820/146/5 3853/148/5
f 3593/133/16 3572/176/16 3594/239/16
f 3570/130/5 3900/156/5 3922/130/5
f 3399/380/6 3718/404/6 3366/404/6
f 3612/134/30 3591/131/30 3613/209/30
f 3502/148/6 3821/118/6 3469/118/6
f 3610/210/30 3589/443/30 3611/210/30
f 3571/130/6 3901/93/6 3549/93/6
f 3608/212/30 3587/440/30 3609/211/30
f 3400/380/5 3719/437/5 3752/380/5
f 3606/212/30 3585/131/30 3607/212/30
f 3503/122/5 3822/327/5 3855/122/5
f 3604/254/30 3583/131/30 3605/134/30
f 3572/176/5 3902/281/5 3924/176/5
f 3401/379/6 3720/437/6 3368/437/6
f 3623/185/17 3602/232/17 3624/231/17
f 3621/180/17 3600/233/17 3622/199/17
f 3573/176/6 3903/178/6 3551/178/6
f 3619/180/17 3598/235/17 3620/180/17
f 3402/379/5 3721/436/5 3754/379/5
f 3617/180/17 3596/238/17 3618/180/17
f 3482/330/5 3801/116/5 3834/330/5
f 3615/191/17 3594/239/17 3616/180/17
f 3574/176/5 3904/178/5 3926/176/5
f 3403/379/6 3722/436/6 3370/436/6
f 3634/173/31 3613/209/31 3635/173/31
f 3483/330/6 3802/230/6 3450/230/6
f 3632/137/31 3611/210/31 3633/173/31
f 3575/176/6 3905/170/6 3553/170/6
f 3630/448/31 3609/211/31 3631/137/31
f 3404/379/5 3723/105/5 3756/379/5
f 3628/448/31 3607/212/31 3629/448/31
f 3484/255/5 3803/230/5 3836/255/5
f 3626/137/31 3605/134/31 3627/137/31
f 3576/176/5 3906/170/5 3928/176/5
f 3637/424/18 3624/231/18 3636/185/18
f 3485/120/6 3804/230/6 3452/230/6
f 3639/140/18 3622/199/18 3638/425/18
f 3577/176/6 3907/170/6 3555/170/6
f 3641/427/18 3620/180/18 3640/140/18
f 3350/103/5 3735/109/5 3383/109/5
f 3643/427/18 3618/180/18 3642/427/18
f 3486/120/5 3805/230/5 3838/120/5
f 3644/140/18 3615/191/18 3616/180/18
f 3578/176/5 3908/156/5 3930/176/5
f 3351/103/6 3736/109/6 3703/103/6
f 3648/429/32 3635/173/32 3647/173/32
f 3487/120/6 3806/116/6 3454/116/6
f 3650/151/32 3633/173/32 3649/431/32
f 3579/176/6 3909/156/6 3557/156/6
f 3652/151/32 3631/137/32 3651/431/32
f 3352/103/5 3737/390/5 3385/390/5
f 3654/151/32 3629/448/32 3653/151/32
f 3488/186/5 3807/116/5 3840/186/5
f 3655/151/32 3626/137/32 3627/137/32
f 3580/176/5 3910/170/5 3932/176/5
f 4222/426/19 3988/96/19 4223/140/19
f 3678/97/19 3990/425/19 3989/424/19
f 3675/426/19 3991/140/19 3676/95/19
f 3673/95/19 3993/427/19 3674/95/19
f 3671/428/19 3995/427/19 3672/95/19
f 3669/416/19 3997/140/19 3670/428/19
f 3999/430/33 4224/98/33 3690/143/33
f 3689/100/33 4001/431/33 4000/429/33
f 3686/100/33 4002/151/33 3687/261/33
f 3684/98/33 4004/151/33 3685/143/33
f 3682/100/33 4006/151/33 3683/98/33
f 3680/415/33 4008/151/33 3681/433/33
f 3701/301/20 4222/426/20 4226/102/20
f 3699/101/20 3678/97/20 3700/101/20
f 3697/101/20 3676/95/20 3698/101/20
f 3695/294/20 3674/95/20 3696/101/20
f 3693/101/20 3672/95/20 3694/294/20
f 3691/101/20 3670/428/20 3692/101/20
f 3690/143/34 4227/104/34 3712/343/34
f 3710/103/34 3689/100/34 3711/103/34
f 3708/103/34 3687/261/34 3709/103/34
f 3706/342/34 3685/143/34 3707/103/34
f 3704/103/34 3683/98/34 3705/342/34
f 3702/103/34 3681/433/34 3703/103/34
f 3723/105/21 4226/102/21 4228/105/21
f 3721/436/21 3700/101/21 3722/436/21
f 3719/437/21 3698/101/21 3720/437/21
f 3717/404/21 3696/101/21 3718/404/21
f 3715/404/21 3694/294/21 3716/404/21
f 3713/404/21 3692/101/21 3714/404/21
f 4010/412/8 4229/353/8 3734/438/8
f 3733/384/8 4012/338/8 4011/142/8
f 3731/384/8 4014/142/8 4013/142/8
f 3729/384/8 4016/329/8 4015/142/8
f 3726/108/8 4017/329/8 3727/384/8
f 3724/400/8 4019/329/8 3725/402/8
f 3712/343/35 4231/109/35 3745/390/35
f 3743/109/35 3711/103/35 3744/109/35
f 3741/390/35 3709/103/35 3742/390/35
f 3739/439/35 3707/103/35 3740/439/35
f 3737/390/35 3705/342/35 3738/439/35
f 3735/109/35 3703/103/35 3736/109/35
f 3756/379/22 4228/105/22 4232/379/22
f 3754/379/22 3722/436/22 3755/379/22
f 3752/380/22 3720/437/22 3753/379/22
f 3750/380/22 3718/404/22 3751/380/22
f 3748/110/22 3716/404/22 3749/380/22
f 3746/379/22 3714/404/22 3747/388/22
f 3734/438/9 4233/111/9 3767/111/9
f 3766/354/9 3732/438/9 3733/384/9
f 3764/371/9 3730/384/9 3731/384/9
f 3762/371/9 3728/384/9 3729/384/9
f 3759/377/9 3727/384/9 3760/377/9
f 3757/371/9 3725/402/9 3758/377/9
f 3745/390/36 4234/112/36 3778/360/36
f 3776/441/36 3744/109/36 3777/112/36
f 3774/441/36 3742/390/36 3775/441/36
f 3772/442/36 3740/439/36 3773/442/36
f 3770/442/36 3738/439/36 3771/442/36
f 3768/112/36 3736/109/36 3769/112/36
f 3789/113/23 4232/379/23 4235/449/23
f 3787/113/23 3755/379/23 3788/113/23
f 3785/113/23 3753/379/23 3786/113/23
f 3783/435/23 3751/380/23 3784/435/23
f 3781/113/23 3749/380/23 3782/435/23
f 3779/113/23 3747/388/23 3780/113/23
f 3767/111/10 4237/115/10 3800/168/10
f 3798/444/10 3766/354/10 3799/114/10
f 3796/444/10 3764/371/10 3797/444/10
f 3794/114/10 3762/371/10 3795/114/10
f 3792/114/10 3760/377/10 3793/114/10
f 3790/114/10 3758/377/10 3791/114/10
f 3778/360/37 4238/116/37 3811/116/37
f 3809/264/37 3777/112/37 3810/264/37
f 3807/116/37 3775/441/37 3808/116/37
f 3805/230/37 3773/442/37 3806/116/37
f 3803/230/37 3771/442/37 3804/230/37
f 3801/116/37 3769/112/37 3802/230/37
f 3822/327/24 4236/113/24 4239/118/24
f 3820/146/24 3788/113/24 3821/118/24
f 3818/307/24 3786/113/24 3819/146/24
f 3816/273/24 3784/435/24 3817/273/24
f 3814/118/24 3782/435/24 3815/273/24
f 3812/118/24 3780/113/24 3813/282/24
f 3800/168/11 4240/119/11 3833/147/11
f 3831/119/11 3799/114/11 3832/119/11
f 3829/147/11 3797/444/11 3830/147/11
f 3827/339/11 3795/114/11 3828/339/11
f 3825/147/11 3793/114/11 3826/339/11
f 3823/119/11 3791/114/11 3824/119/11
f 3811/116/38 4241/120/38 3844/120/38
f 3842/445/38 3810/264/38 3843/120/38
f 3840/186/38 3808/116/38 3841/186/38
f 3838/120/38 3806/116/38 3839/120/38
f 3836/255/38 3804/230/38 3837/120/38
f 3834/330/38 3802/230/38 3835/330/38
f 3855/122/25 4239/118/25 4242/122/25
f 3853/148/25 3821/118/25 3854/148/25
f 3851/434/25 3819/146/25 3852/434/25
f 3849/122/25 3817/273/25 3850/122/25
f 3847/122/25 3815/273/25 3848/122/25
f 3845/122/25 3813/282/25 3846/122/25
f 3866/318/12 4240/119/12 4243/125/12
f 3864/446/12 3832/119/12 3865/124/12
f 3862/446/12 3830/147/12 3863/446/12
f 3860/124/12 3828/339/12 3861/124/12
f 3858/124/12 3826/339/12 3859/124/12
f 3856/124/12 3824/119/12 3857/124/12
f 4010/412/40 4241/120/40 4230/142/40
f 4012/338/40 3843/120/40 4011/142/40
f 4014/142/40 3841/186/40 4013/142/40
f 4016/329/40 3839/120/40 4015/142/40
f 4018/329/40 3837/120/40 4017/329/40
f 4019/329/40 3834/330/40 3835/330/40
f 3877/303/26 4242/122/26 4244/126/26
f 3875/126/26 3854/148/26 3876/126/26
f 3873/126/26 3852/434/26 3874/126/26
f 3871/432/26 3850/122/26 3872/308/26
f 3869/308/26 3848/122/26 3870/432/26
f 3867/126/26 3846/122/26 3868/126/26
f 3888/94/13 4243/125/13 4245/94/13
f 3886/300/13 3865/124/13 3887/300/13
f 3884/290/13 3863/446/13 3885/290/13
f 3882/299/13 3861/124/13 3883/290/13
f 3880/299/13 3859/124/13 3881/299/13
f 3878/290/13 3857/124/13 3879/299/13
f 3899/127/27 4244/126/27 4246/127/27
f 3897/127/27 3876/126/27 3898/127/27
f 3895/127/27 3874/126/27 3896/127/27
f 3893/127/27 3872/308/27 3894/127/27
f 3891/127/27 3870/432/27 3892/127/27
f 3889/127/27 3868/126/27 3890/127/27
f 3910/170/14 4245/94/14 4247/170/14
f 3908/156/14 3887/300/14 3909/156/14
f 3906/170/14 3885/290/14 3907/170/14
f 3904/178/14 3883/290/14 3905/170/14
f 3902/281/14 3881/299/14 3903/178/14
f 3900/156/14 3879/299/14 3901/93/14
f 3899/127/28 4248/128/28 3921/263/28
f 3919/128/28 3898/127/28 3920/128/28
f 3917/128/28 3896/127/28 3918/128/28
f 3915/447/28 3894/127/28 3916/150/28
f 3913/150/28 3892/127/28 3914/447/28
f 3911/128/28 3890/127/28 3912/128/28
f 3932/176/15 4247/170/15 4249/130/15
f 3930/176/15 3909/156/15 3931/176/15
f 3928/176/15 3907/170/15 3929/176/15
f 3926/176/15 3905/170/15 3927/176/15
f 3924/176/15 3903/178/15 3925/176/15
f 3922/130/15 3901/93/15 3923/130/15
f 3921/263/29 4250/131/29 3943/131/29
f 3941/443/29 3920/128/29 3942/443/29
f 3939/440/29 3918/128/29 3940/440/29
f 3937/131/29 3916/150/29 3938/131/29
f 3935/131/29 3914/447/29 3936/131/29
f 3933/131/29 3912/128/29 3934/131/29
f 3954/232/16 4249/130/16 4251/239/16
f 3952/233/16 3931/176/16 3953/133/16
f 3950/235/16 3929/176/16 3951/235/16
f 3948/238/16 3927/176/16 3949/239/16
f 3946/239/16 3925/176/16 3947/238/16
f 3944/133/16 3923/130/16 3945/133/16
f 3943/131/30 4252/134/30 3965/209/30
f 3963/210/30 3942/443/30 3964/134/30
f 3961/211/30 3940/440/30 3962/210/30
f 3959/212/30 3938/131/30 3960/212/30
f 3957/134/30 3936/131/30 3958/212/30
f 3955/134/30 3934/131/30 3956/254/30
f 3976/231/17 4251/239/17 4253/135/17
f 3974/199/17 3953/133/17 3975/185/17
f 3972/180/17 3951/235/17 3973/180/17
f 3970/180/17 3949/239/17 3971/180/17
f 3968/180/17 3947/238/17 3969/180/17
f 3966/180/17 3945/133/17 3967/191/17
f 3965/209/31 4254/137/31 3987/173/31
f 3985/173/31 3964/134/31 3986/173/31
f 3983/137/31 3962/210/31 3984/137/31
f 3981/448/31 3960/212/31 3982/448/31
f 3979/137/31 3958/212/31 3980/448/31
f 3977/137/31 3956/254/31 3978/137/31
f 3988/96/18 4253/135/18 4223/140/18
f 3990/425/18 3975/185/18 3989/424/18
f 3992/140/18 3973/180/18 3991/140/18
f 3994/427/18 3971/180/18 3993/427/18
f 3996/140/18 3969/180/18 3995/427/18
f 3997/140/18 3966/180/18 3967/191/18
f 3999/430/32 4254/137/32 4225/151/32
f 4001/431/32 3986/173/32 4000/429/32
f 4003/431/32 3984/137/32 4002/151/32
f 4005/151/32 3982/448/32 4004/151/32
f 4007/151/32 3980/448/32 4006/151/32
f 4008/151/32 3977/137/32 3978/137/32
f 3344/101/6 3674/95/6 3322/95/6
f 3618/180/5 3948/238/5 3970/180/5
f 3493/122/5 3867/126/5 3515/126/5
f 3413/354/5 3798/444/5 3446/444/5
f 3343/294/5 3673/95/5 3695/294/5
f 3617/180/6 3947/238/6 3595/238/6
f 3412/371/6 3797/444/6 3764/371/6
f 3342/294/6 3672/95/6 3320/95/6
f 3616/180/5 3946/239/5 3968/180/5
f 3514/318/5 3888/94/5 3536/94/5
f 3411/371/5 3796/444/5 3444/444/5
f 3341/101/5 3671/428/5 3693/101/5
f 3615/191/6 3945/133/6 3593/133/6
f 3513/124/6 3887/300/6 3865/124/6
f 3410/371/6 3795/114/6 3762/371/6
f 3340/101/6 3670/428/6 3318/428/6
f 3614/180/5 3944/133/5 3966/180/5
f 3512/446/5 3886/300/5 3534/300/5
f 3409/377/5 3794/114/5 3442/114/5
f 3339/101/5 3669/416/5 3691/101/5
f 3511/446/6 3885/290/6 3863/446/6
f 3408/377/6 3793/114/6 3760/377/6
f 3613/209/5 3987/173/5 3635/173/5
f 3510/446/5 3884/290/5 3532/290/5
f 3407/377/5 3792/114/5 3440/114/5
f 3338/143/5 3712/343/5 3360/343/5
f 3612/134/6 3986/173/6 3964/134/6
f 3509/124/6 3883/290/6 3861/124/6
f 3406/377/6 3791/114/6 3758/377/6
f 3337/100/6 3711/103/6 3689/100/6
f 3611/210/5 3985/173/5 3633/173/5
f 3508/124/5 3882/299/5 3530/299/5
f 3405/371/5 3790/114/5 3438/114/5
f 3336/143/5 3710/103/5 3358/103/5
f 3610/210/6 3984/137/6 3962/210/6
f 3507/124/6 3881/299/6 3859/124/6
f 3335/261/6 3709/103/6 3687/261/6
f 3609/211/5 3983/137/5 3631/137/5
f 3506/124/5 3880/299/5 3528/299/5
f 3459/116/5 3778/360/5 3811/116/5
f 3334/100/5 3708/103/5 3356/103/5
f 3608/212/6 3982/448/6 3960/212/6
f 3505/124/6 3879/299/6 3857/124/6
f 3458/264/6 3777/112/6 3425/112/6
f 3333/143/6 3707/103/6 3685/143/6
f 3607/212/5 3981/448/5 3629/448/5
f 3504/124/5 3878/290/5 3526/290/5
f 3457/264/5 3776/441/5 3809/264/5
f 3332/98/5 3706/342/5 3354/342/5
f 3606/212/6 3980/448/6 3958/212/6
f 3456/116/6 3775/441/6 3423/441/6
f 3331/98/6 3705/342/6 3683/98/6
f 3605/134/5 3979/137/5 3627/137/5
f 3547/127/5 3877/303/5 3899/127/5
f 3455/116/5 3774/441/5 3807/116/5
f 3330/100/5 3704/103/5 3352/103/5
f 3604/254/6 3978/137/6 3956/254/6
f 3546/127/6 3876/126/6 3524/126/6
f 3454/116/6 3773/442/6 3421/442/6
f 3329/433/6 3703/103/6 3681/433/6
f 3603/134/5 3977/137/5 3625/137/5
f 3545/127/5 3875/126/5 3897/127/5
f 3453/230/5 3772/442/5 3805/230/5
f 3328/415/5 3702/103/5 3350/103/5
f 3544/127/6 3874/126/6 3522/126/6
f 3452/230/6 3771/442/6 3419/442/6
f 3636/96/5 3976/231/5 3988/96/5
f 3543/127/5 3873/126/5 3895/127/5
f 3451/230/5 3770/442/5 3803/230/5
f 3349/301/42 3723/105/42 3371/105/42
f 3637/424/6 3975/185/6 3623/185/6
f 3542/127/6 3872/308/6 3520/308/6
f 3450/230/6 3769/112/6 3417/112/6
f 3348/101/6 3722/436/6 3700/101/6
f 3638/425/5 3974/199/5 3990/425/5
f 3541/127/5 3871/432/5 3893/127/5
f 3449/116/5 3768/112/5 3801/116/5
f 3347/101/5 3721/436/5 3369/436/5
f 3639/140/6 3973/180/6 3621/180/6
f 3540/127/6 3870/432/6 3518/432/6
f 3346/101/6 3720/437/6 3698/101/6
f 3640/140/5 3972/180/5 3992/140/5
f 3539/127/5 3869/308/5 3891/127/5
f 3470/327/5 3789/113/5 3822/327/5
f 3345/101/5 3719/437/5 3367/437/5
f 3641/427/6 3971/180/6 3619/180/6
f 3538/127/6 3868/126/6 3516/126/6
f 3469/118/6 3788/113/6 3436/113/6
f 3344/101/6 3718/404/6 3696/101/6
f 3642/427/5 3970/180/5 3994/427/5
f 3537/127/5 3867/126/5 3889/127/5
f 3468/146/5 3787/113/5 3820/146/5
f 3343/294/5 3717/404/5 3365/404/5
f 3643/427/6 3969/180/6 3617/180/6
f 3467/146/6 3786/113/6 3434/113/6
f 3342/294/6 3716/404/6 3694/294/6
f 3644/140/5 3968/180/5 3996/140/5
f 3536/94/5 3910/170/5 3558/170/5
f 3466/307/5 3785/113/5 3818/307/5
f 3341/101/5 3715/404/5 3363/404/5
f 3645/140/6 3967/191/6 3615/191/6
f 3535/300/6 3909/156/6 3887/300/6
f 3465/273/6 3784/435/6 3432/435/6
f 3340/101/6 3714/404/6 3692/101/6
f 3646/140/5 3966/180/5 3998/140/5
f 3534/300/5 3908/156/5 3556/156/5
f 3464/273/5 3783/435/5 3816/273/5
f 3339/101/5 3713/404/5 3361/404/5
f 3533/290/6 3907/170/6 3885/290/6
f 3463/273/6 3782/435/6 3430/435/6
f 3635/173/5 3999/430/5 3647/430/5
f 3532/290/5 3906/170/5 3554/170/5
f 3462/118/5 3781/113/5 3814/118/5
f 3382/438/5 4010/412/5 3734/438/5
f 3634/173/6 4000/429/6 3986/173/6
f 3531/290/6 3905/170/6 3883/290/6
f 3461/282/6 3780/113/6 3428/113/6
f 3381/384/6 4011/142/6 3659/142/6
f 3633/173/5 4001/431/5 3649/431/5
f 3530/299/5 3904/178/5 3552/178/5
f 3460/118/5 3779/113/5 3812/118/5
f 3380/438/5 4012/338/5 3732/438/5
f 3632/137/6 4002/151/6 3984/137/6
f 3529/299/6 3903/178/6 3881/299/6
f 3379/384/6 4013/142/6 3661/142/6
f 3631/137/5 4003/431/5 3651/431/5
f 3528/299/5 3902/281/5 3550/281/5
f 3448/168/5 3833/147/5 3481/147/5
f 3378/384/5 4014/142/5 3730/384/5
f 3630/448/6 4004/151/6 3982/448/6
f 3527/299/6 3901/93/6 3879/299/6
f 3447/114/6 3832/119/6 3799/114/6
f 3377/384/6 4015/142/6 3663/142/6
f 3629/448/5 4005/151/5 3653/151/5
f 3526/290/5 3900/156/5 3548/156/5
f 3446/444/5 3831/119/5 3479/119/5
f 3376/384/5 4016/329/5 3728/384/5
f 3628/448/6 4006/151/6 3980/448/6
f 3445/444/6 3830/147/6 3797/444/6
f 3375/384/6 4017/329/6 3665/329/6
f 3627/137/5 4007/151/5 3655/151/5
f 3569/263/5 3899/127/5 3921/263/5
f 3444/444/5 3829/147/5 3477/147/5
f 3374/108/5 4018/329/5 3726/108/5
f 3626/137/6 4008/151/6 3978/137/6
f 3568/128/6 3898/127/6 3546/127/6
f 3443/114/6 3828/339/6 3795/114/6
f 3373/402/6 4019/329/6 3667/329/6
f 3625/137/5 4009/151/5 3657/151/5
f 3567/128/5 3897/127/5 3919/128/5
f 3442/114/5 3827/339/5 3475/339/5
f 3372/400/5 4020/329/5 3724/400/5
f 3566/128/6 3896/127/6 3544/127/6
f 3441/114/6 3826/339/6 3793/114/6
f 3565/128/5 3895/127/5 3917/128/5
f 3440/114/5 3825/147/5 3473/147/5
f 3360/343/5 3745/390/5 3393/390/5
f 3564/150/6 3894/127/6 3542/127/6
f 3439/114/6 3824/119/6 3791/114/6
f 3359/103/6 3744/109/6 3711/103/6
f 3563/447/5 3893/127/5 3915/447/5
f 3438/114/5 3823/119/5 3471/119/5
f 3358/103/5 3743/109/5 3391/109/5
f 3562/447/6 3892/127/6 3540/127/6
f 3357/103/6 3742/390/6 3709/103/6
f 3561/150/5 3891/127/5 3913/150/5
f 3492/120/5 3811/116/5 3844/120/5
f 3356/103/5 3741/390/5 3389/390/5
f 3560/128/6 3890/127/6 3538/127/6
f 3491/120/6 3810/264/6 3458/264/6
f 3355/103/6 3740/439/6 3707/103/6
f 3559/128/5 3889/127/5 3911/128/5
f 3490/445/5 3809/264/5 3842/445/5
f 3354/342/5 3739/439/5 3387/439/5
f 3489/186/6 3808/116/6 3456/116/6
f 3353/342/6 3738/439/6 3705/342/6
f 23/450/1 6/2/1 27/451/1
f 7/4/2 13/5/2 6/2/2
f 21/452/3 9/7/3 20/453/3
f 11/8/4 1/9/4 9/7/4
f 9/7/5 1/10/5 4134/454/5
f 18/455/6 11/8/6 21/452/6
f 28/456/3 31/452/3 21/452/3
f 24/457/5 4233/458/5 4229/459/5
f 4236/460/43 4117/461/43 4151/462/43
f 28/456/3 20/453/3 24/457/3
f 4/1/1 15/463/1 1/3/1
f 14/6/3 24/457/3 13/5/3
f 6/11/5 13/5/5 4152/464/5
f 7/17/6 28/456/6 14/6/6
f 18/465/1 27/451/1 15/463/1
f 33/465/6 42/450/6 35/450/6
f 23/466/2 29/456/2 28/456/2
f 18/465/1 35/450/1 23/450/1
f 21/452/4 33/455/4 18/455/4
f 42/466/2 50/456/2 37/456/2
f 29/456/6 38/452/6 31/452/6
f 35/466/6 37/456/6 29/456/6
f 33/455/6 38/452/6 40/455/6
f 48/467/2 57/468/2 43/468/2
f 38/452/4 55/455/4 40/455/4
f 40/465/1 56/450/1 42/450/1
f 37/456/3 53/452/3 38/452/3
f 46/469/6 50/456/6 43/468/6
f 47/470/6 53/452/6 46/469/6
f 55/455/6 4186/471/6 4187/472/6
f 43/468/6 56/466/6 48/467/6
f 59/469/6 57/468/6 4217/473/6
f 46/469/4 60/470/4 47/470/4
f 60/470/1 4218/474/1 47/470/1
f 62/467/1 4195/475/1 4194/476/1
f 43/468/3 59/469/3 46/469/3
f 30/1/1 34/4/1 8/2/1
f 34/4/2 36/6/2 22/5/2
f 36/6/3 41/8/3 17/7/3
f 41/8/4 30/477/4 3/9/4
f 22/5/5 17/7/5 3/10/5
f 26/12/3 54/12/3 51/13/3
f 12/14/6 34/17/6 30/15/6
f 12/14/6 26/12/6 36/6/6
f 19/13/6 41/8/6 36/6/6
f 5/16/6 30/15/6 41/8/6
f 4036/478/6 4035/479/6 49/14/6
f 44/16/6 4096/480/6 4097/481/6
f 44/16/6 4097/481/6 4028/482/6
f 4029/483/6 4036/478/6 49/14/6
f 4023/484/6 4029/483/6 49/14/6
f 44/16/6 4028/482/6 4021/485/6
f 44/16/6 4021/485/6 4022/486/6
f 4023/484/6 49/14/6 44/16/6
f 4024/487/6 4023/484/6 44/16/6
f 44/16/6 4022/486/6 4025/488/6
f 4024/487/6 44/16/6 4025/488/6
f 4027/489/6 4024/487/6 4025/488/6
f 4027/489/6 4025/488/6 4026/490/6
f 4034/491/6 4027/489/6 4026/490/6
f 4034/491/6 4026/490/6 4033/492/6
f 4031/493/6 4034/491/6 4033/492/6
f 4031/493/6 4033/492/6 4030/494/6
f 4043/20/6 4031/493/6 4030/494/6
f 4043/20/6 4030/494/6 4056/18/6
f 4047/495/6 4062/496/6 4061/497/6
f 4047/495/6 4061/497/6 4058/498/6
f 4049/499/6 4047/495/6 4058/498/6
f 4049/499/6 4058/498/6 4048/500/6
f 4064/501/6 4063/502/6 4045/503/6
f 4059/504/6 4064/501/6 4045/503/6
f 4059/504/6 4045/503/6 4052/505/6
f 4046/506/6 4059/504/6 4052/505/6
f 4056/18/6 4049/499/6 4048/500/6
f 4056/18/6 4048/500/6 4050/507/6
f 4046/506/6 4052/505/6 4043/20/6
f 4051/508/6 4046/506/6 4043/20/6
f 4056/18/6 4050/507/6 4044/509/6
f 4056/18/6 4044/509/6 4053/510/6
f 4054/511/6 4051/508/6 4043/20/6
f 4040/512/6 4054/511/6 4043/20/6
f 4056/18/6 4053/510/6 4039/513/6
f 4056/18/6 4039/513/6 4041/514/6
f 4042/515/6 4040/512/6 4043/20/6
f 4038/516/6 4042/515/6 4043/20/6
f 4056/18/6 4041/514/6 4037/19/6
f 4037/19/6 4038/516/6 4043/20/6
f 4066/517/6 4063/502/6 4064/501/6
f 4066/517/6 4064/501/6 4065/518/6
f 4071/519/6 4066/517/6 4065/518/6
f 4071/519/6 4065/518/6 4067/520/6
f 4082/521/6 4071/519/6 4067/520/6
f 4082/521/6 4067/520/6 4070/522/6
f 4083/523/6 4082/521/6 4070/522/6
f 4083/523/6 4070/522/6 4093/524/6
f 4085/525/6 4083/523/6 4093/524/6
f 4085/525/6 4093/524/6 4076/526/6
f 4089/527/6 4085/525/6 4076/526/6
f 4089/527/6 4076/526/6 4081/528/6
f 4090/529/44 4089/527/44 4081/528/44
f 4090/529/6 4081/528/6 4077/530/6
f 4090/529/6 4077/530/6 4079/531/6
f 4090/529/7 4079/531/7 4078/532/7
f 4060/533/6 4061/497/6 4062/496/6
f 4060/533/6 4062/496/6 4104/534/6
f 4069/535/6 4060/533/6 4104/534/6
f 4069/535/6 4104/534/6 4116/536/6
f 4068/537/6 4069/535/6 4116/536/6
f 4068/537/6 4116/536/6 4105/538/6
f 4073/539/6 4068/537/6 4105/538/6
f 4073/539/6 4105/538/6 4108/540/6
f 4075/541/6 4073/539/6 4108/540/6
f 4075/541/6 4108/540/6 4115/542/6
f 4080/543/6 4075/541/6 4115/542/6
f 4080/543/6 4115/542/6 4109/544/6
f 4078/532/6 4080/543/6 4109/544/6
f 4078/532/6 4109/544/6 4111/545/6
f 4090/529/6 4078/532/6 4111/545/6
f 4090/529/44 4111/545/44 4110/21/44
f 4087/22/7 4090/529/7 4110/21/7
f 49/14/6 4035/479/6 4032/546/6
f 4098/547/6 4096/480/6 44/16/6
f 4099/548/6 4098/547/6 44/16/6
f 49/14/6 4032/546/6 4057/549/6
f 49/14/6 4057/549/6 4055/550/6
f 4100/551/6 4099/548/6 44/16/6
f 4101/552/6 4100/551/6 44/16/6
f 49/14/6 4055/550/6 4095/553/6
f 49/14/6 4095/553/6 4074/554/6
f 4101/552/6 44/16/6 51/13/6
f 4103/555/6 4101/552/6 51/13/6
f 54/12/6 49/14/6 4074/554/6
f 54/12/6 4074/554/6 4072/556/6
f 4102/557/6 4103/555/6 51/13/6
f 4114/558/6 4102/557/6 51/13/6
f 54/12/6 4072/556/6 4094/559/6
f 54/12/6 4094/559/6 4092/560/6
f 4107/561/6 4114/558/6 51/13/6
f 4106/562/6 4107/561/6 51/13/6
f 54/12/6 4092/560/6 4086/563/6
f 54/12/6 4086/563/6 4084/564/6
f 4112/565/6 4106/562/6 51/13/6
f 4113/566/6 4112/565/6 51/13/6
f 54/12/6 4084/564/6 4091/567/6
f 54/12/6 4091/567/6 4088/568/6
f 4113/566/6 51/13/6 54/12/6
f 4110/21/6 4113/566/6 54/12/6
f 54/12/6 4088/568/6 4087/22/6
f 5/16/1 44/16/1 49/14/1
f 19/13/4 51/13/4 44/16/4
f 12/14/2 49/14/2 54/12/2
f 2/23/8 4117/569/8 4118/24/8
f 10/25/9 4118/24/9 4119/26/9
f 16/27/10 4119/26/10 4120/28/10
f 4122/31/11 32/17/11 25/29/11
f 25/29/11 4120/28/11 4121/30/11
f 39/32/12 32/17/12 4122/31/12
f 45/34/13 39/32/13 4123/33/13
f 52/36/14 45/34/14 4124/35/14
f 58/38/15 52/36/15 4125/37/15
f 61/40/16 58/38/16 4126/39/16
f 63/42/17 61/40/17 4127/41/17
f 64/44/18 63/42/18 4128/43/18
f 65/6/19 64/44/19 4129/45/19
f 66/47/20 65/6/20 4130/46/20
f 67/49/21 66/47/21 4131/48/21
f 68/51/22 67/49/22 4132/50/22
f 69/53/23 68/51/23 4133/52/23
f 70/55/24 69/53/24 4134/54/24
f 71/57/25 70/55/25 4135/56/25
f 72/59/26 71/57/26 4136/58/26
f 73/5/27 72/59/27 4137/60/27
f 73/5/28 4138/61/28 4139/62/28
f 74/63/29 4139/62/29 4140/64/29
f 75/65/30 4140/64/30 4141/66/30
f 76/67/31 4141/66/31 4142/68/31
f 77/69/32 4142/68/32 4143/70/32
f 78/71/33 4143/70/33 4144/72/33
f 79/73/34 4144/72/34 4145/74/34
f 80/75/35 4145/74/35 4146/76/35
f 4148/78/36 82/79/36 81/11/36
f 81/11/36 4146/76/36 4147/77/36
f 82/79/37 4148/78/37 4149/80/37
f 83/81/38 4149/80/38 4150/82/38
f 4117/85/40 2/86/40 84/83/40
f 84/83/40 4150/82/40 4151/84/40
f 75/65/6 76/67/6 108/67/6
f 111/73/33 143/73/33 142/71/33
f 10/25/6 86/25/6 85/23/6
f 84/83/6 2/86/6 85/86/6
f 63/42/6 95/42/6 94/40/6
f 71/57/6 72/59/6 104/59/6
f 80/75/6 81/11/6 113/11/6
f 45/34/6 91/34/6 90/32/6
f 68/51/6 100/51/6 99/49/6
f 76/67/6 77/69/6 109/69/6
f 16/27/6 87/27/6 86/25/6
f 64/44/6 96/44/6 95/42/6
f 72/59/6 73/5/6 105/5/6
f 81/11/6 82/79/6 114/79/6
f 52/36/6 92/36/6 91/34/6
f 69/53/6 101/53/6 100/51/6
f 77/69/6 78/71/6 110/71/6
f 25/29/6 88/29/6 87/27/6
f 65/6/6 97/6/6 96/44/6
f 73/5/6 74/63/6 106/63/6
f 83/81/6 115/81/6 114/79/6
f 58/38/6 93/38/6 92/36/6
f 69/53/6 70/55/6 102/55/6
f 78/71/6 79/73/6 111/73/6
f 32/17/6 89/17/6 88/29/6
f 66/47/6 98/47/6 97/6/6
f 74/63/6 75/65/6 107/65/6
f 83/81/6 84/83/6 116/83/6
f 61/40/6 94/40/6 93/38/6
f 70/55/6 71/57/6 103/57/6
f 79/73/6 80/75/6 112/75/6
f 39/32/6 90/32/6 89/17/6
f 66/47/6 67/49/6 99/49/6
f 119/27/6 151/27/6 150/25/6
f 98/47/20 130/47/20 129/6/20
f 112/75/34 144/75/34 143/73/34
f 99/49/21 131/49/21 130/47/21
f 86/25/8 118/25/8 117/23/8
f 113/11/35 145/11/35 144/75/35
f 100/51/22 132/51/22 131/49/22
f 87/27/9 119/27/9 118/25/9
f 114/79/36 146/79/36 145/11/36
f 101/53/23 133/53/23 132/51/23
f 87/27/10 88/29/10 120/29/10
f 115/81/37 147/81/37 146/79/37
f 102/55/24 134/55/24 133/53/24
f 88/29/11 89/17/11 121/17/11
f 116/83/38 148/83/38 147/81/38
f 103/57/25 135/57/25 134/55/25
f 90/32/12 122/32/12 121/17/12
f 85/86/40 117/86/40 148/83/40
f 104/59/26 136/59/26 135/57/26
f 91/34/13 123/34/13 122/32/13
f 105/5/27 137/5/27 136/59/27
f 92/36/14 124/36/14 123/34/14
f 106/63/28 138/63/28 137/5/28
f 93/38/15 125/38/15 124/36/15
f 107/65/29 139/65/29 138/63/29
f 94/40/16 126/40/16 125/38/16
f 108/67/30 140/67/30 139/65/30
f 95/42/17 127/42/17 126/40/17
f 109/69/31 141/69/31 140/67/31
f 96/44/18 128/44/18 127/42/18
f 110/71/32 142/71/32 141/69/32
f 97/6/19 129/6/19 128/44/19
f 153/17/12 154/32/12 4115/87/12
f 145/11/6 146/79/6 178/79/6
f 133/53/6 165/53/6 164/51/6
f 120/29/6 152/29/6 151/27/6
f 146/79/6 147/81/6 179/81/6
f 133/53/6 134/55/6 166/55/6
f 121/17/6 153/17/6 152/29/6
f 148/83/6 180/83/6 179/81/6
f 134/55/6 135/57/6 167/57/6
f 122/32/6 154/32/6 153/17/6
f 117/86/6 149/86/6 180/83/6
f 135/57/6 136/59/6 168/59/6
f 123/34/6 155/34/6 154/32/6
f 136/59/6 137/5/6 169/5/6
f 124/36/6 156/36/6 155/34/6
f 137/5/6 138/63/6 170/63/6
f 125/38/6 157/38/6 156/36/6
f 138/63/6 139/65/6 171/65/6
f 126/40/6 158/40/6 157/38/6
f 139/65/6 140/67/6 172/67/6
f 127/42/6 159/42/6 158/40/6
f 140/67/6 141/69/6 173/69/6
f 128/44/6 160/44/6 159/42/6
f 141/69/6 142/71/6 174/71/6
f 129/6/6 161/6/6 160/44/6
f 142/71/6 143/73/6 175/73/6
f 130/47/6 162/47/6 161/6/6
f 143/73/6 144/75/6 176/75/6
f 131/49/6 163/49/6 162/47/6
f 117/23/6 118/25/6 150/25/6
f 144/75/6 145/11/6 177/11/6
f 132/51/6 164/51/6 163/49/6
f 149/86/40 4062/86/40 4047/83/40
f 167/57/26 168/59/26 4098/59/26
f 154/32/13 155/34/13 4109/34/13
f 168/59/27 169/5/27 4096/5/27
f 155/34/14 156/36/14 4111/36/14
f 169/5/28 170/63/28 4097/63/28
f 156/36/15 157/38/15 4110/38/15
f 171/65/29 4028/65/29 4097/63/29
f 157/38/16 158/40/16 4113/88/16
f 171/65/30 172/67/30 4021/67/30
f 158/40/17 159/42/17 4112/42/17
f 172/67/31 173/69/31 4022/69/31
f 159/42/18 160/44/18 4106/44/18
f 173/69/32 174/71/32 4025/71/32
f 160/44/19 161/6/19 4107/6/19
f 174/71/33 175/73/33 4026/73/33
f 161/6/20 162/47/20 4114/89/20
f 175/73/34 176/75/34 4033/75/34
f 162/47/21 163/49/21 4102/49/21
f 150/25/8 4104/90/8 4062/23/8
f 4033/75/35 176/75/35 177/11/35
f 163/49/22 164/51/22 4103/51/22
f 150/25/9 151/27/9 4116/27/9
f 178/79/36 4056/79/36 4030/11/36
f 164/51/23 165/53/23 4101/53/23
f 4116/27/10 151/27/10 152/29/10
f 178/79/37 179/81/37 4049/81/37
f 165/53/24 166/55/24 4100/55/24
f 153/17/11 4108/17/11 4105/29/11
f 4049/81/38 179/81/38 180/83/38
f 166/55/25 167/57/25 4099/57/25
f 181/23/8 4152/569/8 4153/24/8
f 182/25/9 4153/24/9 4154/26/9
f 183/27/10 4154/26/10 4155/28/10
f 184/29/11 4155/28/11 4156/31/11
f 186/32/12 185/17/12 4156/31/12
f 187/34/13 186/32/13 4157/33/13
f 188/36/14 187/34/14 4158/35/14
f 189/38/15 188/36/15 4159/37/15
f 190/40/16 189/38/16 4160/39/16
f 191/42/17 190/40/17 4161/41/17
f 192/44/18 191/42/18 4162/43/18
f 193/6/19 192/44/19 4163/45/19
f 4165/91/20 4166/48/20 194/47/20
f 194/47/20 193/6/20 4164/46/20
f 195/49/21 194/47/21 4166/48/21
f 196/51/22 195/49/22 4167/50/22
f 197/53/23 196/51/23 4168/52/23
f 198/55/24 197/53/24 4169/54/24
f 199/57/25 198/55/25 4170/56/25
f 200/59/26 199/57/26 4171/58/26
f 4173/92/27 4174/61/27 201/5/27
f 201/5/27 200/59/27 4172/60/27
f 201/5/28 4174/61/28 4175/62/28
f 202/63/29 4175/62/29 4176/64/29
f 203/65/30 4176/64/30 4177/66/30
f 204/67/31 4177/66/31 4178/68/31
f 205/69/32 4178/68/32 4179/70/32
f 206/71/33 4179/70/33 4180/72/33
f 207/73/34 4180/72/34 4181/74/34
f 208/75/35 4181/74/35 4182/76/35
f 209/11/36 4182/76/36 4183/78/36
f 210/79/37 4183/78/37 4184/80/37
f 211/81/38 4184/80/38 4185/82/38
f 212/83/40 4185/82/40 4152/85/40
f 203/65/6 204/67/6 236/67/6
f 239/73/33 271/73/33 270/71/33
f 181/23/6 182/25/6 214/25/6
f 181/86/6 213/86/6 244/83/6
f 191/42/6 223/42/6 222/40/6
f 199/57/6 200/59/6 232/59/6
f 208/75/6 209/11/6 241/11/6
f 187/34/6 219/34/6 218/32/6
f 196/51/6 228/51/6 227/49/6
f 204/67/6 205/69/6 237/69/6
f 182/25/6 183/27/6 215/27/6
f 192/44/6 224/44/6 223/42/6
f 200/59/6 201/5/6 233/5/6
f 209/11/6 210/79/6 242/79/6
f 188/36/6 220/36/6 219/34/6
f 197/53/6 229/53/6 228/51/6
f 205/69/6 206/71/6 238/71/6
f 184/29/6 216/29/6 215/27/6
f 193/6/6 225/6/6 224/44/6
f 202/63/6 234/63/6 233/5/6
f 210/79/6 211/81/6 243/81/6
f 189/38/6 221/38/6 220/36/6
f 197/53/6 198/55/6 230/55/6
f 206/71/6 207/73/6 239/73/6
f 185/17/6 217/17/6 216/29/6
f 194/47/6 226/47/6 225/6/6
f 202/63/6 203/65/6 235/65/6
f 212/83/6 244/83/6 243/81/6
f 190/40/6 222/40/6 221/38/6
f 198/55/6 199/57/6 231/57/6
f 207/73/6 208/75/6 240/75/6
f 186/32/6 218/32/6 217/17/6
f 195/49/6 227/49/6 226/47/6
f 246/25/6 247/27/6 279/27/6
f 226/47/20 258/47/20 257/6/20
f 240/75/34 272/75/34 271/73/34
f 227/49/21 259/49/21 258/47/21
f 214/25/8 246/25/8 245/23/8
f 241/11/35 273/11/35 272/75/35
f 228/51/22 260/51/22 259/49/22
f 215/27/9 247/27/9 246/25/9
f 242/79/36 274/79/36 273/11/36
f 229/53/23 261/53/23 260/51/23
f 215/27/10 216/29/10 248/29/10
f 243/81/37 275/81/37 274/79/37
f 230/55/24 262/55/24 261/53/24
f 216/29/11 217/17/11 249/17/11
f 244/83/38 276/83/38 275/81/38
f 231/57/25 263/57/25 262/55/25
f 218/32/12 250/32/12 249/17/12
f 213/86/40 245/86/40 276/83/40
f 232/59/26 264/59/26 263/57/26
f 219/34/13 251/34/13 250/32/13
f 233/5/27 265/5/27 264/59/27
f 220/36/14 252/36/14 251/34/14
f 234/63/28 266/63/28 265/5/28
f 221/38/15 253/38/15 252/36/15
f 235/65/29 267/65/29 266/63/29
f 222/40/16 254/40/16 253/38/16
f 236/67/30 268/67/30 267/65/30
f 223/42/17 255/42/17 254/40/17
f 237/69/31 269/69/31 268/67/31
f 224/44/18 256/44/18 255/42/18
f 238/71/32 270/71/32 269/69/32
f 225/6/19 257/6/19 256/44/19
f 281/17/12 282/32/12 4084/87/12
f 274/79/6 306/79/6 305/11/6
f 261/53/6 293/53/6 292/51/6
f 248/29/6 280/29/6 279/27/6
f 274/79/6 275/81/6 307/81/6
f 262/55/6 294/55/6 293/53/6
f 248/29/6 249/17/6 281/17/6
f 276/83/6 308/83/6 307/81/6
f 262/55/6 263/57/6 295/57/6
f 250/32/6 282/32/6 281/17/6
f 245/86/6 277/86/6 308/83/6
f 263/57/6 264/59/6 296/59/6
f 251/34/6 283/34/6 282/32/6
f 264/59/6 265/5/6 297/5/6
f 252/36/6 284/36/6 283/34/6
f 265/5/6 266/63/6 298/63/6
f 253/38/6 285/38/6 284/36/6
f 267/65/6 299/65/6 298/63/6
f 254/40/6 286/40/6 285/38/6
f 267/65/6 268/67/6 300/67/6
f 255/42/6 287/42/6 286/40/6
f 268/67/6 269/69/6 301/69/6
f 256/44/6 288/44/6 287/42/6
f 269/69/6 270/71/6 302/71/6
f 257/6/6 289/6/6 288/44/6
f 270/71/6 271/73/6 303/73/6
f 258/47/6 290/47/6 289/6/6
f 271/73/6 272/75/6 304/75/6
f 259/49/6 291/49/6 290/47/6
f 245/23/6 246/25/6 278/25/6
f 272/75/6 273/11/6 305/11/6
f 260/51/6 292/51/6 291/49/6
f 277/86/40 4074/86/40 4095/83/40
f 295/57/26 296/59/26 4043/59/26
f 282/32/13 283/34/13 4091/34/13
f 296/59/27 297/5/27 4031/5/27
f 283/34/14 284/36/14 4088/36/14
f 297/5/28 298/63/28 4034/63/28
f 284/36/15 285/38/15 4087/38/15
f 298/63/29 299/65/29 4027/65/29
f 285/38/16 286/40/16 4090/88/16
f 299/65/30 300/67/30 4024/67/30
f 286/40/17 287/42/17 4089/42/17
f 300/67/31 301/69/31 4023/69/31
f 287/42/18 288/44/18 4085/44/18
f 301/69/32 302/71/32 4029/71/32
f 288/44/19 289/6/19 4083/6/19
f 302/71/33 303/73/33 4036/73/33
f 289/6/20 290/47/20 4082/89/20
f 303/73/34 304/75/34 4035/75/34
f 290/47/21 291/49/21 4071/49/21
f 277/23/8 278/25/8 4072/90/8
f 4035/75/35 304/75/35 305/11/35
f 291/49/22 292/51/22 4066/51/22
f 278/25/9 279/27/9 4094/27/9
f 306/79/36 4057/79/36 4032/11/36
f 292/51/23 293/53/23 4063/53/23
f 4094/27/10 279/27/10 280/29/10
f 306/79/37 307/81/37 4055/81/37
f 293/53/24 294/55/24 4045/55/24
f 281/17/11 4086/17/11 4092/29/11
f 4055/81/38 307/81/38 308/83/38
f 294/55/25 295/57/25 4052/57/25
f 348/93/6 347/94/6 315/94/6
f 321/95/19 320/140/19 414/96/19
f 335/98/33 334/141/33 498/99/33
f 322/101/20 321/95/20 415/97/20
f 336/103/34 335/98/34 499/100/34
f 323/105/21 322/101/21 541/102/21
f 310/106/8 309/142/8 708/107/8
f 337/109/35 336/103/35 583/104/35
f 324/110/22 323/105/22 625/105/22
f 311/111/9 310/106/9 709/108/9
f 338/112/36 337/109/36 751/109/36
f 325/113/23 324/110/23 793/110/23
f 312/114/10 311/111/10 835/111/10
f 339/116/37 338/112/37 877/112/37
f 326/118/24 325/113/24 919/113/24
f 313/119/11 312/114/11 961/115/11
f 340/120/38 339/116/38 1003/117/38
f 327/122/25 326/118/25 1045/118/25
f 314/124/12 313/119/12 1087/119/12
f 708/107/40 309/142/40 340/120/40
f 328/126/26 327/122/26 1171/123/26
f 315/94/13 314/124/13 1213/125/13
f 329/127/27 328/126/27 1255/126/27
f 316/93/14 315/94/14 1297/94/14
f 330/128/28 329/127/28 1339/127/28
f 317/129/15 316/93/15 1381/93/15
f 331/131/29 330/128/29 1423/128/29
f 318/133/16 317/129/16 1465/130/16
f 332/134/30 331/131/30 1507/132/30
f 319/135/17 318/133/17 1549/133/17
f 333/137/31 332/134/31 1591/134/31
f 414/96/18 320/140/18 319/135/18
f 498/99/32 334/141/32 333/137/32
f 350/133/17 351/135/17 4080/139/17
f 330/128/6 362/128/6 361/127/6
f 349/129/6 348/93/6 316/93/6
f 363/131/6 362/128/6 330/128/6
f 318/133/6 350/133/6 349/129/6
f 364/134/6 363/131/6 331/131/6
f 319/135/6 351/135/6 350/133/6
f 365/137/6 364/134/6 332/134/6
f 320/140/6 352/140/6 351/135/6
f 334/141/6 366/141/6 365/137/6
f 353/95/6 352/140/6 320/140/6
f 335/98/6 367/98/6 366/141/6
f 354/101/6 353/95/6 321/95/6
f 368/103/6 367/98/6 335/98/6
f 323/105/6 355/105/6 354/101/6
f 310/106/6 342/106/6 341/142/6
f 369/109/6 368/103/6 336/103/6
f 356/110/6 355/105/6 323/105/6
f 343/111/6 342/106/6 310/106/6
f 338/112/6 370/112/6 369/109/6
f 357/113/6 356/110/6 324/110/6
f 344/114/6 343/111/6 311/111/6
f 339/116/6 371/116/6 370/112/6
f 326/118/6 358/118/6 357/113/6
f 345/119/6 344/114/6 312/114/6
f 340/120/6 372/120/6 371/116/6
f 327/122/6 359/122/6 358/118/6
f 314/124/6 346/124/6 345/119/6
f 309/142/6 341/142/6 372/120/6
f 360/126/6 359/122/6 327/122/6
f 347/94/6 346/124/6 314/124/6
f 361/127/6 360/126/6 328/126/6
f 364/134/31 365/137/31 4037/137/31
f 351/135/18 352/140/18 4075/140/18
f 4037/137/32 365/137/32 366/141/32
f 352/140/19 353/95/19 4073/95/19
f 366/141/33 367/98/33 4042/143/33
f 353/95/20 354/101/20 4068/101/20
f 367/98/34 368/103/34 4040/103/34
f 354/101/21 355/105/21 4069/144/21
f 341/142/8 342/106/8 4065/106/8
f 368/103/35 369/109/35 4054/109/35
f 355/105/22 356/110/22 4060/110/22
f 342/106/9 343/111/9 4067/145/9
f 369/109/36 370/112/36 4051/112/36
f 356/110/23 357/113/23 4061/113/23
f 343/111/10 344/114/10 4070/114/10
f 4051/112/37 370/112/37 371/116/37
f 357/113/24 358/118/24 4058/146/24
f 344/114/11 345/119/11 4093/147/11
f 372/120/38 4059/120/38 4046/116/38
f 358/118/25 359/122/25 4048/148/25
f 4093/147/12 345/119/12 346/124/12
f 372/120/40 341/142/40 4064/142/40
f 359/122/26 360/126/26 4050/126/26
f 4076/124/13 346/124/13 347/94/13
f 360/126/27 361/127/27 4044/127/27
f 347/94/14 348/93/14 4077/149/14
f 361/127/28 362/128/28 4053/150/28
f 348/93/15 349/129/15 4079/129/15
f 362/128/29 363/131/29 4039/131/29
f 349/129/16 350/133/16 4078/133/16
f 363/131/30 364/134/30 4041/134/30
f 3657/151/32 457/141/32 1716/137/32
f 1784/152/6 1733/153/6 389/153/6
f 459/154/32 1714/173/32 1715/137/32
f 1409/156/5 2753/156/5 2837/129/5
f 461/155/32 1712/157/32 1713/157/32
f 2343/114/5 2469/119/5 1125/119/5
f 462/155/32 463/277/32 1710/158/32
f 388/153/5 1732/153/5 1785/152/5
f 464/159/32 465/155/32 1708/157/32
f 2838/130/6 2754/156/6 1410/156/6
f 467/151/32 1706/166/32 1707/160/32
f 2470/119/6 2344/114/6 1000/114/6
f 468/161/32 469/99/32 1704/162/32
f 1786/163/6 1731/164/6 387/164/6
f 470/165/32 471/167/32 1702/166/32
f 1411/156/5 2755/156/5 2839/130/5
f 472/167/32 473/155/32 1700/162/32
f 2345/168/5 2471/147/5 1127/147/5
f 474/169/32 475/260/32 1698/162/32
f 386/153/5 1730/153/5 1787/152/5
f 476/155/32 477/155/32 1696/166/32
f 2840/130/6 2756/170/6 1412/170/6
f 478/171/32 479/155/32 1694/157/32
f 2472/119/6 2346/114/6 1002/114/6
f 480/171/32 481/155/32 1692/173/32
f 1788/152/6 1729/153/6 385/153/6
f 482/155/32 483/154/32 1690/173/32
f 1413/175/5 2757/175/5 2841/176/5
f 484/155/32 485/154/32 1688/173/32
f 2347/117/5 2473/121/5 1129/121/5
f 486/155/32 487/154/32 1686/173/32
f 384/177/5 1728/177/5 1789/163/5
f 488/141/32 489/141/32 1684/137/32
f 2842/176/6 2758/178/6 1414/178/6
f 490/155/32 491/154/32 1682/157/32
f 1130/120/6 2474/120/6 2348/179/6
f 492/154/32 493/237/32 1680/173/32
f 1790/163/6 1727/153/6 383/153/6
f 494/155/32 495/155/32 1678/157/32
f 1415/178/5 2759/178/5 2843/176/5
f 496/99/32 497/155/32 1676/158/32
f 2349/179/5 2475/121/5 1131/121/5
f 3646/140/18 373/140/18 1674/180/18
f 382/181/5 1726/181/5 1791/163/5
f 375/182/18 1672/231/18 1673/139/18
f 2844/176/6 2760/170/6 1416/170/6
f 377/184/18 1670/135/18 1671/185/18
f 1132/186/6 2476/186/6 2350/187/6
f 378/188/18 379/177/18 1668/139/18
f 1792/189/6 1725/153/6 381/153/6
f 380/190/18 381/153/18 1666/191/18
f 1417/170/5 2761/170/5 2845/176/5
f 383/153/18 1664/191/18 1665/136/18
f 2351/187/5 2477/186/5 1133/186/5
f 384/177/18 385/153/18 1662/135/18
f 380/190/5 1724/190/5 1793/193/5
f 386/153/18 387/164/18 1660/180/18
f 2846/176/6 2762/170/6 1418/170/6
f 388/153/18 389/153/18 1658/192/18
f 1134/195/6 2478/195/6 2352/187/6
f 390/196/18 391/417/18 1656/194/18
f 1794/197/6 1723/177/6 379/177/6
f 392/153/18 393/153/18 1654/191/18
f 1419/156/5 2763/156/5 2847/176/5
f 394/198/18 395/418/18 1652/199/18
f 2353/187/5 2479/186/5 1135/186/5
f 396/198/18 397/200/18 1650/192/18
f 378/188/5 1722/188/5 1795/95/5
f 398/200/18 399/418/18 1648/192/18
f 2848/176/6 2764/156/6 1420/156/6
f 400/200/18 401/418/18 1646/201/18
f 1136/186/6 2480/186/6 2354/187/6
f 402/202/18 403/418/18 1644/136/18
f 1796/95/6 1721/184/6 377/184/6
f 404/203/18 405/204/18 1642/201/18
f 1421/170/5 2765/170/5 2849/176/5
f 406/204/18 407/204/18 1640/191/18
f 2355/187/5 2481/205/5 1137/205/5
f 408/206/18 409/419/18 1638/207/18
f 376/153/5 1720/153/5 1797/95/5
f 410/140/18 411/140/18 1636/191/18
f 2850/130/6 2766/156/6 1422/156/6
f 412/96/18 413/420/18 1634/192/18
f 1138/208/6 2482/208/6 2356/117/6
f 1716/137/31 1632/134/31 3603/134/31
f 1798/95/6 1719/182/6 375/182/6
f 1714/173/31 1630/134/31 1631/209/31
f 1423/128/5 2767/128/5 2851/132/5
f 1712/157/31 1628/210/31 1629/210/31
f 2357/187/5 2483/205/5 1139/205/5
f 1710/158/31 1626/212/31 1627/211/31
f 374/183/5 1718/183/5 1799/95/5
f 1708/157/31 1624/212/31 1625/212/31
f 2852/213/6 2768/128/6 1424/128/6
f 1706/166/31 1622/134/31 1623/134/31
f 1140/214/6 2484/214/6 2358/187/6
f 1704/162/31 1620/212/31 1621/212/31
f 1800/215/6 1717/140/6 373/140/6
f 1702/166/31 1618/211/31 1619/211/31
f 1425/216/5 2769/216/5 2853/213/5
f 1700/162/31 1616/211/31 1617/211/31
f 2359/187/5 2485/217/5 1141/217/5
f 1698/162/31 1614/210/31 1615/210/31
f 1842/99/5 1843/100/5 499/100/5
f 1696/166/31 1612/218/31 1613/218/31
f 2854/219/6 2770/220/6 1426/220/6
f 1694/157/31 1610/218/31 1611/218/31
f 1142/221/6 2486/221/6 2360/117/6
f 1692/173/31 1608/222/31 1609/222/31
f 500/223/6 1844/223/6 1841/155/6
f 1690/173/31 1606/224/31 1607/224/31
f 1427/220/5 2771/220/5 2855/219/5
f 1688/173/31 1604/225/31 1605/225/31
f 2361/117/5 2487/205/5 1143/205/5
f 1686/173/31 1602/226/31 1603/224/31
f 1840/99/5 1845/223/5 501/223/5
f 1684/137/31 1600/254/31 1601/226/31
f 2856/227/6 2772/228/6 1428/228/6
f 1682/157/31 1598/226/31 1599/226/31
f 1144/229/6 2488/229/6 2362/230/6
f 1680/173/31 1596/210/31 1597/226/31
f 502/98/6 1846/98/6 1839/155/6
f 1678/157/31 1594/210/31 1595/210/31
f 1429/228/5 2773/228/5 2857/219/5
f 1676/158/31 1592/256/31 1593/212/31
f 2363/230/5 2489/217/5 1145/217/5
f 1674/180/17 1590/133/17 3592/133/17
f 1838/155/5 1847/98/5 503/98/5
f 1672/231/17 1588/133/17 1589/232/17
f 2858/219/6 2774/228/6 1430/228/6
f 1670/135/17 1586/235/17 1587/233/17
f 1146/234/6 2490/234/6 2364/230/6
f 1668/139/17 1584/239/17 1585/235/17
f 504/236/6 1848/236/6 1837/237/6
f 1666/191/17 1582/238/17 1583/238/17
f 1431/228/5 2775/228/5 2859/219/5
f 1664/191/17 1580/133/17 1581/239/17
f 2365/230/5 2491/240/5 1147/240/5
f 1662/135/17 1578/133/17 1579/133/17
f 1836/154/5 1849/98/5 505/98/5
f 1660/180/17 1576/235/17 1577/233/17
f 2860/227/6 2776/241/6 1432/241/6
f 1658/192/17 1574/235/17 1575/235/17
f 1148/240/6 2492/240/6 2366/230/6
f 1656/194/17 1572/235/17 1573/235/17
f 506/98/6 1850/98/6 1835/154/6
f 1654/191/17 1570/242/17 1571/242/17
f 1433/220/5 2777/220/5 2861/219/5
f 1652/199/17 1568/244/17 1569/242/17
f 2367/230/5 2493/243/5 1149/243/5
f 1650/192/17 1566/242/17 1567/244/17
f 1834/155/5 1851/98/5 507/98/5
f 1648/192/17 1564/244/17 1565/242/17
f 2862/219/6 2778/220/6 1434/220/6
f 1646/201/17 1562/235/17 1563/245/17
f 1150/243/6 2494/243/6 2368/187/6
f 1644/136/17 1560/245/17 1561/242/17
f 508/236/6 1852/236/6 1833/141/6
f 1642/201/17 1558/238/17 1559/245/17
f 1435/246/5 2779/246/5 2863/132/5
f 1640/191/17 1556/235/17 1557/235/17
f 2369/187/5 2495/186/5 1151/186/5
f 1638/207/17 1554/235/17 1555/235/17
f 1832/141/5 1853/98/5 509/98/5
f 1636/191/17 1552/235/17 1553/235/17
f 2864/132/6 2780/247/6 1436/247/6
f 1634/192/17 1550/232/17 1551/239/17
f 1152/186/6 2496/186/6 2370/117/6
f 1632/134/30 1548/131/30 3581/131/30
f 510/98/6 1854/98/6 1831/154/6
f 1630/134/30 1546/249/30 1547/248/30
f 1437/247/5 2781/247/5 2865/132/5
f 1628/210/30 1544/131/30 1545/249/30
f 2371/187/5 2497/250/5 1153/250/5
f 1626/212/30 1542/248/30 1543/131/30
f 1830/155/5 1855/98/5 511/98/5
f 1624/212/30 1540/227/30 1541/248/30
f 2866/131/6 2782/246/6 1438/246/6
f 1622/134/30 1538/219/30 1539/227/30
f 1154/195/6 2498/195/6 2372/117/6
f 1620/212/30 1536/219/30 1537/219/30
f 512/100/6 1856/100/6 1829/154/6
f 1618/211/30 1534/132/30 1535/132/30
f 1439/251/5 2783/251/5 2867/131/5
f 1616/211/30 1532/219/30 1533/132/30
f 2373/117/5 2499/186/5 1155/186/5
f 1614/210/30 1530/219/30 1531/132/30
f 1828/155/5 1857/223/5 513/223/5
f 1612/218/30 1528/219/30 1529/219/30
f 2868/131/6 2784/252/6 1440/252/6
f 1610/218/30 1526/248/30 1527/248/30
f 1156/186/6 2500/186/6 2374/117/6
f 1608/222/30 1524/131/30 1525/248/30
f 514/100/6 1858/100/6 1827/154/6
f 1606/224/30 1522/131/30 1523/131/30
f 1441/220/5 2785/220/5 2869/248/5
f 1604/225/30 1520/132/30 1521/132/30
f 2375/187/5 2501/253/5 1157/253/5
f 1602/226/30 1518/219/30 1519/132/30
f 1826/155/5 1859/98/5 515/98/5
f 1600/254/30 1516/227/30 1517/219/30
f 2870/248/6 2786/220/6 1442/220/6
f 1598/226/30 1514/219/30 1515/219/30
f 1158/255/6 2502/255/6 2376/117/6
f 1596/210/30 1512/227/30 1513/219/30
f 516/100/6 1860/100/6 1825/155/6
f 1594/210/30 1510/219/30 1511/219/30
f 1443/220/5 2787/220/5 2871/248/5
f 1592/256/30 1508/213/30 1509/213/30
f 2377/117/5 2503/120/5 1159/120/5
f 1590/133/16 1506/130/16 3570/130/16
f 1824/171/5 1861/223/5 517/223/5
f 1588/133/16 1504/176/16 1505/176/16
f 2872/219/6 2788/241/6 1444/241/6
f 1586/235/16 1502/176/16 1503/176/16
f 1160/120/6 2504/120/6 2378/187/6
f 1584/239/16 1500/176/16 1501/176/16
f 518/223/6 1862/223/6 1823/155/6
f 1582/238/16 1498/176/16 1499/176/16
f 1445/241/5 2789/241/5 2873/219/5
f 1580/133/16 1496/130/16 1497/176/16
f 2379/117/5 2505/257/5 1161/257/5
f 1578/133/16 1494/130/16 1495/130/16
f 1822/171/5 1863/223/5 519/223/5
f 1576/235/16 1492/129/16 1493/129/16
f 2874/219/6 2790/241/6 1446/241/6
f 1574/235/16 1490/129/16 1491/129/16
f 1162/258/6 2506/258/6 2380/117/6
f 1572/235/16 1488/259/16 1489/259/16
f 520/223/6 1864/223/6 1821/155/6
f 1570/242/16 1486/259/16 1487/259/16
f 1447/216/5 2791/216/5 2875/132/5
f 1568/244/16 1484/259/16 1485/259/16
f 2381/230/5 2507/258/5 1163/258/5
f 1566/242/16 1482/259/16 1483/259/16
f 1820/155/5 1865/223/5 521/223/5
f 1564/244/16 1480/129/16 1481/259/16
f 2876/219/6 2792/128/6 1448/128/6
f 1562/235/16 1478/129/16 1479/130/16
f 1164/250/6 2508/250/6 2382/116/6
f 1560/245/16 1476/129/16 1477/129/16
f 522/223/6 1866/223/6 1819/260/6
f 1558/238/16 1474/129/16 1475/129/16
f 1449/128/5 2793/128/5 2877/132/5
f 1556/235/16 1472/129/16 1473/129/16
f 2383/116/5 2509/250/5 1165/250/5
f 1554/235/16 1470/130/16 1471/129/16
f 1818/169/5 1867/261/5 523/261/5
f 1552/235/16 1468/130/16 1469/130/16
f 2878/132/6 2794/128/6 1450/128/6
f 1550/232/16 1466/176/16 1467/176/16
f 1166/186/6 2510/186/6 2384/116/6
f 1548/131/29 1464/128/29 3559/128/29
f 524/262/6 1868/262/6 1817/155/6
f 1546/249/29 1462/128/29 1463/263/29
f 1451/128/5 2795/128/5 2879/132/5
f 1544/131/29 1460/128/29 1461/128/29
f 2385/264/5 2511/253/5 1167/253/5
f 1542/248/29 1458/150/29 1459/128/29
f 1816/167/5 1869/261/5 525/261/5
f 1540/227/29 1456/270/29 1457/265/29
f 2880/219/6 2796/150/6 1452/150/6
f 1538/219/29 1454/269/29 1455/266/29
f 1168/267/6 2512/267/6 2386/264/6
f 1536/219/29 1452/150/29 1453/150/29
f 526/223/6 1870/223/6 1815/167/6
f 1534/132/29 1450/128/29 1451/128/29
f 1453/150/5 2797/150/5 2881/219/5
f 1532/219/29 1448/128/29 1449/128/29
f 2387/116/5 2513/268/5 1169/268/5
f 1530/219/29 1446/241/29 1447/216/29
f 1814/165/5 1871/261/5 527/261/5
f 1528/219/29 1444/241/29 1445/241/29
f 2882/219/6 2798/269/6 1454/269/6
f 1526/248/29 1442/220/29 1443/220/29
f 1170/255/6 2514/255/6 2388/116/6
f 1524/131/29 1440/252/29 1441/220/29
f 528/223/6 1872/223/6 1813/99/6
f 1522/131/29 1438/246/29 1439/251/29
f 1455/266/5 2799/266/5 2883/227/5
f 1520/132/29 1436/247/29 1437/247/29
f 1045/118/5 2389/118/5 2515/123/5
f 1518/219/29 1434/220/29 1435/246/29
f 1812/161/5 1873/223/5 529/223/5
f 1516/227/29 1432/241/29 1433/220/29
f 2884/227/6 2800/270/6 1456/270/6
f 1514/219/29 1430/228/29 1431/228/29
f 2516/271/6 2390/272/6 1046/272/6
f 1512/227/29 1428/228/29 1429/228/29
f 530/262/6 1874/262/6 1811/151/6
f 1510/219/29 1426/220/29 1427/220/29
f 1457/265/5 2801/265/5 2885/248/5
f 1508/213/29 1424/128/29 1425/216/29
f 1047/273/5 2391/273/5 2517/271/5
f 1506/130/15 1422/156/15 3548/156/15
f 1810/155/5 1875/274/5 531/274/5
f 1504/176/15 1420/156/15 1421/170/15
f 2886/248/6 2802/150/6 1458/150/6
f 1502/176/15 1418/170/15 1419/156/15
f 2518/275/6 2392/146/6 1048/146/6
f 1500/176/15 1416/170/15 1417/170/15
f 532/274/6 1876/274/6 1809/155/6
f 1498/176/15 1414/178/15 1415/178/15
f 1459/128/5 2803/128/5 2887/131/5
f 1496/130/15 1412/170/15 1413/175/15
f 1049/146/5 2393/146/5 2519/275/5
f 1494/130/15 1410/156/15 1411/156/15
f 464/159/5 1808/159/5 1877/262/5
f 1492/129/15 1408/170/15 1409/156/15
f 2888/131/6 2804/128/6 1460/128/6
f 1490/129/15 1406/170/15 1407/170/15
f 2520/276/6 2394/146/6 1050/146/6
f 1488/259/15 1404/170/15 1405/170/15
f 534/223/6 1878/223/6 1807/277/6
f 1486/259/15 1402/170/15 1403/170/15
f 1461/128/5 2805/128/5 2889/249/5
f 1484/259/15 1400/178/15 1401/170/15
f 1051/278/5 2395/278/5 2521/275/5
f 1482/259/15 1398/170/15 1399/178/15
f 1806/155/5 1879/262/5 535/262/5
f 1480/129/15 1396/178/15 1397/170/15
f 2890/249/6 2806/128/6 1462/128/6
f 1478/129/15 1394/281/15 1395/178/15
f 2522/275/6 2396/278/6 1052/278/6
f 1476/129/15 1392/280/15 1393/279/15
f 1880/261/6 1805/155/6 461/155/6
f 1474/129/15 1390/302/15 1391/280/15
f 1463/263/5 2807/263/5 2891/248/5
f 1472/129/15 1388/281/15 1389/281/15
f 1053/278/5 2397/278/5 2523/275/5
f 1470/130/15 1386/170/15 1387/281/15
f 1804/155/5 1881/262/5 537/262/5
f 1468/130/15 1384/170/15 1385/170/15
f 2892/131/6 2808/128/6 1464/128/6
f 1466/176/15 1382/170/15 1383/170/15
f 2524/276/6 2398/282/6 1054/282/6
f 1464/128/28 1380/127/28 3537/127/28
f 1882/223/6 1803/154/6 459/154/6
f 1462/128/28 1378/127/28 1379/127/28
f 2809/130/5 2893/133/5 1549/133/5
f 1460/128/28 1376/127/28 1377/127/28
f 1055/278/5 2399/278/5 2525/275/5
f 1458/150/28 1374/283/28 1375/127/28
f 1802/155/5 1883/223/5 539/223/5
f 1456/270/28 1372/284/28 1373/283/28
f 1550/232/6 2894/232/6 2810/176/6
f 1454/269/28 1370/284/28 1371/284/28
f 2526/275/6 2400/278/6 1056/278/6
f 1452/150/28 1368/285/28 1369/284/28
f 540/100/6 1884/100/6 1801/141/6
f 1450/128/28 1366/285/28 1367/285/28
f 2811/176/5 2895/239/5 1551/239/5
f 1448/128/28 1364/285/28 1365/285/28
f 1057/286/5 2401/286/5 2527/123/5
f 1446/241/28 1362/284/28 1363/284/28
f 415/97/5 1759/97/5 1885/102/5
f 1444/241/28 1360/283/28 1361/283/28
f 1552/235/6 2896/235/6 2812/130/6
f 1442/220/28 1358/127/28 1359/127/28
f 2528/123/6 2402/287/6 1058/287/6
f 1440/252/28 1356/127/28 1357/127/28
f 1886/102/6 1760/288/6 416/288/6
f 1438/246/28 1354/127/28 1355/289/28
f 2813/130/5 2897/235/5 1553/235/5
f 1436/247/28 1352/127/28 1353/127/28
f 1059/287/5 2403/287/5 2529/123/5
f 1434/220/28 1350/127/28 1351/127/28
f 417/288/5 1761/288/5 1887/102/5
f 1432/241/28 1348/283/28 1349/127/28
f 1554/235/6 2898/235/6 2814/130/6
f 1430/228/28 1346/283/28 1347/283/28
f 2530/122/6 2404/286/6 1060/286/6
f 1428/228/28 1344/283/28 1345/283/28
f 1888/102/6 1762/95/6 418/95/6
f 1426/220/28 1342/127/28 1343/127/28
f 2815/129/5 2899/235/5 1555/235/5
f 1424/128/28 1340/127/28 1341/127/28
f 1061/286/5 2405/286/5 2531/122/5
f 1422/156/14 1338/290/14 3526/290/14
f 419/95/5 1763/95/5 1889/101/5
f 1420/156/14 1336/292/14 1337/291/14
f 1556/235/6 2900/235/6 2816/129/6
f 1418/170/14 1334/291/14 1335/292/14
f 2532/122/6 2406/293/6 1062/293/6
f 1416/170/14 1332/291/14 1333/291/14
f 1890/294/6 1764/295/6 420/295/6
f 1414/178/14 1330/291/14 1331/292/14
f 2817/129/5 2901/235/5 1557/235/5
f 1412/170/14 1328/292/14 1329/296/14
f 1063/293/5 2407/293/5 2533/297/5
f 1410/156/14 1326/291/14 1327/291/14
f 421/197/5 1765/197/5 1891/294/5
f 1408/170/14 1324/291/14 1325/292/14
f 1558/238/6 2902/238/6 2818/129/6
f 1406/170/14 1322/291/14 1323/291/14
f 2534/297/6 2408/298/6 1064/298/6
f 1404/170/14 1320/290/14 1321/299/14
f 548/294/6 1892/294/6 1766/197/6
f 1402/170/14 1318/299/14 1319/299/14
f 2819/129/5 2903/245/5 1559/245/5
f 1400/178/14 1316/299/14 1317/299/14
f 1065/298/5 2409/298/5 2535/297/5
f 1398/170/14 1314/300/14 1315/299/14
f 423/197/5 1767/197/5 1893/294/5
f 1396/178/14 1312/300/14 1313/300/14
f 1560/245/6 2904/245/6 2820/129/6
f 1394/281/14 1310/94/14 1311/290/14
f 2536/275/6 2410/298/6 1066/298/6
f 1392/280/14 1308/300/14 1309/300/14
f 550/301/6 1894/301/6 1768/95/6
f 1390/302/14 1306/94/14 1307/300/14
f 2821/129/5 2905/242/5 1561/242/5
f 1388/281/14 1304/300/14 1305/300/14
f 1067/298/5 2411/298/5 2537/275/5
f 1386/170/14 1302/300/14 1303/300/14
f 425/95/5 1769/95/5 1895/102/5
f 1384/170/14 1300/300/14 1301/300/14
f 1562/235/6 2906/235/6 2822/129/6
f 1382/170/14 1298/290/14 1299/290/14
f 2538/275/6 2412/146/6 1068/146/6
f 1380/127/27 1296/126/27 3515/126/27
f 552/102/6 1896/102/6 1770/95/6
f 1378/127/27 1294/126/27 1295/303/27
f 2823/130/5 2907/245/5 1563/245/5
f 1376/127/27 1292/126/27 1293/126/27
f 1069/146/5 2413/146/5 2539/123/5
f 1374/283/27 1290/308/27 1291/126/27
f 427/95/5 1771/95/5 1897/304/5
f 1372/284/27 1288/305/27 1289/305/27
f 1564/244/6 2908/244/6 2824/129/6
f 1370/284/27 1286/308/27 1287/306/27
f 2540/275/6 2414/307/6 1070/307/6
f 1368/285/27 1284/308/27 1285/308/27
f 554/304/6 1898/304/6 1772/95/6
f 1366/285/27 1282/126/27 1283/126/27
f 2825/259/5 2909/242/5 1565/242/5
f 1364/285/27 1280/126/27 1281/126/27
f 1071/307/5 2415/307/5 2541/123/5
f 1362/284/27 1278/310/27 1279/309/27
f 429/95/5 1773/95/5 1899/304/5
f 1360/283/27 1276/310/27 1277/310/27
f 1566/242/6 2910/242/6 2826/259/6
f 1358/127/27 1274/311/27 1275/311/27
f 2542/123/6 2416/307/6 1072/307/6
f 1356/127/27 1272/328/27 1273/311/27
f 556/304/6 1900/304/6 1774/215/6
f 1354/127/27 1270/314/27 1271/312/27
f 2827/259/5 2911/244/5 1567/244/5
f 1352/127/27 1268/313/27 1269/313/27
f 1073/307/5 2417/307/5 2543/123/5
f 1350/127/27 1266/311/27 1267/314/27
f 431/315/5 1775/315/5 1901/304/5
f 1348/283/27 1264/310/27 1265/311/27
f 1568/244/6 2912/244/6 2828/259/6
f 1346/283/27 1262/316/27 1263/316/27
f 2544/275/6 2418/273/6 1074/273/6
f 1344/283/27 1260/316/27 1261/316/27
f 558/317/6 1902/317/6 1776/95/6
f 1342/127/27 1258/311/27 1259/311/27
f 2829/259/5 2913/242/5 1569/242/5
f 1340/127/27 1256/126/27 1257/309/27
f 1075/273/5 2419/273/5 2545/275/5
f 1338/290/13 1254/124/13 3504/124/13
f 433/95/5 1777/95/5 1903/317/5
f 1336/292/13 1252/124/13 1253/318/13
f 1570/242/6 2914/242/6 2830/259/6
f 1334/291/13 1250/124/13 1251/124/13
f 2546/122/6 2420/282/6 1076/282/6
f 1332/291/13 1248/325/13 1249/124/13
f 560/317/6 1904/317/6 1778/95/6
f 1330/291/13 1246/320/13 1247/319/13
f 2831/259/5 2915/242/5 1571/242/5
f 1328/292/13 1244/325/13 1245/319/13
f 1077/118/5 2421/118/5 2547/276/5
f 1326/291/13 1242/320/13 1243/320/13
f 435/215/5 1779/215/5 1905/102/5
f 1324/291/13 1240/319/13 1241/319/13
f 1572/235/6 2916/235/6 2832/259/6
f 1322/291/13 1238/321/13 1239/319/13
f 2548/276/6 2422/273/6 1078/273/6
f 1320/290/13 1236/322/13 1237/321/13
f 562/301/6 1906/301/6 1780/197/6
f 1318/299/13 1234/321/13 1235/321/13
f 2833/259/5 2917/235/5 1573/235/5
f 1316/299/13 1232/322/13 1233/321/13
f 1079/273/5 2423/273/5 2549/297/5
f 1314/300/13 1230/341/13 1231/322/13
f 437/295/5 1781/295/5 1907/301/5
f 1312/300/13 1228/321/13 1229/318/13
f 1574/235/6 2918/235/6 2834/129/6
f 1310/94/13 1226/323/13 1227/323/13
f 2550/297/6 2424/273/6 1080/273/6
f 1308/300/13 1224/321/13 1225/321/13
f 564/324/6 1908/324/6 1782/163/6
f 1306/94/13 1222/323/13 1223/321/13
f 2835/129/5 2919/235/5 1575/235/5
f 1304/300/13 1220/319/13 1221/319/13
f 1081/307/5 2425/307/5 2551/122/5
f 1302/300/13 1218/325/13 1219/325/13
f 439/152/5 1783/152/5 1909/102/5
f 1300/300/13 1216/318/13 1217/325/13
f 1576/235/6 2920/235/6 2836/129/6
f 1298/290/13 1214/318/13 1215/318/13
f 2552/122/6 2426/146/6 1082/146/6
f 1296/126/26 1212/122/26 3493/122/26
f 1910/102/6 1784/152/6 440/152/6
f 1294/126/26 1210/326/26 1211/297/26
f 2837/129/5 2921/233/5 1577/233/5
f 1292/126/26 1208/122/26 1209/326/26
f 1083/146/5 2427/146/5 2553/326/5
f 1290/308/26 1206/297/26 1207/122/26
f 441/152/5 1785/152/5 1911/101/5
f 1288/305/26 1204/276/26 1205/297/26
f 1578/133/6 2922/133/6 2838/130/6
f 1286/308/26 1202/122/26 1203/276/26
f 2554/326/6 2428/118/6 1084/118/6
f 1284/308/26 1200/275/26 1201/275/26
f 1912/101/6 1786/163/6 442/163/6
f 1282/126/26 1198/123/26 1199/123/26
f 2839/130/5 2923/133/5 1579/133/5
f 1280/126/26 1196/275/26 1197/123/26
f 1085/327/5 2429/327/5 2555/297/5
f 1278/310/26 1194/275/26 1195/123/26
f 443/152/5 1787/152/5 1913/101/5
f 1276/310/26 1192/275/26 1193/275/26
f 1580/133/6 2924/133/6 2840/130/6
f 1274/311/26 1190/297/26 1191/297/26
f 2556/122/6 2430/118/6 1086/118/6
f 1272/328/26 1188/122/26 1189/297/26
f 1914/101/6 1788/152/6 444/152/6
f 1270/314/26 1186/122/26 1187/122/26
f 2841/176/5 2925/239/5 1581/239/5
f 1268/313/26 1184/123/26 1185/123/26
f 2431/119/5 2557/125/5 1213/125/5
f 1266/311/26 1182/275/26 1183/123/26
f 445/163/5 1789/163/5 1915/101/5
f 1264/310/26 1180/276/26 1181/275/26
f 1582/238/6 2926/238/6 2842/176/6
f 1262/316/26 1178/275/26 1179/275/26
f 1214/318/6 2558/318/6 2432/147/6
f 1260/316/26 1176/276/26 1177/275/26
f 1916/101/6 1790/163/6 446/163/6
f 1258/311/26 1174/275/26 1175/275/26
f 2843/176/5 2927/238/5 1583/238/5
f 1256/126/26 1172/271/26 1173/271/26
f 2433/147/5 2559/318/5 1215/318/5
f 3668/329/40 667/333/40 1170/255/40
f 447/163/5 1791/163/5 1917/331/5
f 669/329/40 1168/267/40 1169/268/40
f 1584/239/6 2928/239/6 2844/176/6
f 671/329/40 1166/186/40 1167/253/40
f 1216/318/6 2560/318/6 2434/119/6
f 672/333/40 673/412/40 1164/250/40
f 1918/294/6 1792/189/6 448/189/6
f 674/142/40 675/333/40 1162/258/40
f 2845/176/5 2929/235/5 1585/235/5
f 677/333/40 1160/120/40 1161/257/40
f 2435/119/5 2561/325/5 1217/325/5
f 678/335/40 679/142/40 1158/255/40
f 449/193/5 1793/193/5 1919/294/5
f 680/142/40 681/333/40 1156/186/40
f 1586/235/6 2930/235/6 2846/176/6
f 682/142/40 683/334/40 1154/195/40
f 1218/325/6 2562/325/6 2436/119/6
f 684/336/40 685/403/40 1152/186/40
f 1920/101/6 1794/197/6 450/197/6
f 686/336/40 687/336/40 1150/243/40
f 2847/176/5 2931/233/5 1587/233/5
f 688/337/40 689/142/40 1148/240/40
f 2437/119/5 2563/325/5 1219/325/5
f 690/337/40 691/336/40 1146/234/40
f 451/95/5 1795/95/5 1921/101/5
f 692/142/40 693/142/40 1144/229/40
f 1588/133/6 2932/133/6 2848/176/6
f 694/142/40 695/142/40 1142/221/40
f 1220/319/6 2564/319/6 2438/119/6
f 696/333/40 697/333/40 1140/214/40
f 1922/101/6 1796/95/6 452/95/6
f 698/333/40 699/329/40 1138/208/40
f 2849/176/5 2933/232/5 1589/232/5
f 700/329/40 701/329/40 1136/186/40
f 2439/119/5 2565/319/5 1221/319/5
f 702/329/40 703/372/40 1134/195/40
f 453/95/5 1797/95/5 1923/101/5
f 704/329/40 705/329/40 1132/186/40
f 1590/133/6 2934/133/6 2850/130/6
f 706/338/40 707/329/40 1130/120/40
f 1222/323/6 2566/323/6 2440/147/6
f 1254/124/12 1128/119/12 3471/119/12
f 1924/101/6 1798/95/6 454/95/6
f 1252/124/12 1126/119/12 1127/147/12
f 2851/132/5 2935/134/5 1591/134/5
f 1250/124/12 1124/147/12 1125/119/12
f 2441/147/5 2567/321/5 1223/321/5
f 1248/325/12 1122/339/12 1123/147/12
f 455/95/5 1799/95/5 1925/301/5
f 1246/320/12 1120/339/12 1121/339/12
f 2936/256/6 2852/213/6 1508/213/6
f 1244/325/12 1118/119/12 1119/119/12
f 1224/321/6 2568/321/6 2442/147/6
f 1242/320/12 1116/119/12 1117/119/12
f 1926/101/6 1800/215/6 456/215/6
f 1240/319/12 1114/119/12 1115/119/12
f 2853/213/5 2937/212/5 1593/212/5
f 1238/321/12 1112/340/12 1113/340/12
f 2443/119/5 2569/321/5 1225/321/5
f 1236/322/12 1110/119/12 1111/340/12
f 499/100/5 1843/100/5 1927/104/5
f 1234/321/12 1108/119/12 1109/119/12
f 2938/210/6 2854/219/6 1510/219/6
f 1232/322/12 1106/147/12 1107/119/12
f 1226/323/6 2570/323/6 2444/119/6
f 1230/341/12 1104/119/12 1105/147/12
f 1928/104/6 1844/223/6 500/223/6
f 1228/321/12 1102/340/12 1103/340/12
f 2855/219/5 2939/210/5 1595/210/5
f 1226/323/12 1100/119/12 1101/119/12
f 2445/119/5 2571/323/5 1227/323/5
f 1224/321/12 1098/147/12 1099/119/12
f 501/223/5 1845/223/5 1929/104/5
f 1222/323/12 1096/147/12 1097/147/12
f 2940/210/6 2856/227/6 1512/227/6
f 1220/319/12 1094/119/12 1095/119/12
f 1228/321/6 2572/321/6 2446/340/6
f 1218/325/12 1092/119/12 1093/119/12
f 1930/104/6 1846/98/6 502/98/6
f 1216/318/12 1090/119/12 1091/119/12
f 2857/219/5 2941/226/5 1597/226/5
f 1214/318/12 1088/147/12 1089/147/12
f 2447/340/5 2573/318/5 1229/318/5
f 1212/122/25 1086/118/25 3460/118/25
f 503/98/5 1847/98/5 1931/103/5
f 1210/326/25 1084/118/25 1085/327/25
f 2942/226/6 2858/219/6 1514/219/6
f 1208/122/25 1082/146/25 1083/146/25
f 1230/341/6 2574/341/6 2448/119/6
f 1206/297/25 1080/273/25 1081/307/25
f 1932/342/6 1848/236/6 504/236/6
f 1204/276/25 1078/273/25 1079/273/25
f 2859/219/5 2943/226/5 1599/226/5
f 1202/122/25 1076/282/25 1077/118/25
f 2449/147/5 2575/322/5 1231/322/5
f 1200/275/25 1074/273/25 1075/273/25
f 505/98/5 1849/98/5 1933/342/5
f 1198/123/25 1072/307/25 1073/307/25
f 2944/254/6 2860/227/6 1516/227/6
f 1196/275/25 1070/307/25 1071/307/25
f 1232/322/6 2576/322/6 2450/147/6
f 1194/275/25 1068/146/25 1069/146/25
f 1934/342/6 1850/98/6 506/98/6
f 1192/275/25 1066/298/25 1067/298/25
f 2861/219/5 2945/226/5 1601/226/5
f 1190/297/25 1064/298/25 1065/298/25
f 2451/119/5 2577/321/5 1233/321/5
f 1188/122/25 1062/293/25 1063/293/25
f 507/98/5 1851/98/5 1935/342/5
f 1186/122/25 1060/286/25 1061/286/25
f 2946/226/6 2862/219/6 1518/219/6
f 1184/123/25 1058/287/25 1059/287/25
f 1234/321/6 2578/321/6 2452/119/6
f 1182/275/25 1056/278/25 1057/286/25
f 1936/343/6 1852/236/6 508/236/6
f 1180/276/25 1054/282/25 1055/278/25
f 2863/132/5 2947/224/5 1603/224/5
f 1178/275/25 1052/278/25 1053/278/25
f 2453/119/5 2579/321/5 1235/321/5
f 1176/276/25 1050/146/25 1051/278/25
f 509/98/5 1853/98/5 1937/104/5
f 1174/275/25 1048/146/25 1049/146/25
f 2948/225/6 2864/132/6 1520/132/6
f 1172/271/25 1046/272/25 1047/273/25
f 1236/322/6 2580/322/6 2454/119/6
f 1170/255/38 1044/116/38 3449/116/38
f 1938/104/6 1854/98/6 510/98/6
f 1168/267/38 1042/264/38 1043/116/38
f 2865/132/5 2949/225/5 1605/225/5
f 1166/186/38 1040/116/38 1041/264/38
f 2455/340/5 2581/321/5 1237/321/5
f 1164/250/38 1038/116/38 1039/116/38
f 511/98/5 1855/98/5 1939/344/5
f 1162/258/38 1036/117/38 1037/230/38
f 2950/224/6 2866/131/6 1522/131/6
f 1160/120/38 1034/187/38 1035/117/38
f 1238/321/6 2582/321/6 2456/340/6
f 1158/255/38 1032/117/38 1033/117/38
f 1940/344/6 1856/100/6 512/100/6
f 1156/186/38 1030/117/38 1031/187/38
f 2867/131/5 2951/224/5 1607/224/5
f 1154/195/38 1028/117/38 1029/117/38
f 2457/340/5 2583/319/5 1239/319/5
f 1152/186/38 1026/117/38 1027/187/38
f 513/223/5 1857/223/5 1941/344/5
f 1150/243/38 1024/187/38 1025/187/38
f 2952/222/6 2868/131/6 1524/131/6
f 1148/240/38 1022/230/38 1023/230/38
f 1240/319/6 2584/319/6 2458/119/6
f 1146/234/38 1020/230/38 1021/230/38
f 1942/344/6 1858/100/6 514/100/6
f 1144/229/38 1018/230/38 1019/230/38
f 2869/248/5 2953/222/5 1609/222/5
f 1142/221/38 1016/117/38 1017/117/38
f 2459/119/5 2585/319/5 1241/319/5
f 1140/214/38 1014/187/38 1015/187/38
f 515/98/5 1859/98/5 1943/344/5
f 1138/208/38 1012/117/38 1013/187/38
f 2954/218/6 2870/248/6 1526/248/6
f 1136/186/38 1010/187/38 1011/187/38
f 1242/320/6 2586/320/6 2460/119/6
f 1134/195/38 1008/187/38 1009/187/38
f 1944/345/6 1860/100/6 516/100/6
f 1132/186/38 1006/187/38 1007/187/38
f 2871/248/5 2955/218/5 1611/218/5
f 1130/120/38 1004/179/38 1005/179/38
f 2461/119/5 2587/320/5 1243/320/5
f 1128/119/11 1002/114/11 3438/114/11
f 517/223/5 1861/223/5 1945/345/5
f 1126/119/11 1000/114/11 1001/168/11
f 2956/218/6 2872/219/6 1528/219/6
f 1124/147/11 998/114/11 999/114/11
f 1244/325/6 2588/325/6 2462/119/6
f 1122/339/11 996/352/11 997/114/11
f 1946/345/6 1862/223/6 518/223/6
f 1120/339/11 994/346/11 995/346/11
f 2873/219/5 2957/218/5 1613/218/5
f 1118/119/11 992/346/11 993/347/11
f 2463/119/5 2589/319/5 1245/319/5
f 1116/119/11 990/347/11 991/347/11
f 519/223/5 1863/223/5 1947/104/5
f 1114/119/11 988/346/11 989/346/11
f 2958/210/6 2874/219/6 1530/219/6
f 1112/340/11 986/348/11 987/346/11
f 1246/320/6 2590/320/6 2464/339/6
f 1110/119/11 984/349/11 985/348/11
f 1948/343/6 1864/223/6 520/223/6
f 1108/119/11 982/348/11 983/348/11
f 2875/132/5 2959/210/5 1615/210/5
f 1106/147/11 980/349/11 981/348/11
f 2465/339/5 2591/319/5 1247/319/5
f 1104/119/11 978/378/11 979/349/11
f 521/223/5 1865/223/5 1949/343/5
f 1102/340/11 976/348/11 977/168/11
f 2960/211/6 2876/219/6 1532/219/6
f 1100/119/11 974/350/11 975/350/11
f 1248/325/6 2592/325/6 2466/339/6
f 1098/147/11 972/348/11 973/348/11
f 1950/351/6 1866/223/6 522/223/6
f 1096/147/11 970/350/11 971/348/11
f 2877/132/5 2961/211/5 1617/211/5
f 1094/119/11 968/346/11 969/346/11
f 2467/147/5 2593/124/5 1249/124/5
f 1092/119/11 966/352/11 967/352/11
f 523/261/5 1867/261/5 1951/104/5
f 1090/119/11 964/168/11 965/352/11
f 2962/211/6 2878/132/6 1534/132/6
f 1088/147/11 962/168/11 963/168/11
f 713/353/5 2057/353/5 2183/354/5
f 1086/118/24 960/113/24 3427/113/24
f 1250/124/6 2594/124/6 2468/147/6
f 1084/118/24 958/355/24 959/113/24
f 1952/104/6 1868/262/6 524/262/6
f 1082/146/24 956/355/24 957/355/24
f 2879/132/5 2963/211/5 1619/211/5
f 1080/273/24 954/355/24 955/355/24
f 2184/354/6 2058/353/6 714/353/6
f 1078/273/24 952/113/24 953/355/24
f 2469/119/5 2595/124/5 1251/124/5
f 1076/282/24 950/381/24 951/356/24
f 525/261/5 1869/261/5 1953/103/5
f 1074/273/24 948/357/24 949/357/24
f 2964/212/6 2880/219/6 1536/219/6
f 1072/307/24 946/357/24 947/357/24
f 715/358/5 2059/358/5 2185/354/5
f 1070/307/24 944/357/24 945/357/24
f 1252/124/6 2596/124/6 2470/119/6
f 1068/146/24 942/357/24 943/357/24
f 1954/103/6 1870/223/6 526/223/6
f 1066/298/24 940/357/24 941/357/24
f 2881/219/5 2965/212/5 1621/212/5
f 1064/298/24 938/356/24 939/357/24
f 2186/354/6 2060/359/6 716/359/6
f 1062/293/24 936/356/24 937/356/24
f 2471/147/5 2597/318/5 1253/318/5
f 1060/286/24 934/356/24 935/356/24
f 527/261/5 1871/261/5 1955/103/5
f 1058/287/24 932/356/24 933/356/24
f 2966/134/6 2882/219/6 1538/219/6
f 1056/278/24 930/356/24 931/356/24
f 717/358/5 2061/358/5 2187/354/5
f 1054/282/24 928/355/24 929/356/24
f 1254/124/6 2598/124/6 2472/119/6
f 1052/278/24 926/355/24 927/355/24
f 1956/103/6 1872/223/6 528/223/6
f 1050/146/24 924/355/24 925/355/24
f 2883/227/5 2967/134/5 1623/134/5
f 1048/146/24 922/355/24 923/355/24
f 2188/111/6 2062/358/6 718/358/6
f 1046/272/24 920/113/24 921/113/24
f 2473/121/5 2052/107/5 708/107/5
f 1044/116/37 918/112/37 3416/112/37
f 529/223/5 1873/223/5 1957/103/5
f 1042/264/37 916/112/37 917/360/37
f 2968/212/6 2884/227/6 1540/227/6
f 1040/116/37 914/112/37 915/112/37
f 719/358/5 2063/358/5 2189/354/5
f 1038/116/37 912/363/37 913/112/37
f 707/329/6 2051/329/6 2474/120/6
f 1036/117/37 910/361/37 911/361/37
f 1958/362/6 1874/262/6 530/262/6
f 1034/187/37 908/392/37 909/363/37
f 2885/248/5 2969/212/5 1625/212/5
f 1032/117/37 906/364/37 907/364/37
f 2190/354/6 2064/358/6 720/358/6
f 1030/117/37 904/365/37 905/365/37
f 2475/121/5 2050/338/5 706/338/5
f 1028/117/37 902/365/37 903/365/37
f 1875/274/5 1959/103/5 615/103/5
f 1026/117/37 900/366/37 901/366/37
f 2970/212/6 2886/248/6 1542/248/6
f 1024/187/37 898/366/37 899/366/37
f 721/358/5 2065/358/5 2191/354/5
f 1022/230/37 896/367/37 897/367/37
f 705/329/6 2049/329/6 2476/186/6
f 1020/230/37 894/368/37 895/367/37
f 616/342/6 1960/342/6 1876/274/6
f 1018/230/37 892/367/37 893/368/37
f 2887/131/5 2971/211/5 1627/211/5
f 1016/117/37 890/369/37 891/369/37
f 2192/111/6 2066/358/6 722/358/6
f 1014/187/37 888/367/37 889/367/37
f 2477/186/5 2048/329/5 704/329/5
f 1012/117/37 886/369/37 887/367/37
f 533/262/5 1877/262/5 1961/342/5
f 1010/187/37 884/367/37 885/367/37
f 2972/210/6 2888/131/6 1544/131/6
f 1008/187/37 882/370/37 883/370/37
f 723/353/5 2067/353/5 2193/371/5
f 1006/187/37 880/370/37 881/370/37
f 703/372/6 2047/372/6 2478/195/6
f 1004/179/37 878/360/37 879/373/37
f 1962/103/6 1878/223/6 534/223/6
f 1002/114/10 876/371/10 3405/371/10
f 2889/249/5 2973/210/5 1629/210/5
f 1000/114/10 874/375/10 875/374/10
f 2194/354/6 2068/353/6 724/353/6
f 998/114/10 872/374/10 873/375/10
f 2479/186/5 2046/329/5 702/329/5
f 996/352/10 870/374/10 871/374/10
f 535/262/5 1879/262/5 1963/103/5
f 994/346/10 868/374/10 869/375/10
f 2974/134/6 2890/249/6 1546/249/6
f 992/346/10 866/375/10 867/376/10
f 725/353/5 2069/353/5 2195/354/5
f 990/347/10 864/374/10 865/374/10
f 701/329/6 2045/329/6 2480/186/6
f 988/346/10 862/374/10 863/375/10
f 1964/103/6 1880/261/6 536/261/6
f 986/348/10 860/374/10 861/374/10
f 2891/248/5 2975/209/5 1631/209/5
f 984/349/10 858/371/10 859/377/10
f 2196/354/6 2070/353/6 726/353/6
f 982/348/10 856/377/10 857/377/10
f 2481/205/5 2044/329/5 700/329/5
f 980/349/10 854/377/10 855/377/10
f 1881/262/5 1965/103/5 621/103/5
f 978/378/10 852/354/10 853/377/10
f 2976/134/6 2892/131/6 1548/131/6
f 976/348/10 850/354/10 851/354/10
f 727/353/5 2071/353/5 2197/377/5
f 974/350/10 848/111/10 849/371/10
f 699/329/6 2043/329/6 2482/208/6
f 972/348/10 846/354/10 847/354/10
f 622/103/6 1966/103/6 1882/223/6
f 970/350/10 844/111/10 845/354/10
f 2893/133/5 2977/136/5 1633/136/5
f 968/346/10 842/354/10 843/354/10
f 2198/377/6 2072/353/6 728/353/6
f 966/352/10 840/354/10 841/354/10
f 2483/205/5 2042/333/5 698/333/5
f 964/168/10 838/354/10 839/354/10
f 1883/223/5 1967/343/5 623/343/5
f 962/168/10 836/371/10 837/371/10
f 1634/192/6 2978/192/6 2894/232/6
f 960/113/23 834/379/23 3394/379/23
f 729/353/5 2073/353/5 2199/377/5
f 958/355/23 832/379/23 833/379/23
f 697/333/6 2041/333/6 2484/214/6
f 956/355/23 830/379/23 831/379/23
f 624/103/6 1968/103/6 1884/100/6
f 954/355/23 828/380/23 829/380/23
f 2895/239/5 2979/136/5 1635/136/5
f 952/113/23 826/380/23 827/380/23
f 2200/377/6 2074/353/6 730/353/6
f 950/381/23 824/387/23 825/110/23
f 2485/217/5 2040/333/5 696/333/5
f 948/357/23 822/380/23 823/380/23
f 541/102/5 1885/102/5 1969/105/5
f 946/357/23 820/380/23 821/380/23
f 1636/191/6 2980/191/6 2896/235/6
f 944/357/23 818/380/23 819/380/23
f 731/353/5 2075/353/5 2201/377/5
f 942/357/23 816/379/23 817/379/23
f 695/142/6 2039/142/6 2486/221/6
f 940/357/23 814/379/23 815/379/23
f 1970/382/6 1886/102/6 542/102/6
f 938/356/23 812/379/23 813/379/23
f 2897/235/5 2981/180/5 1637/180/5
f 936/356/23 810/383/23 811/383/23
f 2202/371/6 2076/384/6 732/384/6
f 934/356/23 808/385/23 809/385/23
f 2487/205/5 2038/142/5 694/142/5
f 932/356/23 806/408/23 807/385/23
f 543/102/5 1887/102/5 1971/382/5
f 930/356/23 804/387/23 805/386/23
f 1638/207/6 2982/207/6 2898/235/6
f 928/355/23 802/388/23 803/387/23
f 733/353/5 2077/353/5 2203/377/5
f 926/355/23 800/388/23 801/388/23
f 693/142/6 2037/142/6 2488/229/6
f 924/355/23 798/379/23 799/388/23
f 1972/389/6 1888/102/6 544/102/6
f 922/355/23 796/379/23 797/379/23
f 2899/235/5 2983/180/5 1639/180/5
f 920/113/23 794/380/23 795/380/23
f 2204/374/6 2078/353/6 734/353/6
f 918/112/36 792/109/36 3383/109/36
f 2489/217/5 2036/142/5 692/142/5
f 916/112/36 790/109/36 791/390/36
f 545/101/5 1889/101/5 1973/389/5
f 914/112/36 788/390/36 789/109/36
f 1640/191/6 2984/191/6 2900/235/6
f 912/363/36 786/391/36 787/390/36
f 735/353/5 2079/353/5 2205/374/5
f 910/361/36 784/410/36 785/391/36
f 691/336/6 2035/336/6 2490/234/6
f 908/392/36 782/395/36 783/393/36
f 1974/394/6 1890/294/6 546/294/6
f 906/364/36 780/396/36 781/395/36
f 2901/235/5 2985/180/5 1641/180/5
f 904/365/36 778/396/36 779/396/36
f 2206/374/6 2080/384/6 736/384/6
f 902/365/36 776/397/36 777/397/36
f 2491/240/5 2034/337/5 690/337/5
f 900/366/36 774/395/36 775/398/36
f 547/294/5 1891/294/5 1975/389/5
f 898/366/36 772/399/36 773/399/36
f 1642/201/6 2986/201/6 2902/238/6
f 896/367/36 770/390/36 771/109/36
f 737/400/5 2081/400/5 2207/375/5
f 894/368/36 768/109/36 769/390/36
f 689/142/6 2033/142/6 2492/240/6
f 892/367/36 766/411/36 767/401/36
f 1976/389/6 1892/294/6 548/294/6
f 890/369/36 764/109/36 765/109/36
f 2903/245/5 2987/180/5 1643/180/5
f 888/367/36 762/390/36 763/109/36
f 2208/374/6 2082/400/6 738/400/6
f 886/369/36 760/413/36 761/390/36
f 2493/243/5 2032/337/5 688/337/5
f 884/367/36 758/399/36 759/399/36
f 549/294/5 1893/294/5 1977/389/5
f 882/370/36 756/399/36 757/399/36
f 1644/136/6 2988/136/6 2904/245/6
f 880/370/36 754/109/36 755/109/36
f 739/384/5 2083/384/5 2209/374/5
f 878/360/36 752/390/36 753/390/36
f 687/336/6 2031/336/6 2494/243/6
f 876/371/9 750/409/9 3372/400/9
f 1978/394/6 1894/301/6 550/301/6
f 874/375/9 748/384/9 749/353/9
f 2905/242/5 2989/180/5 1645/180/5
f 872/374/9 746/384/9 747/384/9
f 2210/375/6 2084/402/6 740/402/6
f 870/374/9 744/384/9 745/353/9
f 2495/186/5 2030/336/5 686/336/5
f 868/374/9 742/353/9 743/353/9
f 551/102/5 1895/102/5 1979/389/5
f 866/375/9 740/402/9 741/358/9
f 1646/201/6 2990/201/6 2906/235/6
f 864/374/9 738/400/9 739/384/9
f 741/358/5 2085/358/5 2211/376/5
f 862/374/9 736/384/9 737/400/9
f 685/403/6 2029/403/6 2496/186/6
f 860/374/9 734/353/9 735/353/9
f 1980/389/6 1896/102/6 552/102/6
f 858/371/9 732/384/9 733/353/9
f 2907/245/5 2991/180/5 1647/180/5
f 856/377/9 730/353/9 731/353/9
f 2212/374/6 2086/353/6 742/353/6
f 854/377/9 728/353/9 729/353/9
f 2497/250/5 2028/336/5 684/336/5
f 852/354/9 726/353/9 727/353/9
f 553/304/5 1897/304/5 1981/105/5
f 850/354/9 724/353/9 725/353/9
f 1648/192/6 2992/192/6 2908/244/6
f 848/111/9 722/358/9 723/353/9
f 743/353/5 2087/353/5 2213/375/5
f 846/354/9 720/358/9 721/358/9
f 683/334/6 2027/334/6 2498/195/6
f 844/111/9 718/358/9 719/358/9
f 1982/105/6 1898/304/6 554/304/6
f 842/354/9 716/359/9 717/358/9
f 2909/242/5 2993/180/5 1649/180/5
f 840/354/9 714/353/9 715/358/9
f 2214/374/6 2088/384/6 744/384/6
f 838/354/9 712/384/9 713/353/9
f 2499/186/5 2026/142/5 682/142/5
f 836/371/9 710/384/9 711/106/9
f 555/304/5 1899/304/5 1983/404/5
f 834/379/22 666/404/22 3361/404/22
f 1650/192/6 2994/192/6 2910/242/6
f 832/379/22 664/406/22 665/405/22
f 745/353/5 2089/353/5 2215/374/5
f 830/379/22 662/406/22 663/406/22
f 681/333/6 2025/333/6 2500/186/6
f 828/380/22 660/405/22 661/406/22
f 1984/105/6 1900/304/6 556/304/6
f 826/380/22 658/414/22 659/405/22
f 2911/244/5 2995/199/5 1651/199/5
f 824/387/22 656/404/22 657/407/22
f 2216/374/6 2090/384/6 746/384/6
f 822/380/22 654/405/22 655/405/22
f 2501/253/5 2024/142/5 680/142/5
f 820/380/22 652/406/22 653/406/22
f 557/304/5 1901/304/5 1985/105/5
f 818/380/22 650/405/22 651/406/22
f 1652/199/6 2996/199/6 2912/244/6
f 816/379/22 648/382/22 649/404/22
f 747/384/5 2091/384/5 2217/375/5
f 814/379/22 646/382/22 647/382/22
f 679/142/6 2023/142/6 2502/255/6
f 812/379/22 644/382/22 645/382/22
f 1986/105/6 1902/317/6 558/317/6
f 810/383/22 642/105/22 643/382/22
f 2913/242/5 2997/199/5 1653/199/5
f 808/385/22 640/105/22 641/105/22
f 2218/375/6 2092/384/6 748/384/6
f 806/408/22 638/105/22 639/404/22
f 2503/120/5 2022/335/5 678/335/5
f 804/387/22 636/389/22 637/105/22
f 559/317/5 1903/317/5 1987/382/5
f 802/388/22 634/394/22 635/389/22
f 1654/191/6 2998/191/6 2914/242/6
f 800/388/22 632/389/22 633/389/22
f 749/353/5 2093/353/5 2219/374/5
f 798/379/22 630/394/22 631/389/22
f 677/333/6 2021/333/6 2504/120/6
f 796/379/22 628/389/22 629/389/22
f 1988/382/6 1904/317/6 560/317/6
f 794/380/22 626/382/22 627/382/22
f 2915/242/5 2999/191/5 1655/191/5
f 792/109/35 624/103/35 3350/103/35
f 2220/371/6 2094/409/6 750/409/6
f 790/109/35 622/103/35 623/343/35
f 2505/257/5 2020/334/5 676/334/5
f 788/390/35 620/103/35 621/103/35
f 561/102/5 1905/102/5 1989/382/5
f 786/391/35 618/103/35 619/103/35
f 1656/194/6 3000/194/6 2916/235/6
f 784/410/35 616/342/35 617/342/35
f 2095/109/5 2221/112/5 877/112/5
f 782/395/35 614/362/35 615/103/35
f 675/333/6 2019/333/6 2506/258/6
f 780/396/35 612/103/35 613/103/35
f 1990/382/6 1906/301/6 562/301/6
f 778/396/35 610/103/35 611/103/35
f 2917/235/5 3001/191/5 1657/191/5
f 776/397/35 608/104/35 609/103/35
f 878/360/6 2222/360/6 2096/390/6
f 774/395/35 606/351/35 607/104/35
f 2507/258/5 2018/142/5 674/142/5
f 772/399/35 604/343/35 605/343/35
f 563/301/5 1907/301/5 1991/382/5
f 770/390/35 602/345/35 603/104/35
f 1658/192/6 3002/192/6 2918/235/6
f 768/109/35 600/345/35 601/345/35
f 2097/390/5 2223/373/5 879/373/5
f 766/411/35 598/344/35 599/344/35
f 673/412/6 2017/412/6 2508/250/6
f 764/109/35 596/344/35 597/344/35
f 1992/382/6 1908/324/6 564/324/6
f 762/390/35 594/104/35 595/344/35
f 2919/235/5 3003/194/5 1659/194/5
f 760/413/35 592/343/35 593/104/35
f 880/370/6 2224/370/6 2098/109/6
f 758/399/35 590/342/35 591/342/35
f 2509/250/5 2016/333/5 672/333/5
f 756/399/35 588/342/35 589/342/35
f 565/102/5 1909/102/5 1993/404/5
f 754/109/35 586/104/35 587/103/35
f 1660/180/6 3004/180/6 2920/235/6
f 752/390/35 584/104/35 585/104/35
f 2099/109/5 2225/370/5 881/370/5
f 750/409/8 667/333/8 3668/329/8
f 671/329/6 2015/329/6 2510/186/6
f 748/384/8 669/329/8 668/329/8
f 1994/405/6 1910/102/6 566/102/6
f 746/384/8 671/329/8 670/332/8
f 2921/233/5 3005/191/5 1661/191/5
f 744/384/8 673/412/8 672/333/8
f 882/370/6 2226/370/6 2100/399/6
f 742/353/8 675/333/8 674/142/8
f 2511/253/5 2014/332/5 670/332/5
f 740/402/8 677/333/8 676/334/8
f 567/101/5 1911/101/5 1995/406/5
f 738/400/8 679/142/8 678/335/8
f 1662/135/6 3006/135/6 2922/133/6
f 736/384/8 681/333/8 680/142/8
f 2101/399/5 2227/370/5 883/370/5
f 734/353/8 683/334/8 682/142/8
f 669/329/6 2013/329/6 2512/267/6
f 732/384/8 685/403/8 684/336/8
f 1996/406/6 1912/101/6 568/101/6
f 730/353/8 687/336/8 686/336/8
f 2923/133/5 3007/192/5 1663/192/5
f 728/353/8 689/142/8 688/337/8
f 884/367/6 2228/367/6 2102/399/6
f 726/353/8 691/336/8 690/337/8
f 2513/268/5 2012/329/5 668/329/5
f 724/353/8 693/142/8 692/142/8
f 569/101/5 1913/101/5 1997/406/5
f 722/358/8 695/142/8 694/142/8
f 1664/191/6 3008/191/6 2924/133/6
f 720/358/8 697/333/8 696/333/8
f 2103/399/5 2229/367/5 885/367/5
f 718/358/8 699/329/8 698/333/8
f 667/333/6 2011/333/6 2514/255/6
f 716/359/8 701/329/8 700/329/8
f 1998/405/6 1914/101/6 570/101/6
f 714/353/8 703/372/8 702/329/8
f 2925/239/5 3009/136/5 1665/136/5
f 712/384/8 705/329/8 704/329/8
f 886/369/6 2230/369/6 2104/413/6
f 710/384/8 707/329/8 706/338/8
f 1171/123/5 2515/123/5 2599/126/5
f 666/404/21 582/101/21 3339/101/21
f 571/101/5 1915/101/5 1999/405/5
f 664/406/21 580/101/21 581/301/21
f 1666/191/6 3010/191/6 2926/238/6
f 662/406/21 578/101/21 579/101/21
f 2105/390/5 2231/367/5 887/367/5
f 660/405/21 576/101/21 577/101/21
f 2600/126/6 2516/271/6 1172/271/6
f 658/414/21 574/294/21 575/294/21
f 2000/404/6 1916/101/6 572/101/6
f 656/404/21 572/101/21 573/331/21
f 2927/238/5 3011/191/5 1667/191/5
f 654/405/21 570/101/21 571/101/21
f 888/367/6 2232/367/6 2106/390/6
f 652/406/21 568/101/21 569/101/21
f 1173/271/5 2517/271/5 2601/309/5
f 650/405/21 566/102/21 567/101/21
f 573/331/5 1917/331/5 2001/407/5
f 648/382/21 564/324/21 565/102/21
f 1668/139/6 3012/139/6 2928/239/6
f 646/382/21 562/301/21 563/301/21
f 2107/109/5 2233/367/5 889/367/5
f 644/382/21 560/317/21 561/102/21
f 2602/311/6 2518/275/6 1174/275/6
f 642/105/21 558/317/21 559/317/21
f 2002/414/6 1918/294/6 574/294/6
f 640/105/21 556/304/21 557/304/21
f 2929/235/5 3013/180/5 1669/180/5
f 638/105/21 554/304/21 555/304/21
f 890/369/6 2234/369/6 2108/109/6
f 636/389/21 552/102/21 553/304/21
f 1175/275/5 2519/275/5 2603/311/5
f 634/394/21 550/301/21 551/102/21
f 575/294/5 1919/294/5 2003/405/5
f 632/389/21 548/294/21 549/294/21
f 1670/135/6 3014/135/6 2930/235/6
f 630/394/21 546/294/21 547/294/21
f 2109/109/5 2235/369/5 891/369/5
f 628/389/21 544/102/21 545/101/21
f 2604/316/6 2520/276/6 1176/276/6
f 626/382/21 542/102/21 543/102/21
f 2004/405/6 1920/101/6 576/101/6
f 624/103/34 540/100/34 3328/415/34
f 2931/233/5 3015/185/5 1671/185/5
f 622/103/34 538/223/34 539/223/34
f 892/367/6 2236/367/6 2110/411/6
f 620/103/34 536/261/34 537/262/34
f 1177/275/5 2521/275/5 2605/316/5
f 618/103/34 534/223/34 535/262/34
f 577/101/5 1921/101/5 2005/406/5
f 616/342/34 532/274/34 533/262/34
f 1672/231/6 3016/231/6 2932/133/6
f 614/362/34 530/262/34 531/274/34
f 2111/401/5 2237/368/5 893/368/5
f 612/103/34 528/223/34 529/223/34
f 2606/316/6 2522/275/6 1178/275/6
f 610/103/34 526/223/34 527/261/34
f 2006/406/6 1922/101/6 578/101/6
f 608/104/34 524/262/34 525/261/34
f 2933/232/5 3017/139/5 1673/139/5
f 606/351/34 522/223/34 523/261/34
f 894/368/6 2238/368/6 2112/109/6
f 604/343/34 520/223/34 521/223/34
f 1179/275/5 2523/275/5 2607/316/5
f 602/345/34 518/223/34 519/223/34
f 579/101/5 1923/101/5 2007/406/5
f 600/345/34 516/100/34 517/223/34
f 1674/180/6 3018/180/6 2934/133/6
f 598/344/34 514/100/34 515/98/34
f 2113/390/5 2239/367/5 895/367/5
f 596/344/34 512/100/34 513/223/34
f 2608/310/6 2524/276/6 1180/276/6
f 594/104/34 510/98/34 511/98/34
f 2008/406/6 1924/101/6 580/101/6
f 592/343/34 508/236/34 509/98/34
f 2935/134/5 3019/138/5 1675/138/5
f 590/342/34 506/98/34 507/98/34
f 896/367/6 2240/367/6 2114/390/6
f 588/342/34 504/236/34 505/98/34
f 1181/275/5 2525/275/5 2609/311/5
f 586/104/34 502/98/34 503/98/34
f 581/301/5 1925/301/5 2009/405/5
f 584/104/34 500/223/34 501/223/34
f 3020/158/6 2936/256/6 1592/256/6
f 582/101/20 456/215/20 3317/416/20
f 2115/109/5 2241/367/5 897/367/5
f 580/101/20 454/95/20 455/95/20
f 2610/311/6 2526/275/6 1182/275/6
f 578/101/20 452/95/20 453/95/20
f 2010/404/6 1926/101/6 582/101/6
f 576/101/20 450/197/20 451/95/20
f 2937/212/5 3021/138/5 1677/138/5
f 574/294/20 448/189/20 449/193/20
f 898/366/6 2242/366/6 2116/399/6
f 572/101/20 446/163/20 447/163/20
f 1183/123/5 2527/123/5 2611/314/5
f 570/101/20 444/152/20 445/163/20
f 2052/107/5 2053/108/5 709/108/5
f 568/101/20 442/163/20 443/152/20
f 3022/157/6 2938/210/6 1594/210/6
f 566/102/20 440/152/20 441/152/20
f 2117/399/5 2243/366/5 899/366/5
f 564/324/20 438/163/20 439/152/20
f 2612/313/6 2528/123/6 1184/123/6
f 562/301/20 436/197/20 437/295/20
f 710/384/6 2054/384/6 2051/329/6
f 560/317/20 434/95/20 435/215/20
f 2939/210/5 3023/173/5 1679/173/5
f 558/317/20 432/95/20 433/95/20
f 900/366/6 2244/366/6 2118/395/6
f 556/304/20 430/215/20 431/315/20
f 1185/123/5 2529/123/5 2613/313/5
f 554/304/20 428/95/20 429/95/20
f 2050/338/5 2055/106/5 711/106/5
f 552/102/20 426/95/20 427/95/20
f 3024/173/6 2940/210/6 1596/210/6
f 550/301/20 424/95/20 425/95/20
f 2119/398/5 2245/366/5 901/366/5
f 548/294/20 422/197/20 423/197/20
f 2614/314/6 2530/122/6 1186/122/6
f 546/294/20 420/295/20 421/197/20
f 712/384/6 2056/384/6 2049/329/6
f 544/102/20 418/95/20 419/95/20
f 2941/226/5 3025/173/5 1681/173/5
f 542/102/20 416/288/20 417/288/20
f 902/365/6 2246/365/6 2120/397/6
f 540/100/33 457/141/33 3657/151/33
f 1187/122/5 2531/122/5 2615/312/5
f 538/223/33 459/154/33 458/155/33
f 2048/329/5 2057/353/5 713/353/5
f 536/261/33 461/155/33 460/155/33
f 3026/157/6 2942/226/6 1598/226/6
f 534/223/33 463/277/33 462/155/33
f 2121/397/5 2247/365/5 903/365/5
f 532/274/33 465/155/33 464/159/33
f 2616/328/6 2532/122/6 1188/122/6
f 530/262/33 467/151/33 466/155/33
f 714/353/6 2058/353/6 2047/372/6
f 528/223/33 469/99/33 468/161/33
f 2943/226/5 3027/157/5 1683/157/5
f 526/223/33 471/167/33 470/165/33
f 904/365/6 2248/365/6 2122/396/6
f 524/262/33 473/155/33 472/167/33
f 1189/297/5 2533/297/5 2617/311/5
f 522/223/33 475/260/33 474/169/33
f 2046/329/5 2059/358/5 715/358/5
f 520/223/33 477/155/33 476/155/33
f 3028/137/6 2944/254/6 1600/254/6
f 518/223/33 479/155/33 478/171/33
f 2123/396/5 2249/365/5 905/365/5
f 516/100/33 481/155/33 480/171/33
f 2618/311/6 2534/297/6 1190/297/6
f 514/100/33 483/154/33 482/155/33
f 716/359/6 2060/359/6 2045/329/6
f 512/100/33 485/154/33 484/155/33
f 2945/226/5 3029/157/5 1685/157/5
f 510/98/33 487/154/33 486/155/33
f 906/364/6 2250/364/6 2124/396/6
f 508/236/33 489/141/33 488/141/33
f 1191/297/5 2535/297/5 2619/311/5
f 506/98/33 491/154/33 490/155/33
f 2044/329/5 2061/358/5 717/358/5
f 504/236/33 493/237/33 492/154/33
f 3030/173/6 2946/226/6 1602/226/6
f 502/98/33 495/155/33 494/155/33
f 2125/395/5 2251/364/5 907/364/5
f 500/223/33 497/155/33 496/99/33
f 2620/310/6 2536/275/6 1192/275/6
f 456/215/19 373/140/19 3646/140/19
f 718/358/6 2062/358/6 2043/329/6
f 454/95/19 375/182/19 374/183/19
f 2947/224/5 3031/157/5 1687/157/5
f 452/95/19 377/184/19 376/153/19
f 908/392/6 2252/392/6 2126/395/6
f 450/197/19 379/177/19 378/188/19
f 1193/275/5 2537/275/5 2621/310/5
f 448/189/19 381/153/19 380/190/19
f 2042/333/5 2063/358/5 719/358/5
f 446/163/19 383/153/19 382/181/19
f 3032/173/6 2948/225/6 1604/225/6
f 444/152/19 385/153/19 384/177/19
f 2127/393/5 2253/363/5 909/363/5
f 442/163/19 387/164/19 386/153/19
f 2622/310/6 2538/275/6 1194/275/6
f 440/152/19 389/153/19 388/153/19
f 720/358/6 2064/358/6 2041/333/6
f 438/163/19 391/417/19 390/196/19
f 2949/225/5 3033/157/5 1689/157/5
f 436/197/19 393/153/19 392/153/19
f 910/361/6 2254/361/6 2128/410/6
f 434/95/19 395/418/19 394/198/19
f 1195/123/5 2539/123/5 2623/309/5
f 432/95/19 397/200/19 396/198/19
f 2040/333/5 2065/358/5 721/358/5
f 430/215/19 399/418/19 398/200/19
f 3034/173/6 2950/224/6 1606/224/6
f 428/95/19 401/418/19 400/200/19
f 2129/391/5 2255/361/5 911/361/5
f 426/95/19 403/418/19 402/202/19
f 2624/126/6 2540/275/6 1196/275/6
f 424/95/19 405/204/19 404/203/19
f 722/358/6 2066/358/6 2039/142/6
f 422/197/19 407/204/19 406/204/19
f 2951/224/5 3035/157/5 1691/157/5
f 420/295/19 409/419/19 408/206/19
f 912/363/6 2256/363/6 2130/391/6
f 418/95/19 411/140/19 410/140/19
f 1197/123/5 2541/123/5 2625/126/5
f 416/288/19 413/420/19 412/96/19
f 2038/142/5 2067/353/5 723/353/5
f 1801/141/32 1802/155/32 3059/137/32
f 1803/154/32 1804/155/32 3057/157/32
f 1805/155/32 1806/155/32 3055/157/32
f 1807/277/32 1808/159/32 3053/157/32
f 1810/155/32 3051/160/32 3052/157/32
f 1811/151/32 1812/161/32 3049/162/32
f 1813/99/32 1814/165/32 3047/162/32
f 1815/167/32 1816/167/32 3045/162/32
f 1817/155/32 1818/169/32 3043/166/32
f 1819/260/32 1820/155/32 3041/166/32
f 1821/155/32 1822/171/32 3039/172/32
f 1823/155/32 1824/171/32 3037/174/32
f 1825/155/32 1826/155/32 3035/157/32
f 1827/154/32 1828/155/32 3033/157/32
f 1829/154/32 1830/155/32 3031/157/32
f 1831/154/32 1832/141/32 3029/157/32
f 1833/141/32 1834/155/32 3027/157/32
f 1835/154/32 1836/154/32 3025/173/32
f 1837/237/32 1838/155/32 3023/173/32
f 1839/155/32 1840/99/32 3021/138/32
f 1841/155/32 1842/99/32 3019/138/32
f 1717/140/18 1718/183/18 3017/139/18
f 1720/153/18 3015/185/18 3016/231/18
f 1721/184/18 1722/188/18 3013/180/18
f 1723/177/18 1724/190/18 3011/191/18
f 1725/153/18 1726/181/18 3009/136/18
f 1727/153/18 1728/177/18 3007/192/18
f 1729/153/18 1730/153/18 3005/191/18
f 1731/164/18 1732/153/18 3003/194/18
f 1733/153/18 1734/196/18 3001/191/18
f 1735/417/18 1736/153/18 2999/191/18
f 1737/153/18 1738/198/18 2997/199/18
f 1739/418/18 1740/198/18 2995/199/18
f 1741/200/18 1742/200/18 2993/180/18
f 1743/418/18 1744/200/18 2991/180/18
f 1745/418/18 1746/202/18 2989/180/18
f 1747/418/18 1748/203/18 2987/180/18
f 1749/204/18 1750/204/18 2985/180/18
f 1751/204/18 1752/206/18 2983/180/18
f 1753/419/18 1754/140/18 2981/180/18
f 1755/140/18 1756/96/18 2979/136/18
f 1757/420/18 1758/96/18 2977/136/18
f 3059/137/31 2975/209/31 2976/134/31
f 3057/157/31 2973/210/31 2974/134/31
f 3055/157/31 2971/211/31 2972/210/31
f 3053/157/31 2969/212/31 2970/212/31
f 3051/160/31 2967/134/31 2968/212/31
f 3049/162/31 2965/212/31 2966/134/31
f 3047/162/31 2963/211/31 2964/212/31
f 3045/162/31 2961/211/31 2962/211/31
f 3043/166/31 2959/210/31 2960/211/31
f 3041/166/31 2957/218/31 2958/210/31
f 3039/172/31 2955/218/31 2956/218/31
f 3037/174/31 2953/222/31 2954/218/31
f 3035/157/31 2951/224/31 2952/222/31
f 3033/157/31 2949/225/31 2950/224/31
f 3031/157/31 2947/224/31 2948/225/31
f 3029/157/31 2945/226/31 2946/226/31
f 3027/157/31 2943/226/31 2944/254/31
f 3025/173/31 2941/226/31 2942/226/31
f 3023/173/31 2939/210/31 2940/210/31
f 3021/138/31 2937/212/31 2938/210/31
f 3019/138/31 2935/134/31 2936/256/31
f 3017/139/17 2933/232/17 2934/133/17
f 3015/185/17 2931/233/17 2932/133/17
f 3013/180/17 2929/235/17 2930/235/17
f 3012/139/17 3011/191/17 2927/238/17
f 3010/191/17 3009/136/17 2925/239/17
f 3008/191/17 3007/192/17 2923/133/17
f 3006/135/17 3005/191/17 2921/233/17
f 3004/180/17 3003/194/17 2919/235/17
f 3002/192/17 3001/191/17 2917/235/17
f 3000/194/17 2999/191/17 2915/242/17
f 2998/191/17 2997/199/17 2913/242/17
f 2996/199/17 2995/199/17 2911/244/17
f 2994/192/17 2993/180/17 2909/242/17
f 2992/192/17 2991/180/17 2907/245/17
f 2990/201/17 2989/180/17 2905/242/17
f 2988/136/17 2987/180/17 2903/245/17
f 2986/201/17 2985/180/17 2901/235/17
f 2984/191/17 2983/180/17 2899/235/17
f 2981/180/17 2897/235/17 2898/235/17
f 2980/191/17 2979/136/17 2895/239/17
f 2977/136/17 2893/133/17 2894/232/17
f 2975/209/30 2891/248/30 2892/131/30
f 2973/210/30 2889/249/30 2890/249/30
f 2971/211/30 2887/131/30 2888/131/30
f 2969/212/30 2885/248/30 2886/248/30
f 2967/134/30 2883/227/30 2884/227/30
f 2965/212/30 2881/219/30 2882/219/30
f 2963/211/30 2879/132/30 2880/219/30
f 2961/211/30 2877/132/30 2878/132/30
f 2959/210/30 2875/132/30 2876/219/30
f 2957/218/30 2873/219/30 2874/219/30
f 2955/218/30 2871/248/30 2872/219/30
f 2953/222/30 2869/248/30 2870/248/30
f 2951/224/30 2867/131/30 2868/131/30
f 2949/225/30 2865/132/30 2866/131/30
f 2947/224/30 2863/132/30 2864/132/30
f 2945/226/30 2861/219/30 2862/219/30
f 2943/226/30 2859/219/30 2860/227/30
f 2941/226/30 2857/219/30 2858/219/30
f 2939/210/30 2855/219/30 2856/227/30
f 2937/212/30 2853/213/30 2854/219/30
f 2935/134/30 2851/132/30 2852/213/30
f 2933/232/16 2849/176/16 2850/130/16
f 2931/233/16 2847/176/16 2848/176/16
f 2929/235/16 2845/176/16 2846/176/16
f 2927/238/16 2843/176/16 2844/176/16
f 2925/239/16 2841/176/16 2842/176/16
f 2923/133/16 2839/130/16 2840/130/16
f 2921/233/16 2837/129/16 2838/130/16
f 2919/235/16 2835/129/16 2836/129/16
f 2917/235/16 2833/259/16 2834/129/16
f 2915/242/16 2831/259/16 2832/259/16
f 2913/242/16 2829/259/16 2830/259/16
f 2911/244/16 2827/259/16 2828/259/16
f 2909/242/16 2825/259/16 2826/259/16
f 2907/245/16 2823/130/16 2824/129/16
f 2905/242/16 2821/129/16 2822/129/16
f 2903/245/16 2819/129/16 2820/129/16
f 2901/235/16 2817/129/16 2818/129/16
f 2899/235/16 2815/129/16 2816/129/16
f 2897/235/16 2813/130/16 2814/130/16
f 2895/239/16 2811/176/16 2812/130/16
f 2893/133/16 2809/130/16 2810/176/16
f 2891/248/29 2807/263/29 2808/128/29
f 2889/249/29 2805/128/29 2806/128/29
f 2887/131/29 2803/128/29 2804/128/29
f 2885/248/29 2801/265/29 2802/150/29
f 2883/227/29 2799/266/29 2800/270/29
f 2881/219/29 2797/150/29 2798/269/29
f 2879/132/29 2795/128/29 2796/150/29
f 2877/132/29 2793/128/29 2794/128/29
f 2875/132/29 2791/216/29 2792/128/29
f 2873/219/29 2789/241/29 2790/241/29
f 2871/248/29 2787/220/29 2788/241/29
f 2869/248/29 2785/220/29 2786/220/29
f 2867/131/29 2783/251/29 2784/252/29
f 2865/132/29 2781/247/29 2782/246/29
f 2863/132/29 2779/246/29 2780/247/29
f 2861/219/29 2777/220/29 2778/220/29
f 2859/219/29 2775/228/29 2776/241/29
f 2857/219/29 2773/228/29 2774/228/29
f 2855/219/29 2771/220/29 2772/228/29
f 2853/213/29 2769/216/29 2770/220/29
f 2851/132/29 2767/128/29 2768/128/29
f 2849/176/15 2765/170/15 2766/156/15
f 2847/176/15 2763/156/15 2764/156/15
f 2845/176/15 2761/170/15 2762/170/15
f 2843/176/15 2759/178/15 2760/170/15
f 2841/176/15 2757/175/15 2758/178/15
f 2839/130/15 2755/156/15 2756/170/15
f 2837/129/15 2753/156/15 2754/156/15
f 2835/129/15 2751/170/15 2752/170/15
f 2833/259/15 2749/170/15 2750/170/15
f 2831/259/15 2747/170/15 2748/170/15
f 2829/259/15 2745/170/15 2746/170/15
f 2827/259/15 2743/178/15 2744/178/15
f 2825/259/15 2741/170/15 2742/170/15
f 2823/130/15 2739/178/15 2740/178/15
f 2821/129/15 2737/279/15 2738/281/15
f 2819/129/15 2735/280/15 2736/280/15
f 2817/129/15 2733/281/15 2734/302/15
f 2815/129/15 2731/281/15 2732/281/15
f 2813/130/15 2729/170/15 2730/170/15
f 2811/176/15 2727/170/15 2728/170/15
f 2809/130/15 2725/93/15 2726/170/15
f 2807/263/28 2723/127/28 2724/127/28
f 2805/128/28 2721/127/28 2722/127/28
f 2803/128/28 2719/127/28 2720/127/28
f 2801/265/28 2717/283/28 2718/283/28
f 2799/266/28 2715/284/28 2716/284/28
f 2797/150/28 2713/284/28 2714/284/28
f 2795/128/28 2711/285/28 2712/285/28
f 2793/128/28 2709/285/28 2710/285/28
f 2791/216/28 2707/284/28 2708/285/28
f 2789/241/28 2705/283/28 2706/284/28
f 2787/220/28 2703/127/28 2704/283/28
f 2785/220/28 2701/127/28 2702/127/28
f 2783/251/28 2699/289/28 2700/127/28
f 2781/247/28 2697/127/28 2698/127/28
f 2779/246/28 2695/127/28 2696/127/28
f 2777/220/28 2693/127/28 2694/127/28
f 2775/228/28 2691/283/28 2692/283/28
f 2773/228/28 2689/283/28 2690/283/28
f 2771/220/28 2687/127/28 2688/283/28
f 2769/216/28 2685/127/28 2686/127/28
f 2767/128/28 2683/127/28 2684/127/28
f 2765/170/14 2681/291/14 2682/290/14
f 2763/156/14 2679/292/14 2680/292/14
f 2761/170/14 2677/291/14 2678/291/14
f 2759/178/14 2675/292/14 2676/291/14
f 2757/175/14 2673/296/14 2674/291/14
f 2755/156/14 2671/291/14 2672/292/14
f 2753/156/14 2669/292/14 2670/291/14
f 2751/170/14 2667/291/14 2668/291/14
f 2749/170/14 2665/299/14 2666/291/14
f 2747/170/14 2663/299/14 2664/290/14
f 2745/170/14 2661/299/14 2662/299/14
f 2743/178/14 2659/299/14 2660/299/14
f 2741/170/14 2657/300/14 2658/300/14
f 2739/178/14 2655/290/14 2656/300/14
f 2737/279/14 2653/300/14 2654/94/14
f 2735/280/14 2651/300/14 2652/300/14
f 2733/281/14 2649/300/14 2650/94/14
f 2731/281/14 2647/300/14 2648/300/14
f 2729/170/14 2645/300/14 2646/300/14
f 2727/170/14 2643/290/14 2644/300/14
f 2725/93/14 2641/94/14 2642/290/14
f 2723/127/27 2639/303/27 2640/126/27
f 2721/127/27 2637/126/27 2638/126/27
f 2719/127/27 2635/126/27 2636/126/27
f 2717/283/27 2633/305/27 2634/308/27
f 2715/284/27 2631/306/27 2632/305/27
f 2713/284/27 2629/308/27 2630/308/27
f 2711/285/27 2627/126/27 2628/308/27
f 2709/285/27 2625/126/27 2626/126/27
f 2707/284/27 2623/309/27 2624/126/27
f 2705/283/27 2621/310/27 2622/310/27
f 2703/127/27 2619/311/27 2620/310/27
f 2701/127/27 2617/311/27 2618/311/27
f 2699/289/27 2615/312/27 2616/328/27
f 2697/127/27 2613/313/27 2614/314/27
f 2695/127/27 2611/314/27 2612/313/27
f 2693/127/27 2609/311/27 2610/311/27
f 2691/283/27 2607/316/27 2608/310/27
f 2689/283/27 2605/316/27 2606/316/27
f 2687/127/27 2603/311/27 2604/316/27
f 2685/127/27 2601/309/27 2602/311/27
f 2683/127/27 2599/126/27 2600/126/27
f 2681/291/13 2597/318/13 2598/124/13
f 2679/292/13 2595/124/13 2596/124/13
f 2677/291/13 2593/124/13 2594/124/13
f 2675/292/13 2591/319/13 2592/325/13
f 2673/296/13 2589/319/13 2590/320/13
f 2671/291/13 2587/320/13 2588/325/13
f 2669/292/13 2585/319/13 2586/320/13
f 2667/291/13 2583/319/13 2584/319/13
f 2665/299/13 2581/321/13 2582/321/13
f 2663/299/13 2579/321/13 2580/322/13
f 2661/299/13 2577/321/13 2578/321/13
f 2659/299/13 2575/322/13 2576/322/13
f 2657/300/13 2573/318/13 2574/341/13
f 2655/290/13 2571/323/13 2572/321/13
f 2653/300/13 2569/321/13 2570/323/13
f 2651/300/13 2567/321/13 2568/321/13
f 2649/300/13 2565/319/13 2566/323/13
f 2647/300/13 2563/325/13 2564/319/13
f 2645/300/13 2561/325/13 2562/325/13
f 2643/290/13 2559/318/13 2560/318/13
f 2641/94/13 2557/125/13 2558/318/13
f 2639/303/26 2555/297/26 2556/122/26
f 2637/126/26 2553/326/26 2554/326/26
f 2635/126/26 2551/122/26 2552/122/26
f 2633/305/26 2549/297/26 2550/297/26
f 2631/306/26 2547/276/26 2548/276/26
f 2629/308/26 2545/275/26 2546/122/26
f 2627/126/26 2543/123/26 2544/275/26
f 2625/126/26 2541/123/26 2542/123/26
f 2623/309/26 2539/123/26 2540/275/26
f 2621/310/26 2537/275/26 2538/275/26
f 2619/311/26 2535/297/26 2536/275/26
f 2617/311/26 2533/297/26 2534/297/26
f 2615/312/26 2531/122/26 2532/122/26
f 2613/313/26 2529/123/26 2530/122/26
f 2611/314/26 2527/123/26 2528/123/26
f 2609/311/26 2525/275/26 2526/275/26
f 2607/316/26 2523/275/26 2524/276/26
f 2605/316/26 2521/275/26 2522/275/26
f 2603/311/26 2519/275/26 2520/276/26
f 2601/309/26 2517/271/26 2518/275/26
f 2599/126/26 2515/123/26 2516/271/26
f 2011/333/40 2012/329/40 2513/268/40
f 2014/332/40 2511/253/40 2512/267/40
f 2015/329/40 2016/333/40 2509/250/40
f 2017/412/40 2018/142/40 2507/258/40
f 2020/334/40 2505/257/40 2506/258/40
f 2021/333/40 2022/335/40 2503/120/40
f 2023/142/40 2024/142/40 2501/253/40
f 2025/333/40 2026/142/40 2499/186/40
f 2027/334/40 2028/336/40 2497/250/40
f 2029/403/40 2030/336/40 2495/186/40
f 2031/336/40 2032/337/40 2493/243/40
f 2033/142/40 2034/337/40 2491/240/40
f 2035/336/40 2036/142/40 2489/217/40
f 2037/142/40 2038/142/40 2487/205/40
f 2039/142/40 2040/333/40 2485/217/40
f 2041/333/40 2042/333/40 2483/205/40
f 2043/329/40 2044/329/40 2481/205/40
f 2045/329/40 2046/329/40 2479/186/40
f 2047/372/40 2048/329/40 2477/186/40
f 2049/329/40 2050/338/40 2475/121/40
f 2051/329/40 2052/107/40 2473/121/40
f 2597/318/12 2471/147/12 2472/119/12
f 2595/124/12 2469/119/12 2470/119/12
f 2593/124/12 2467/147/12 2468/147/12
f 2591/319/12 2465/339/12 2466/339/12
f 2589/319/12 2463/119/12 2464/339/12
f 2587/320/12 2461/119/12 2462/119/12
f 2585/319/12 2459/119/12 2460/119/12
f 2583/319/12 2457/340/12 2458/119/12
f 2581/321/12 2455/340/12 2456/340/12
f 2579/321/12 2453/119/12 2454/119/12
f 2577/321/12 2451/119/12 2452/119/12
f 2575/322/12 2449/147/12 2450/147/12
f 2573/318/12 2447/340/12 2448/119/12
f 2571/323/12 2445/119/12 2446/340/12
f 2569/321/12 2443/119/12 2444/119/12
f 2567/321/12 2441/147/12 2442/147/12
f 2565/319/12 2439/119/12 2440/147/12
f 2563/325/12 2437/119/12 2438/119/12
f 2561/325/12 2435/119/12 2436/119/12
f 2559/318/12 2433/147/12 2434/119/12
f 2557/125/12 2431/119/12 2432/147/12
f 2555/297/25 2429/327/25 2430/118/25
f 2553/326/25 2427/146/25 2428/118/25
f 2551/122/25 2425/307/25 2426/146/25
f 2549/297/25 2423/273/25 2424/273/25
f 2547/276/25 2421/118/25 2422/273/25
f 2545/275/25 2419/273/25 2420/282/25
f 2543/123/25 2417/307/25 2418/273/25
f 2541/123/25 2415/307/25 2416/307/25
f 2539/123/25 2413/146/25 2414/307/25
f 2537/275/25 2411/298/25 2412/146/25
f 2535/297/25 2409/298/25 2410/298/25
f 2533/297/25 2407/293/25 2408/298/25
f 2531/122/25 2405/286/25 2406/293/25
f 2529/123/25 2403/287/25 2404/286/25
f 2527/123/25 2401/286/25 2402/287/25
f 2525/275/25 2399/278/25 2400/278/25
f 2523/275/25 2397/278/25 2398/282/25
f 2521/275/25 2395/278/25 2396/278/25
f 2519/275/25 2393/146/25 2394/146/25
f 2517/271/25 2391/273/25 2392/146/25
f 2515/123/25 2389/118/25 2390/272/25
f 2513/268/38 2387/116/38 2388/116/38
f 2511/253/38 2385/264/38 2386/264/38
f 2509/250/38 2383/116/38 2384/116/38
f 2507/258/38 2381/230/38 2382/116/38
f 2505/257/38 2379/117/38 2380/117/38
f 2503/120/38 2377/117/38 2378/187/38
f 2501/253/38 2375/187/38 2376/117/38
f 2499/186/38 2373/117/38 2374/117/38
f 2497/250/38 2371/187/38 2372/117/38
f 2495/186/38 2369/187/38 2370/117/38
f 2493/243/38 2367/230/38 2368/187/38
f 2491/240/38 2365/230/38 2366/230/38
f 2489/217/38 2363/230/38 2364/230/38
f 2487/205/38 2361/117/38 2362/230/38
f 2485/217/38 2359/187/38 2360/117/38
f 2483/205/38 2357/187/38 2358/187/38
f 2481/205/38 2355/187/38 2356/117/38
f 2479/186/38 2353/187/38 2354/187/38
f 2477/186/38 2351/187/38 2352/187/38
f 2475/121/38 2349/179/38 2350/187/38
f 2473/121/38 2347/117/38 2348/179/38
f 2471/147/11 2345/168/11 2346/114/11
f 2469/119/11 2343/114/11 2344/114/11
f 2467/147/11 2341/114/11 2342/114/11
f 2465/339/11 2339/346/11 2340/352/11
f 2463/119/11 2337/347/11 2338/346/11
f 2461/119/11 2335/347/11 2336/346/11
f 2459/119/11 2333/346/11 2334/347/11
f 2457/340/11 2331/346/11 2332/346/11
f 2455/340/11 2329/348/11 2330/348/11
f 2453/119/11 2327/348/11 2328/349/11
f 2451/119/11 2325/348/11 2326/348/11
f 2449/147/11 2323/349/11 2324/349/11
f 2447/340/11 2321/168/11 2322/378/11
f 2445/119/11 2319/350/11 2320/348/11
f 2443/119/11 2317/348/11 2318/350/11
f 2441/147/11 2315/348/11 2316/348/11
f 2439/119/11 2313/346/11 2314/350/11
f 2437/119/11 2311/352/11 2312/346/11
f 2435/119/11 2309/352/11 2310/352/11
f 2433/147/11 2307/168/11 2308/168/11
f 2431/119/11 2305/115/11 2306/168/11
f 2429/327/24 2303/113/24 2304/113/24
f 2427/146/24 2301/355/24 2302/355/24
f 2425/307/24 2299/355/24 2300/355/24
f 2423/273/24 2297/355/24 2298/355/24
f 2421/118/24 2295/356/24 2296/113/24
f 2419/273/24 2293/357/24 2294/381/24
f 2417/307/24 2291/357/24 2292/357/24
f 2415/307/24 2289/357/24 2290/357/24
f 2413/146/24 2287/357/24 2288/357/24
f 2411/298/24 2285/357/24 2286/357/24
f 2409/298/24 2283/357/24 2284/357/24
f 2407/293/24 2281/356/24 2282/356/24
f 2405/286/24 2279/356/24 2280/356/24
f 2403/287/24 2277/356/24 2278/356/24
f 2401/286/24 2275/356/24 2276/356/24
f 2399/278/24 2273/356/24 2274/356/24
f 2397/278/24 2271/355/24 2272/355/24
f 2395/278/24 2269/355/24 2270/355/24
f 2393/146/24 2267/355/24 2268/355/24
f 2391/273/24 2265/113/24 2266/355/24
f 2389/118/24 2263/113/24 2264/113/24
f 2387/116/37 2261/360/37 2262/112/37
f 2385/264/37 2259/112/37 2260/112/37
f 2383/116/37 2257/112/37 2258/112/37
f 2381/230/37 2255/361/37 2256/363/37
f 2379/117/37 2253/363/37 2254/361/37
f 2377/117/37 2251/364/37 2252/392/37
f 2375/187/37 2249/365/37 2250/364/37
f 2373/117/37 2247/365/37 2248/365/37
f 2371/187/37 2245/366/37 2246/365/37
f 2369/187/37 2243/366/37 2244/366/37
f 2367/230/37 2241/367/37 2242/366/37
f 2365/230/37 2239/367/37 2240/367/37
f 2363/230/37 2237/368/37 2238/368/37
f 2361/117/37 2235/369/37 2236/367/37
f 2359/187/37 2233/367/37 2234/369/37
f 2357/187/37 2231/367/37 2232/367/37
f 2355/187/37 2229/367/37 2230/369/37
f 2353/187/37 2227/370/37 2228/367/37
f 2351/187/37 2225/370/37 2226/370/37
f 2349/179/37 2223/373/37 2224/370/37
f 2347/117/37 2221/112/37 2222/360/37
f 2345/168/10 2219/374/10 2220/371/10
f 2343/114/10 2217/375/10 2218/375/10
f 2341/114/10 2215/374/10 2216/374/10
f 2339/346/10 2213/375/10 2214/374/10
f 2337/347/10 2211/376/10 2212/374/10
f 2335/347/10 2209/374/10 2210/375/10
f 2333/346/10 2207/375/10 2208/374/10
f 2331/346/10 2205/374/10 2206/374/10
f 2329/348/10 2203/377/10 2204/374/10
f 2327/348/10 2201/377/10 2202/371/10
f 2325/348/10 2199/377/10 2200/377/10
f 2323/349/10 2197/377/10 2198/377/10
f 2321/168/10 2195/354/10 2196/354/10
f 2319/350/10 2193/371/10 2194/354/10
f 2317/348/10 2191/354/10 2192/111/10
f 2315/348/10 2189/354/10 2190/354/10
f 2313/346/10 2187/354/10 2188/111/10
f 2311/352/10 2185/354/10 2186/354/10
f 2309/352/10 2183/354/10 2184/354/10
f 2307/168/10 2181/371/10 2182/354/10
f 2305/115/10 2179/111/10 2180/371/10
f 2303/113/23 2177/379/23 2178/379/23
f 2301/355/23 2175/379/23 2176/379/23
f 2299/355/23 2173/380/23 2174/379/23
f 2297/355/23 2171/380/23 2172/380/23
f 2295/356/23 2169/110/23 2170/380/23
f 2293/357/23 2167/380/23 2168/387/23
f 2291/357/23 2165/380/23 2166/380/23
f 2289/357/23 2163/380/23 2164/380/23
f 2287/357/23 2161/379/23 2162/380/23
f 2285/357/23 2159/379/23 2160/379/23
f 2283/357/23 2157/379/23 2158/379/23
f 2281/356/23 2155/383/23 2156/379/23
f 2279/356/23 2153/385/23 2154/383/23
f 2277/356/23 2151/385/23 2152/385/23
f 2275/356/23 2149/386/23 2150/408/23
f 2273/356/23 2147/387/23 2148/387/23
f 2271/355/23 2145/388/23 2146/388/23
f 2269/355/23 2143/388/23 2144/388/23
f 2267/355/23 2141/379/23 2142/379/23
f 2265/113/23 2139/380/23 2140/379/23
f 2263/113/23 2137/110/23 2138/380/23
f 2261/360/36 2135/390/36 2136/109/36
f 2259/112/36 2133/109/36 2134/109/36
f 2257/112/36 2131/390/36 2132/390/36
f 2255/361/36 2129/391/36 2130/391/36
f 2253/363/36 2127/393/36 2128/410/36
f 2251/364/36 2125/395/36 2126/395/36
f 2249/365/36 2123/396/36 2124/396/36
f 2247/365/36 2121/397/36 2122/396/36
f 2245/366/36 2119/398/36 2120/397/36
f 2243/366/36 2117/399/36 2118/395/36
f 2241/367/36 2115/109/36 2116/399/36
f 2239/367/36 2113/390/36 2114/390/36
f 2237/368/36 2111/401/36 2112/109/36
f 2235/369/36 2109/109/36 2110/411/36
f 2233/367/36 2107/109/36 2108/109/36
f 2231/367/36 2105/390/36 2106/390/36
f 2229/367/36 2103/399/36 2104/413/36
f 2227/370/36 2101/399/36 2102/399/36
f 2225/370/36 2099/109/36 2100/399/36
f 2223/373/36 2097/390/36 2098/109/36
f 2221/112/36 2095/109/36 2096/390/36
f 2219/374/9 2093/353/9 2094/409/9
f 2217/375/9 2091/384/9 2092/384/9
f 2215/374/9 2089/353/9 2090/384/9
f 2213/375/9 2087/353/9 2088/384/9
f 2211/376/9 2085/358/9 2086/353/9
f 2209/374/9 2083/384/9 2084/402/9
f 2207/375/9 2081/400/9 2082/400/9
f 2205/374/9 2079/353/9 2080/384/9
f 2203/377/9 2077/353/9 2078/353/9
f 2201/377/9 2075/353/9 2076/384/9
f 2199/377/9 2073/353/9 2074/353/9
f 2197/377/9 2071/353/9 2072/353/9
f 2195/354/9 2069/353/9 2070/353/9
f 2193/371/9 2067/353/9 2068/353/9
f 2191/354/9 2065/358/9 2066/358/9
f 2189/354/9 2063/358/9 2064/358/9
f 2187/354/9 2061/358/9 2062/358/9
f 2185/354/9 2059/358/9 2060/359/9
f 2183/354/9 2057/353/9 2058/353/9
f 2181/371/9 2055/106/9 2056/384/9
f 2179/111/9 2053/108/9 2054/384/9
f 2177/379/22 2009/405/22 2010/404/22
f 2175/379/22 2007/406/22 2008/406/22
f 2173/380/22 2005/406/22 2006/406/22
f 2171/380/22 2003/405/22 2004/405/22
f 2169/110/22 2001/407/22 2002/414/22
f 2167/380/22 1999/405/22 2000/404/22
f 2165/380/22 1997/406/22 1998/405/22
f 2163/380/22 1995/406/22 1996/406/22
f 2161/379/22 1993/404/22 1994/405/22
f 2159/379/22 1991/382/22 1992/382/22
f 2157/379/22 1989/382/22 1990/382/22
f 2155/383/22 1987/382/22 1988/382/22
f 2153/385/22 1985/105/22 1986/105/22
f 2151/385/22 1983/404/22 1984/105/22
f 2149/386/22 1981/105/22 1982/105/22
f 2147/387/22 1979/389/22 1980/389/22
f 2145/388/22 1977/389/22 1978/394/22
f 2143/388/22 1975/389/22 1976/389/22
f 2141/379/22 1973/389/22 1974/394/22
f 2139/380/22 1971/382/22 1972/389/22
f 2137/110/22 1969/105/22 1970/382/22
f 2135/390/35 1967/343/35 1968/103/35
f 2133/109/35 1965/103/35 1966/103/35
f 2131/390/35 1963/103/35 1964/103/35
f 2129/391/35 1961/342/35 1962/103/35
f 2127/393/35 1959/103/35 1960/342/35
f 2125/395/35 1957/103/35 1958/362/35
f 2123/396/35 1955/103/35 1956/103/35
f 2121/397/35 1953/103/35 1954/103/35
f 2119/398/35 1951/104/35 1952/104/35
f 2117/399/35 1949/343/35 1950/351/35
f 2115/109/35 1947/104/35 1948/343/35
f 2113/390/35 1945/345/35 1946/345/35
f 2111/401/35 1943/344/35 1944/345/35
f 2109/109/35 1941/344/35 1942/344/35
f 2107/109/35 1939/344/35 1940/344/35
f 2105/390/35 1937/104/35 1938/104/35
f 2103/399/35 1935/342/35 1936/343/35
f 2101/399/35 1933/342/35 1934/342/35
f 2099/109/35 1931/103/35 1932/342/35
f 2097/390/35 1929/104/35 1930/104/35
f 2095/109/35 1927/104/35 1928/104/35
f 2093/353/8 2012/329/8 2011/333/8
f 2091/384/8 2014/332/8 2013/329/8
f 2089/353/8 2016/333/8 2015/329/8
f 2087/353/8 2018/142/8 2017/412/8
f 2085/358/8 2020/334/8 2019/333/8
f 2083/384/8 2022/335/8 2021/333/8
f 2081/400/8 2024/142/8 2023/142/8
f 2079/353/8 2026/142/8 2025/333/8
f 2077/353/8 2028/336/8 2027/334/8
f 2075/353/8 2030/336/8 2029/403/8
f 2073/353/8 2032/337/8 2031/336/8
f 2071/353/8 2034/337/8 2033/142/8
f 2069/353/8 2036/142/8 2035/336/8
f 2067/353/8 2038/142/8 2037/142/8
f 2065/358/8 2040/333/8 2039/142/8
f 2063/358/8 2042/333/8 2041/333/8
f 2061/358/8 2044/329/8 2043/329/8
f 2059/358/8 2046/329/8 2045/329/8
f 2057/353/8 2048/329/8 2047/372/8
f 2055/106/8 2050/338/8 2049/329/8
f 2053/108/8 2052/107/8 2051/329/8
f 2009/405/21 1925/301/21 1926/101/21
f 2007/406/21 1923/101/21 1924/101/21
f 2005/406/21 1921/101/21 1922/101/21
f 2003/405/21 1919/294/21 1920/101/21
f 2001/407/21 1917/331/21 1918/294/21
f 1999/405/21 1915/101/21 1916/101/21
f 1997/406/21 1913/101/21 1914/101/21
f 1995/406/21 1911/101/21 1912/101/21
f 1993/404/21 1909/102/21 1910/102/21
f 1991/382/21 1907/301/21 1908/324/21
f 1989/382/21 1905/102/21 1906/301/21
f 1987/382/21 1903/317/21 1904/317/21
f 1985/105/21 1901/304/21 1902/317/21
f 1983/404/21 1899/304/21 1900/304/21
f 1981/105/21 1897/304/21 1898/304/21
f 1979/389/21 1895/102/21 1896/102/21
f 1977/389/21 1893/294/21 1894/301/21
f 1975/389/21 1891/294/21 1892/294/21
f 1973/389/21 1889/101/21 1890/294/21
f 1971/382/21 1887/102/21 1888/102/21
f 1969/105/21 1885/102/21 1886/102/21
f 1967/343/34 1883/223/34 1884/100/34
f 1965/103/34 1881/262/34 1882/223/34
f 1963/103/34 1879/262/34 1880/261/34
f 1961/342/34 1877/262/34 1878/223/34
f 1959/103/34 1875/274/34 1876/274/34
f 1957/103/34 1873/223/34 1874/262/34
f 1955/103/34 1871/261/34 1872/223/34
f 1953/103/34 1869/261/34 1870/223/34
f 1951/104/34 1867/261/34 1868/262/34
f 1949/343/34 1865/223/34 1866/223/34
f 1947/104/34 1863/223/34 1864/223/34
f 1945/345/34 1861/223/34 1862/223/34
f 1943/344/34 1859/98/34 1860/100/34
f 1941/344/34 1857/223/34 1858/100/34
f 1939/344/34 1855/98/34 1856/100/34
f 1937/104/34 1853/98/34 1854/98/34
f 1935/342/34 1851/98/34 1852/236/34
f 1933/342/34 1849/98/34 1850/98/34
f 1931/103/34 1847/98/34 1848/236/34
f 1929/104/34 1845/223/34 1846/98/34
f 1927/104/34 1843/100/34 1844/223/34
f 1925/301/20 1799/95/20 1800/215/20
f 1923/101/20 1797/95/20 1798/95/20
f 1921/101/20 1795/95/20 1796/95/20
f 1919/294/20 1793/193/20 1794/197/20
f 1917/331/20 1791/163/20 1792/189/20
f 1915/101/20 1789/163/20 1790/163/20
f 1913/101/20 1787/152/20 1788/152/20
f 1911/101/20 1785/152/20 1786/163/20
f 1909/102/20 1783/152/20 1784/152/20
f 1907/301/20 1781/295/20 1782/163/20
f 1905/102/20 1779/215/20 1780/197/20
f 1903/317/20 1777/95/20 1778/95/20
f 1901/304/20 1775/315/20 1776/95/20
f 1899/304/20 1773/95/20 1774/215/20
f 1897/304/20 1771/95/20 1772/95/20
f 1895/102/20 1769/95/20 1770/95/20
f 1893/294/20 1767/197/20 1768/95/20
f 1891/294/20 1765/197/20 1766/197/20
f 1889/101/20 1763/95/20 1764/295/20
f 1887/102/20 1761/288/20 1762/95/20
f 1885/102/20 1759/97/20 1760/288/20
f 1883/223/33 1802/155/33 1801/141/33
f 1882/223/33 1881/262/33 1804/155/33
f 1879/262/33 1806/155/33 1805/155/33
f 1877/262/33 1808/159/33 1807/277/33
f 1875/274/33 1810/155/33 1809/155/33
f 1873/223/33 1812/161/33 1811/151/33
f 1871/261/33 1814/165/33 1813/99/33
f 1869/261/33 1816/167/33 1815/167/33
f 1867/261/33 1818/169/33 1817/155/33
f 1865/223/33 1820/155/33 1819/260/33
f 1863/223/33 1822/171/33 1821/155/33
f 1861/223/33 1824/171/33 1823/155/33
f 1859/98/33 1826/155/33 1825/155/33
f 1857/223/33 1828/155/33 1827/154/33
f 1855/98/33 1830/155/33 1829/154/33
f 1853/98/33 1832/141/33 1831/154/33
f 1851/98/33 1834/155/33 1833/141/33
f 1849/98/33 1836/154/33 1835/154/33
f 1847/98/33 1838/155/33 1837/237/33
f 1845/223/33 1840/99/33 1839/155/33
f 1843/100/33 1842/99/33 1841/155/33
f 1799/95/19 1718/183/19 1717/140/19
f 1797/95/19 1720/153/19 1719/182/19
f 1795/95/19 1722/188/19 1721/184/19
f 1793/193/19 1724/190/19 1723/177/19
f 1791/163/19 1726/181/19 1725/153/19
f 1789/163/19 1728/177/19 1727/153/19
f 1787/152/19 1730/153/19 1729/153/19
f 1785/152/19 1732/153/19 1731/164/19
f 1783/152/19 1734/196/19 1733/153/19
f 1781/295/19 1736/153/19 1735/417/19
f 1779/215/19 1738/198/19 1737/153/19
f 1777/95/19 1740/198/19 1739/418/19
f 1775/315/19 1742/200/19 1741/200/19
f 1773/95/19 1744/200/19 1743/418/19
f 1771/95/19 1746/202/19 1745/418/19
f 1769/95/19 1748/203/19 1747/418/19
f 1767/197/19 1750/204/19 1749/204/19
f 1765/197/19 1752/206/19 1751/204/19
f 1763/95/19 1754/140/19 1753/419/19
f 1761/288/19 1756/96/19 1755/140/19
f 1759/97/19 1758/96/19 1757/420/19
f 2468/147/6 2342/114/6 998/114/6
f 2836/129/6 2752/170/6 1408/170/6
f 390/196/5 1734/196/5 1783/152/5
f 2341/114/5 2467/147/5 1123/147/5
f 1407/170/5 2751/170/5 2835/129/5
f 1782/163/6 1735/417/6 391/417/6
f 2466/339/6 2340/352/6 996/352/6
f 2834/129/6 2750/170/6 1406/170/6
f 392/153/5 1736/153/5 1781/295/5
f 2339/346/5 2465/339/5 1121/339/5
f 1405/170/5 2749/170/5 2833/259/5
f 1780/197/6 1737/153/6 393/153/6
f 2464/339/6 2338/346/6 994/346/6
f 2832/259/6 2748/170/6 1404/170/6
f 394/198/5 1738/198/5 1779/215/5
f 2337/347/5 2463/119/5 1119/119/5
f 1403/170/5 2747/170/5 2831/259/5
f 1778/95/6 1739/418/6 395/418/6
f 2462/119/6 2336/346/6 992/346/6
f 2830/259/6 2746/170/6 1402/170/6
f 396/198/5 1740/198/5 1777/95/5
f 2335/347/5 2461/119/5 1117/119/5
f 1401/170/5 2745/170/5 2829/259/5
f 1776/95/6 1741/200/6 397/200/6
f 2460/119/6 2334/347/6 990/347/6
f 2828/259/6 2744/178/6 1400/178/6
f 398/200/5 1742/200/5 1775/315/5
f 2333/346/5 2459/119/5 1115/119/5
f 1399/178/5 2743/178/5 2827/259/5
f 1774/215/6 1743/418/6 399/418/6
f 2458/119/6 2332/346/6 988/346/6
f 2826/259/6 2742/170/6 1398/170/6
f 400/200/5 1744/200/5 1773/95/5
f 2331/346/5 2457/340/5 1113/340/5
f 1397/170/5 2741/170/5 2825/259/5
f 1772/95/6 1745/418/6 401/418/6
f 2456/340/6 2330/348/6 986/348/6
f 2824/129/6 2740/178/6 1396/178/6
f 402/202/5 1746/202/5 1771/95/5
f 2329/348/5 2455/340/5 1111/340/5
f 1395/178/5 2739/178/5 2823/130/5
f 1770/95/6 1747/418/6 403/418/6
f 2454/119/6 2328/349/6 984/349/6
f 2822/129/6 2738/281/6 1394/281/6
f 404/203/5 1748/203/5 1769/95/5
f 2327/348/5 2453/119/5 1109/119/5
f 1393/279/5 2737/279/5 2821/129/5
f 1768/95/6 1749/204/6 405/204/6
f 2452/119/6 2326/348/6 982/348/6
f 2820/129/6 2736/280/6 1392/280/6
f 406/204/5 1750/204/5 1767/197/5
f 2325/348/5 2451/119/5 1107/119/5
f 1391/280/5 2735/280/5 2819/129/5
f 1766/197/6 1751/204/6 407/204/6
f 2450/147/6 2324/349/6 980/349/6
f 2818/129/6 2734/302/6 1390/302/6
f 408/206/5 1752/206/5 1765/197/5
f 2323/349/5 2449/147/5 1105/147/5
f 1389/281/5 2733/281/5 2817/129/5
f 1764/295/6 1753/419/6 409/419/6
f 2448/119/6 2322/378/6 978/378/6
f 2816/129/6 2732/281/6 1388/281/6
f 410/140/5 1754/140/5 1763/95/5
f 2321/168/5 2447/340/5 1103/340/5
f 1387/281/5 2731/281/5 2815/129/5
f 1762/95/6 1755/140/6 411/140/6
f 2446/340/6 2320/348/6 976/348/6
f 2814/130/6 2730/170/6 1386/170/6
f 412/96/5 1756/96/5 1761/288/5
f 2319/350/5 2445/119/5 1101/119/5
f 1385/170/5 2729/170/5 2813/130/5
f 1760/288/6 1757/420/6 413/420/6
f 2444/119/6 2318/350/6 974/350/6
f 2812/130/6 2728/170/6 1384/170/6
f 414/96/5 1758/96/5 1759/97/5
f 2317/348/5 2443/119/5 1099/119/5
f 1383/170/5 2727/170/5 2811/176/5
f 2442/147/6 2316/348/6 972/348/6
f 2810/176/6 2726/170/6 1382/170/6
f 2315/348/5 2441/147/5 1097/147/5
f 1381/93/5 2725/93/5 2809/130/5
f 2440/147/6 2314/350/6 970/350/6
f 1464/128/6 2808/128/6 2724/127/6
f 2313/346/5 2439/119/5 1095/119/5
f 2723/127/5 2807/263/5 1463/263/5
f 2438/119/6 2312/346/6 968/346/6
f 1462/128/6 2806/128/6 2722/127/6
f 2311/352/5 2437/119/5 1093/119/5
f 2721/127/5 2805/128/5 1461/128/5
f 2436/119/6 2310/352/6 966/352/6
f 1460/128/6 2804/128/6 2720/127/6
f 2309/352/5 2435/119/5 1091/119/5
f 2719/127/5 2803/128/5 1459/128/5
f 2434/119/6 2308/168/6 964/168/6
f 1458/150/6 2802/150/6 2718/283/6
f 2307/168/5 2433/147/5 1089/147/5
f 2717/283/5 2801/265/5 1457/265/5
f 2432/147/6 2306/168/6 962/168/6
f 1456/270/6 2800/270/6 2716/284/6
f 2305/115/5 2431/119/5 1087/119/5
f 2715/284/5 2799/266/5 1455/266/5
f 1086/118/6 2430/118/6 2304/113/6
f 1454/269/6 2798/269/6 2714/284/6
f 2303/113/5 2429/327/5 1085/327/5
f 2713/284/5 2797/150/5 1453/150/5
f 1084/118/6 2428/118/6 2302/355/6
f 1452/150/6 2796/150/6 2712/285/6
f 2301/355/5 2427/146/5 1083/146/5
f 2711/285/5 2795/128/5 1451/128/5
f 1082/146/6 2426/146/6 2300/355/6
f 1450/128/6 2794/128/6 2710/285/6
f 2299/355/5 2425/307/5 1081/307/5
f 2709/285/5 2793/128/5 1449/128/5
f 1080/273/6 2424/273/6 2298/355/6
f 1448/128/6 2792/128/6 2708/285/6
f 2297/355/5 2423/273/5 1079/273/5
f 2707/284/5 2791/216/5 1447/216/5
f 1078/273/6 2422/273/6 2296/113/6
f 1446/241/6 2790/241/6 2706/284/6
f 2295/356/5 2421/118/5 1077/118/5
f 2705/283/5 2789/241/5 1445/241/5
f 1076/282/6 2420/282/6 2294/381/6
f 1444/241/6 2788/241/6 2704/283/6
f 2293/357/5 2419/273/5 1075/273/5
f 2703/127/5 2787/220/5 1443/220/5
f 1074/273/6 2418/273/6 2292/357/6
f 1442/220/6 2786/220/6 2702/127/6
f 2291/357/5 2417/307/5 1073/307/5
f 2701/127/5 2785/220/5 1441/220/5
f 1072/307/6 2416/307/6 2290/357/6
f 1440/252/6 2784/252/6 2700/127/6
f 2289/357/5 2415/307/5 1071/307/5
f 2699/289/5 2783/251/5 1439/251/5
f 1070/307/6 2414/307/6 2288/357/6
f 1438/246/6 2782/246/6 2698/127/6
f 2287/357/5 2413/146/5 1069/146/5
f 2697/127/5 2781/247/5 1437/247/5
f 1068/146/6 2412/146/6 2286/357/6
f 1436/247/6 2780/247/6 2696/127/6
f 2285/357/5 2411/298/5 1067/298/5
f 2695/127/5 2779/246/5 1435/246/5
f 1066/298/6 2410/298/6 2284/357/6
f 1434/220/6 2778/220/6 2694/127/6
f 2283/357/5 2409/298/5 1065/298/5
f 2693/127/5 2777/220/5 1433/220/5
f 1064/298/6 2408/298/6 2282/356/6
f 1432/241/6 2776/241/6 2692/283/6
f 2281/356/5 2407/293/5 1063/293/5
f 2691/283/5 2775/228/5 1431/228/5
f 1062/293/6 2406/293/6 2280/356/6
f 1430/228/6 2774/228/6 2690/283/6
f 2279/356/5 2405/286/5 1061/286/5
f 2689/283/5 2773/228/5 1429/228/5
f 1060/286/6 2404/286/6 2278/356/6
f 1428/228/6 2772/228/6 2688/283/6
f 2277/356/5 2403/287/5 1059/287/5
f 2687/127/5 2771/220/5 1427/220/5
f 1058/287/6 2402/287/6 2276/356/6
f 1426/220/6 2770/220/6 2686/127/6
f 2275/356/5 2401/286/5 1057/286/5
f 2685/127/5 2769/216/5 1425/216/5
f 1056/278/6 2400/278/6 2274/356/6
f 1424/128/6 2768/128/6 2684/127/6
f 2273/356/5 2399/278/5 1055/278/5
f 2683/127/5 2767/128/5 1423/128/5
f 1054/282/6 2398/282/6 2272/355/6
f 2766/156/6 2682/290/6 1338/290/6
f 2271/355/5 2397/278/5 1053/278/5
f 1337/291/5 2681/291/5 2765/170/5
f 1052/278/6 2396/278/6 2270/355/6
f 2764/156/6 2680/292/6 1336/292/6
f 2269/355/5 2395/278/5 1051/278/5
f 1335/292/5 2679/292/5 2763/156/5
f 1050/146/6 2394/146/6 2268/355/6
f 2762/170/6 2678/291/6 1334/291/6
f 2267/355/5 2393/146/5 1049/146/5
f 1333/291/5 2677/291/5 2761/170/5
f 1048/146/6 2392/146/6 2266/355/6
f 2760/170/6 2676/291/6 1332/291/6
f 2265/113/5 2391/273/5 1047/273/5
f 1331/292/5 2675/292/5 2759/178/5
f 1046/272/6 2390/272/6 2264/113/6
f 2758/178/6 2674/291/6 1330/291/6
f 2263/113/5 2389/118/5 1045/118/5
f 1329/296/5 2673/296/5 2757/175/5
f 1044/116/6 2388/116/6 2262/112/6
f 2756/170/6 2672/292/6 1328/292/6
f 2261/360/5 2387/116/5 1043/116/5
f 1327/291/5 2671/291/5 2755/156/5
f 1042/264/6 2386/264/6 2260/112/6
f 2754/156/6 2670/291/6 1326/291/6
f 2259/112/5 2385/264/5 1041/264/5
f 1325/292/5 2669/292/5 2753/156/5
f 1040/116/6 2384/116/6 2258/112/6
f 2752/170/6 2668/291/6 1324/291/6
f 2257/112/5 2383/116/5 1039/116/5
f 1323/291/5 2667/291/5 2751/170/5
f 1038/116/6 2382/116/6 2256/363/6
f 2750/170/6 2666/291/6 1322/291/6
f 2255/361/5 2381/230/5 1037/230/5
f 1321/299/5 2665/299/5 2749/170/5
f 1036/117/6 2380/117/6 2254/361/6
f 2748/170/6 2664/290/6 1320/290/6
f 2253/363/5 2379/117/5 1035/117/5
f 1319/299/5 2663/299/5 2747/170/5
f 1034/187/6 2378/187/6 2252/392/6
f 2746/170/6 2662/299/6 1318/299/6
f 2251/364/5 2377/117/5 1033/117/5
f 1317/299/5 2661/299/5 2745/170/5
f 1032/117/6 2376/117/6 2250/364/6
f 2744/178/6 2660/299/6 1316/299/6
f 2249/365/5 2375/187/5 1031/187/5
f 1315/299/5 2659/299/5 2743/178/5
f 1030/117/6 2374/117/6 2248/365/6
f 2742/170/6 2658/300/6 1314/300/6
f 2247/365/5 2373/117/5 1029/117/5
f 1313/300/5 2657/300/5 2741/170/5
f 1028/117/6 2372/117/6 2246/365/6
f 2182/354/6 2056/384/6 712/384/6
f 2740/178/6 2656/300/6 1312/300/6
f 2245/366/5 2371/187/5 1027/187/5
f 711/106/5 2055/106/5 2181/371/5
f 1311/290/5 2655/290/5 2739/178/5
f 1026/117/6 2370/117/6 2244/366/6
f 2180/371/6 2054/384/6 710/384/6
f 2738/281/6 2654/94/6 1310/94/6
f 2243/366/5 2369/187/5 1025/187/5
f 709/108/5 2053/108/5 2179/111/5
f 1309/300/5 2653/300/5 2737/279/5
f 1024/187/6 2368/187/6 2242/366/6
f 2178/379/6 2010/404/6 666/404/6
f 2736/280/6 2652/300/6 1308/300/6
f 2241/367/5 2367/230/5 1023/230/5
f 665/405/5 2009/405/5 2177/379/5
f 1307/300/5 2651/300/5 2735/280/5
f 1022/230/6 2366/230/6 2240/367/6
f 2176/379/6 2008/406/6 664/406/6
f 2734/302/6 2650/94/6 1306/94/6
f 2239/367/5 2365/230/5 1021/230/5
f 457/141/6 1801/141/6 3060/137/6
f 663/406/5 2007/406/5 2175/379/5
f 1305/300/5 2649/300/5 2733/281/5
f 1020/230/6 2364/230/6 2238/368/6
f 3059/137/5 1802/155/5 458/155/5
f 2174/379/6 2006/406/6 662/406/6
f 2732/281/6 2648/300/6 1304/300/6
f 2237/368/5 2363/230/5 1019/230/5
f 1803/154/6 3058/173/6 1714/173/6
f 661/406/5 2005/406/5 2173/380/5
f 1303/300/5 2647/300/5 2731/281/5
f 1018/230/6 2362/230/6 2236/367/6
f 3057/157/5 1804/155/5 460/155/5
f 2172/380/6 2004/405/6 660/405/6
f 2730/170/6 2646/300/6 1302/300/6
f 2235/369/5 2361/117/5 1017/117/5
f 1805/155/6 3056/157/6 1712/157/6
f 659/405/5 2003/405/5 2171/380/5
f 1301/300/5 2645/300/5 2729/170/5
f 1016/117/6 2360/117/6 2234/369/6
f 3055/157/5 1806/155/5 462/155/5
f 2170/380/6 2002/414/6 658/414/6
f 2728/170/6 2644/300/6 1300/300/6
f 2233/367/5 2359/187/5 1015/187/5
f 463/277/6 1807/277/6 3054/158/6
f 657/407/5 2001/407/5 2169/110/5
f 1299/290/5 2643/290/5 2727/170/5
f 1014/187/6 2358/187/6 2232/367/6
f 1709/157/5 3053/157/5 1808/159/5
f 2168/387/6 2000/404/6 656/404/6
f 2726/170/6 2642/290/6 1298/290/6
f 2231/367/5 2357/187/5 1013/187/5
f 465/155/6 1809/155/6 3052/157/6
f 655/405/5 1999/405/5 2167/380/5
f 1297/94/5 2641/94/5 2725/93/5
f 1012/117/6 2356/117/6 2230/369/6
f 3051/160/5 1810/155/5 466/155/5
f 2166/380/6 1998/405/6 654/405/6
f 1380/127/6 2724/127/6 2640/126/6
f 2229/367/5 2355/187/5 1011/187/5
f 467/151/6 1811/151/6 3050/166/6
f 653/406/5 1997/406/5 2165/380/5
f 2639/303/5 2723/127/5 1379/127/5
f 1010/187/6 2354/187/6 2228/367/6
f 3049/162/5 1812/161/5 468/161/5
f 2164/380/6 1996/406/6 652/406/6
f 1378/127/6 2722/127/6 2638/126/6
f 2227/370/5 2353/187/5 1009/187/5
f 469/99/6 1813/99/6 3048/162/6
f 651/406/5 1995/406/5 2163/380/5
f 2637/126/5 2721/127/5 1377/127/5
f 1008/187/6 2352/187/6 2226/370/6
f 3047/162/5 1814/165/5 470/165/5
f 2162/380/6 1994/405/6 650/405/6
f 1376/127/6 2720/127/6 2636/126/6
f 2225/370/5 2351/187/5 1007/187/5
f 471/167/6 1815/167/6 3046/166/6
f 649/404/5 1993/404/5 2161/379/5
f 2635/126/5 2719/127/5 1375/127/5
f 1006/187/6 2350/187/6 2224/370/6
f 3045/162/5 1816/167/5 472/167/5
f 2160/379/6 1992/382/6 648/382/6
f 1374/283/6 2718/283/6 2634/308/6
f 2223/373/5 2349/179/5 1005/179/5
f 473/155/6 1817/155/6 3044/162/6
f 647/382/5 1991/382/5 2159/379/5
f 2633/305/5 2717/283/5 1373/283/5
f 1004/179/6 2348/179/6 2222/360/6
f 3043/166/5 1818/169/5 474/169/5
f 2158/379/6 1990/382/6 646/382/6
f 1372/284/6 2716/284/6 2632/305/6
f 2221/112/5 2347/117/5 1003/117/5
f 475/260/6 1819/260/6 3042/162/6
f 645/382/5 1989/382/5 2157/379/5
f 2631/306/5 2715/284/5 1371/284/5
f 1002/114/6 2346/114/6 2220/371/6
f 3041/166/5 1820/155/5 476/155/5
f 2156/379/6 1988/382/6 644/382/6
f 1370/284/6 2714/284/6 2630/308/6
f 2219/374/5 2345/168/5 1001/168/5
f 477/155/6 1821/155/6 3040/166/6
f 643/382/5 1987/382/5 2155/383/5
f 2629/308/5 2713/284/5 1369/284/5
f 1000/114/6 2344/114/6 2218/375/6
f 3039/172/5 1822/171/5 478/171/5
f 2154/383/6 1986/105/6 642/105/6
f 1368/285/6 2712/285/6 2628/308/6
f 2217/375/5 2343/114/5 999/114/5
f 479/155/6 1823/155/6 3038/157/6
f 641/105/5 1985/105/5 2153/385/5
f 2627/126/5 2711/285/5 1367/285/5
f 998/114/6 2342/114/6 2216/374/6
f 3037/174/5 1824/171/5 480/171/5
f 2152/385/6 1984/105/6 640/105/6
f 1366/285/6 2710/285/6 2626/126/6
f 2215/374/5 2341/114/5 997/114/5
f 481/155/6 1825/155/6 3036/173/6
f 639/404/5 1983/404/5 2151/385/5
f 2625/126/5 2709/285/5 1365/285/5
f 996/352/6 2340/352/6 2214/374/6
f 3035/157/5 1826/155/5 482/155/5
f 2150/408/6 1982/105/6 638/105/6
f 1364/285/6 2708/285/6 2624/126/6
f 2213/375/5 2339/346/5 995/346/5
f 483/154/6 1827/154/6 3034/173/6
f 637/105/5 1981/105/5 2149/386/5
f 2623/309/5 2707/284/5 1363/284/5
f 994/346/6 2338/346/6 2212/374/6
f 3033/157/5 1828/155/5 484/155/5
f 2148/387/6 1980/389/6 636/389/6
f 1362/284/6 2706/284/6 2622/310/6
f 2211/376/5 2337/347/5 993/347/5
f 485/154/6 1829/154/6 3032/173/6
f 635/389/5 1979/389/5 2147/387/5
f 2621/310/5 2705/283/5 1361/283/5
f 992/346/6 2336/346/6 2210/375/6
f 3031/157/5 1830/155/5 486/155/5
f 2146/388/6 1978/394/6 634/394/6
f 1360/283/6 2704/283/6 2620/310/6
f 2209/374/5 2335/347/5 991/347/5
f 487/154/6 1831/154/6 3030/173/6
f 633/389/5 1977/389/5 2145/388/5
f 2619/311/5 2703/127/5 1359/127/5
f 990/347/6 2334/347/6 2208/374/6
f 3029/157/5 1832/141/5 488/141/5
f 2144/388/6 1976/389/6 632/389/6
f 1358/127/6 2702/127/6 2618/311/6
f 2207/375/5 2333/346/5 989/346/5
f 489/141/6 1833/141/6 3028/137/6
f 631/389/5 1975/389/5 2143/388/5
f 2617/311/5 2701/127/5 1357/127/5
f 988/346/6 2332/346/6 2206/374/6
f 3027/157/5 1834/155/5 490/155/5
f 2142/379/6 1974/394/6 630/394/6
f 1356/127/6 2700/127/6 2616/328/6
f 2205/374/5 2331/346/5 987/346/5
f 491/154/6 1835/154/6 3026/157/6
f 629/389/5 1973/389/5 2141/379/5
f 2615/312/5 2699/289/5 1355/289/5
f 986/348/6 2330/348/6 2204/374/6
f 3025/173/5 1836/154/5 492/154/5
f 2140/379/6 1972/389/6 628/389/6
f 1354/127/6 2698/127/6 2614/314/6
f 2203/377/5 2329/348/5 985/348/5
f 493/237/6 1837/237/6 3024/173/6
f 627/382/5 1971/382/5 2139/380/5
f 2613/313/5 2697/127/5 1353/127/5
f 984/349/6 2328/349/6 2202/371/6
f 3023/173/5 1838/155/5 494/155/5
f 2138/380/6 1970/382/6 626/382/6
f 1352/127/6 2696/127/6 2612/313/6
f 2201/377/5 2327/348/5 983/348/5
f 495/155/6 1839/155/6 3022/157/6
f 625/105/5 1969/105/5 2137/110/5
f 2611/314/5 2695/127/5 1351/127/5
f 982/348/6 2326/348/6 2200/377/6
f 3021/138/5 1840/99/5 496/99/5
f 2136/109/6 1968/103/6 624/103/6
f 1350/127/6 2694/127/6 2610/311/6
f 2199/377/5 2325/348/5 981/348/5
f 497/155/6 1841/155/6 3020/158/6
f 623/343/5 1967/343/5 2135/390/5
f 2609/311/5 2693/127/5 1349/127/5
f 980/349/6 2324/349/6 2198/377/6
f 3019/138/5 1842/99/5 498/99/5
f 2134/109/6 1966/103/6 622/103/6
f 1348/283/6 2692/283/6 2608/310/6
f 2197/377/5 2323/349/5 979/349/5
f 373/140/6 1717/140/6 3018/180/6
f 621/103/5 1965/103/5 2133/109/5
f 2607/316/5 2691/283/5 1347/283/5
f 978/378/6 2322/378/6 2196/354/6
f 3017/139/5 1718/183/5 374/183/5
f 2132/390/6 1964/103/6 620/103/6
f 1346/283/6 2690/283/6 2606/316/6
f 2195/354/5 2321/168/5 977/168/5
f 375/182/6 1719/182/6 3016/231/6
f 619/103/5 1963/103/5 2131/390/5
f 2605/316/5 2689/283/5 1345/283/5
f 976/348/6 2320/348/6 2194/354/6
f 3015/185/5 1720/153/5 376/153/5
f 2130/391/6 1962/103/6 618/103/6
f 1344/283/6 2688/283/6 2604/316/6
f 2193/371/5 2319/350/5 975/350/5
f 377/184/6 1721/184/6 3014/135/6
f 617/342/5 1961/342/5 2129/391/5
f 2603/311/5 2687/127/5 1343/127/5
f 974/350/6 2318/350/6 2192/111/6
f 3013/180/5 1722/188/5 378/188/5
f 2128/410/6 1960/342/6 616/342/6
f 1342/127/6 2686/127/6 2602/311/6
f 2191/354/5 2317/348/5 973/348/5
f 379/177/6 1723/177/6 3012/139/6
f 615/103/5 1959/103/5 2127/393/5
f 2601/309/5 2685/127/5 1341/127/5
f 972/348/6 2316/348/6 2190/354/6
f 3011/191/5 1724/190/5 380/190/5
f 2126/395/6 1958/362/6 614/362/6
f 1340/127/6 2684/127/6 2600/126/6
f 2189/354/5 2315/348/5 971/348/5
f 381/153/6 1725/153/6 3010/191/6
f 613/103/5 1957/103/5 2125/395/5
f 2599/126/5 2683/127/5 1339/127/5
f 970/350/6 2314/350/6 2188/111/6
f 3009/136/5 1726/181/5 382/181/5
f 2124/396/6 1956/103/6 612/103/6
f 2682/290/6 2598/124/6 1254/124/6
f 2187/354/5 2313/346/5 969/346/5
f 383/153/6 1727/153/6 3008/191/6
f 611/103/5 1955/103/5 2123/396/5
f 1253/318/5 2597/318/5 2681/291/5
f 968/346/6 2312/346/6 2186/354/6
f 3007/192/5 1728/177/5 384/177/5
f 2122/396/6 1954/103/6 610/103/6
f 2680/292/6 2596/124/6 1252/124/6
f 2185/354/5 2311/352/5 967/352/5
f 385/153/6 1729/153/6 3006/135/6
f 609/103/5 1953/103/5 2121/397/5
f 1251/124/5 2595/124/5 2679/292/5
f 966/352/6 2310/352/6 2184/354/6
f 3005/191/5 1730/153/5 386/153/5
f 2120/397/6 1952/104/6 608/104/6
f 1334/291/6 2678/291/6 2594/124/6
f 2183/354/5 2309/352/5 965/352/5
f 387/164/6 1731/164/6 3004/180/6
f 607/104/5 1951/104/5 2119/398/5
f 2593/124/5 2677/291/5 1333/291/5
f 964/168/6 2308/168/6 2182/354/6
f 3003/194/5 1732/153/5 388/153/5
f 2118/395/6 1950/351/6 606/351/6
f 1332/291/6 2676/291/6 2592/325/6
f 2181/371/5 2307/168/5 963/168/5
f 389/153/6 1733/153/6 3002/192/6
f 605/343/5 1949/343/5 2117/399/5
f 2591/319/5 2675/292/5 1331/292/5
f 962/168/6 2306/168/6 2180/371/6
f 3001/191/5 1734/196/5 390/196/5
f 2116/399/6 1948/343/6 604/343/6
f 2674/291/6 2590/320/6 1246/320/6
f 2179/111/5 2305/115/5 961/115/5
f 391/417/6 1735/417/6 3000/194/6
f 603/104/5 1947/104/5 2115/109/5
f 1245/319/5 2589/319/5 2673/296/5
f 2304/113/6 2178/379/6 834/379/6
f 2999/191/5 1736/153/5 392/153/5
f 2114/390/6 1946/345/6 602/345/6
f 1328/292/6 2672/292/6 2588/325/6
f 833/379/5 2177/379/5 2303/113/5
f 393/153/6 1737/153/6 2998/191/6
f 601/345/5 1945/345/5 2113/390/5
f 2587/320/5 2671/291/5 1327/291/5
f 2302/355/6 2176/379/6 832/379/6
f 2997/199/5 1738/198/5 394/198/5
f 2112/109/6 1944/345/6 600/345/6
f 1326/291/6 2670/291/6 2586/320/6
f 831/379/5 2175/379/5 2301/355/5
f 395/418/6 1739/418/6 2996/199/6
f 599/344/5 1943/344/5 2111/401/5
f 2585/319/5 2669/292/5 1325/292/5
f 2300/355/6 2174/379/6 830/379/6
f 2995/199/5 1740/198/5 396/198/5
f 2110/411/6 1942/344/6 598/344/6
f 1324/291/6 2668/291/6 2584/319/6
f 829/380/5 2173/380/5 2299/355/5
f 397/200/6 1741/200/6 2994/192/6
f 597/344/5 1941/344/5 2109/109/5
f 2583/319/5 2667/291/5 1323/291/5
f 2298/355/6 2172/380/6 828/380/6
f 2993/180/5 1742/200/5 398/200/5
f 2108/109/6 1940/344/6 596/344/6
f 1322/291/6 2666/291/6 2582/321/6
f 827/380/5 2171/380/5 2297/355/5
f 399/418/6 1743/418/6 2992/192/6
f 595/344/5 1939/344/5 2107/109/5
f 2581/321/5 2665/299/5 1321/299/5
f 2296/113/6 2170/380/6 826/380/6
f 2991/180/5 1744/200/5 400/200/5
f 2106/390/6 1938/104/6 594/104/6
f 1320/290/6 2664/290/6 2580/322/6
f 825/110/5 2169/110/5 2295/356/5
f 401/418/6 1745/418/6 2990/201/6
f 593/104/5 1937/104/5 2105/390/5
f 2579/321/5 2663/299/5 1319/299/5
f 2294/381/6 2168/387/6 824/387/6
f 2989/180/5 1746/202/5 402/202/5
f 2104/413/6 1936/343/6 592/343/6
f 1318/299/6 2662/299/6 2578/321/6
f 823/380/5 2167/380/5 2293/357/5
f 403/418/6 1747/418/6 2988/136/6
f 591/342/5 1935/342/5 2103/399/5
f 2577/321/5 2661/299/5 1317/299/5
f 2292/357/6 2166/380/6 822/380/6
f 2987/180/5 1748/203/5 404/203/5
f 2102/399/6 1934/342/6 590/342/6
f 1316/299/6 2660/299/6 2576/322/6
f 821/380/5 2165/380/5 2291/357/5
f 405/204/6 1749/204/6 2986/201/6
f 589/342/5 1933/342/5 2101/399/5
f 2575/322/5 2659/299/5 1315/299/5
f 2290/357/6 2164/380/6 820/380/6
f 2985/180/5 1750/204/5 406/204/5
f 2100/399/6 1932/342/6 588/342/6
f 1314/300/6 2658/300/6 2574/341/6
f 819/380/5 2163/380/5 2289/357/5
f 407/204/6 1751/204/6 2984/191/6
f 587/103/5 1931/103/5 2099/109/5
f 2573/318/5 2657/300/5 1313/300/5
f 2288/357/6 2162/380/6 818/380/6
f 2983/180/5 1752/206/5 408/206/5
f 2098/109/6 1930/104/6 586/104/6
f 1312/300/6 2656/300/6 2572/321/6
f 817/379/5 2161/379/5 2287/357/5
f 409/419/6 1753/419/6 2982/207/6
f 585/104/5 1929/104/5 2097/390/5
f 2571/323/5 2655/290/5 1311/290/5
f 2286/357/6 2160/379/6 816/379/6
f 2981/180/5 1754/140/5 410/140/5
f 2096/390/6 1928/104/6 584/104/6
f 1310/94/6 2654/94/6 2570/323/6
f 815/379/5 2159/379/5 2285/357/5
f 411/140/6 1755/140/6 2980/191/6
f 583/104/5 1927/104/5 2095/109/5
f 2569/321/5 2653/300/5 1309/300/5
f 2284/357/6 2158/379/6 814/379/6
f 2979/136/5 1756/96/5 412/96/5
f 750/409/6 2094/409/6 2011/333/6
f 1308/300/6 2652/300/6 2568/321/6
f 813/379/5 2157/379/5 2283/357/5
f 413/420/6 1757/420/6 2978/192/6
f 2012/329/5 2093/353/5 749/353/5
f 2567/321/5 2651/300/5 1307/300/5
f 2282/356/6 2156/379/6 812/379/6
f 2977/136/5 1758/96/5 414/96/5
f 748/384/6 2092/384/6 2013/329/6
f 1306/94/6 2650/94/6 2566/323/6
f 811/383/5 2155/383/5 2281/356/5
f 3060/137/6 2976/134/6 1632/134/6
f 2014/332/5 2091/384/5 747/384/5
f 2565/319/5 2649/300/5 1305/300/5
f 2280/356/6 2154/383/6 810/383/6
f 2975/209/5 3059/137/5 1715/137/5
f 746/384/6 2090/384/6 2015/329/6
f 1304/300/6 2648/300/6 2564/319/6
f 809/385/5 2153/385/5 2279/356/5
f 3058/173/6 2974/134/6 1630/134/6
f 2016/333/5 2089/353/5 745/353/5
f 2563/325/5 2647/300/5 1303/300/5
f 2278/356/6 2152/385/6 808/385/6
f 2973/210/5 3057/157/5 1713/157/5
f 744/384/6 2088/384/6 2017/412/6
f 1302/300/6 2646/300/6 2562/325/6
f 807/385/5 2151/385/5 2277/356/5
f 3056/157/6 2972/210/6 1628/210/6
f 2018/142/5 2087/353/5 743/353/5
f 2561/325/5 2645/300/5 1301/300/5
f 2276/356/6 2150/408/6 806/408/6
f 2971/211/5 3055/157/5 1711/157/5
f 742/353/6 2086/353/6 2019/333/6
f 1300/300/6 2644/300/6 2560/318/6
f 805/386/5 2149/386/5 2275/356/5
f 3054/158/6 2970/212/6 1626/212/6
f 2020/334/5 2085/358/5 741/358/5
f 2559/318/5 2643/290/5 1299/290/5
f 2274/356/6 2148/387/6 804/387/6
f 2969/212/5 3053/157/5 1709/157/5
f 740/402/6 2084/402/6 2021/333/6
f 1298/290/6 2642/290/6 2558/318/6
f 803/387/5 2147/387/5 2273/356/5
f 3052/157/6 2968/212/6 1624/212/6
f 2022/335/5 2083/384/5 739/384/5
f 2557/125/5 2641/94/5 1297/94/5
f 2272/355/6 2146/388/6 802/388/6
f 2967/134/5 3051/160/5 1707/160/5
f 738/400/6 2082/400/6 2023/142/6
f 2640/126/6 2556/122/6 1212/122/6
f 801/388/5 2145/388/5 2271/355/5
f 3050/166/6 2966/134/6 1622/134/6
f 2024/142/5 2081/400/5 737/400/5
f 1211/297/5 2555/297/5 2639/303/5
f 2270/355/6 2144/388/6 800/388/6
f 2965/212/5 3049/162/5 1705/162/5
f 736/384/6 2080/384/6 2025/333/6
f 2638/126/6 2554/326/6 1210/326/6
f 799/388/5 2143/388/5 2269/355/5
f 3048/162/6 2964/212/6 1620/212/6
f 2026/142/5 2079/353/5 735/353/5
f 1209/326/5 2553/326/5 2637/126/5
f 2268/355/6 2142/379/6 798/379/6
f 2963/211/5 3047/162/5 1703/162/5
f 734/353/6 2078/353/6 2027/334/6
f 2636/126/6 2552/122/6 1208/122/6
f 797/379/5 2141/379/5 2267/355/5
f 3046/166/6 2962/211/6 1618/211/6
f 2028/336/5 2077/353/5 733/353/5
f 1207/122/5 2551/122/5 2635/126/5
f 2266/355/6 2140/379/6 796/379/6
f 2961/211/5 3045/162/5 1701/162/5
f 732/384/6 2076/384/6 2029/403/6
f 2634/308/6 2550/297/6 1206/297/6
f 795/380/5 2139/380/5 2265/113/5
f 3044/162/6 2960/211/6 1616/211/6
f 2030/336/5 2075/353/5 731/353/5
f 1205/297/5 2549/297/5 2633/305/5
f 2264/113/6 2138/380/6 794/380/6
f 2959/210/5 3043/166/5 1699/166/5
f 730/353/6 2074/353/6 2031/336/6
f 2632/305/6 2548/276/6 1204/276/6
f 793/110/5 2137/110/5 2263/113/5
f 3042/162/6 2958/210/6 1614/210/6
f 2032/337/5 2073/353/5 729/353/5
f 1203/276/5 2547/276/5 2631/306/5
f 918/112/6 2262/112/6 2136/109/6
f 2957/218/5 3041/166/5 1697/166/5
f 728/353/6 2072/353/6 2033/142/6
f 2630/308/6 2546/122/6 1202/122/6
f 2135/390/5 2261/360/5 917/360/5
f 3040/166/6 2956/218/6 1612/218/6
f 2034/337/5 2071/353/5 727/353/5
f 1201/275/5 2545/275/5 2629/308/5
f 916/112/6 2260/112/6 2134/109/6
f 2955/218/5 3039/172/5 1695/172/5
f 726/353/6 2070/353/6 2035/336/6
f 2628/308/6 2544/275/6 1200/275/6
f 2133/109/5 2259/112/5 915/112/5
f 3038/157/6 2954/218/6 1610/218/6
f 2036/142/5 2069/353/5 725/353/5
f 1199/123/5 2543/123/5 2627/126/5
f 914/112/6 2258/112/6 2132/390/6
f 2953/222/5 3037/174/5 1693/174/5
f 724/353/6 2068/353/6 2037/142/6
f 2626/126/6 2542/123/6 1198/123/6
f 2131/390/5 2257/112/5 913/112/5
f 3036/173/6 2952/222/6 1608/222/6
f 3084/134/31 3085/137/31 4187/137/31
f 3166/133/6 3294/133/6 3293/129/6
f 3071/135/18 3072/140/18 4189/140/18
f 3085/137/32 3086/141/32 4190/141/32
f 3072/140/19 3073/95/19 4191/95/19
f 3086/141/33 3087/98/33 4192/98/33
f 3073/95/20 3074/101/20 4193/101/20
f 4194/421/34 4195/570/34 4192/98/34
f 4192/98/34 3087/98/34 3088/103/34
f 3088/103/34 4196/103/34 4194/421/34
f 3074/101/21 3075/105/21 4197/105/21
f 3062/142/8 3061/106/8 4199/106/8
f 3088/103/35 3089/109/35 4200/109/35
f 3075/105/22 3076/110/22 4201/110/22
f 3061/106/9 3063/111/9 4202/111/9
f 3089/109/36 3090/112/36 4203/112/36
f 3076/110/23 3077/113/23 4204/113/23
f 3063/111/10 3064/114/10 4205/114/10
f 3090/112/37 3091/116/37 4206/116/37
f 3077/113/24 3078/118/24 4207/118/24
f 3065/119/11 4208/119/11 4205/114/11
f 3091/116/38 3092/120/38 4209/120/38
f 3078/118/25 3079/122/25 4210/122/25
f 3065/119/12 3066/124/12 4211/124/12
f 3092/120/40 3062/142/40 4198/142/40
f 3079/122/26 3080/126/26 4212/126/26
f 3066/124/13 3067/94/13 4213/94/13
f 3080/126/27 3081/127/27 4214/127/27
f 3067/94/14 3068/93/14 4215/93/14
f 3081/127/28 3082/128/28 4216/128/28
f 3068/93/15 3069/129/15 4217/129/15
f 4220/422/29 4216/128/29 3082/128/29
f 3082/128/29 3083/131/29 4219/131/29
f 4219/131/29 4218/571/29 4220/422/29
f 3069/129/16 3070/133/16 4221/133/16
f 3083/131/30 3084/134/30 4186/134/30
f 3070/133/17 3071/135/17 4188/135/17
f 3127/111/10 3128/114/10 3096/114/10
f 3118/141/6 3246/141/6 3245/137/6
f 3136/140/5 3264/140/5 3265/95/5
f 3293/129/6 3292/93/6 3164/93/6
f 3245/137/6 3244/134/6 3116/134/6
f 3263/135/5 3264/140/5 3136/140/5
f 3164/93/6 3292/93/6 3291/94/6
f 3244/134/6 3243/131/6 3115/131/6
f 3262/133/5 3263/135/5 3135/135/5
f 3291/94/6 3290/124/6 3162/124/6
f 3243/131/6 3242/128/6 3114/128/6
f 3133/129/5 3261/129/5 3262/133/5
f 3162/124/6 3290/124/6 3289/119/6
f 3242/128/6 3241/127/6 3113/127/6
f 3260/93/5 3261/129/5 3133/129/5
f 3161/119/6 3289/119/6 3288/114/6
f 3241/127/6 3240/126/6 3112/126/6
f 3131/94/5 3259/94/5 3260/93/5
f 3160/114/6 3288/114/6 3287/111/6
f 3092/120/5 3220/120/5 3190/142/5
f 3240/126/6 3239/122/6 3111/122/6
f 3130/124/5 3258/124/5 3259/94/5
f 3287/111/6 3285/106/6 3157/106/6
f 3219/116/5 3220/120/5 3092/120/5
f 3239/122/6 3238/118/6 3110/118/6
f 3257/119/5 3258/124/5 3130/124/5
f 3285/106/6 3286/142/6 3158/142/6
f 3218/112/5 3219/116/5 3091/116/5
f 3238/118/6 3237/113/6 3109/113/6
f 3256/114/5 3257/119/5 3129/119/5
f 3089/109/5 3217/109/5 3218/112/5
f 3109/113/6 3237/113/6 3236/110/6
f 3127/111/5 3255/111/5 3256/114/5
f 3154/112/37 3155/116/37 3123/116/37
f 3141/113/24 3142/118/24 3110/118/24
f 3128/114/11 3129/119/11 3097/119/11
f 3155/116/38 3156/120/38 3124/120/38
f 3142/118/25 3143/122/25 3111/122/25
f 3129/119/12 3130/124/12 3098/124/12
f 3156/120/40 3126/142/40 3094/142/40
f 3143/122/26 3144/126/26 3112/126/26
f 3130/124/13 3131/94/13 3099/94/13
f 3144/126/27 3145/127/27 3113/127/27
f 3131/94/14 3132/93/14 3100/93/14
f 3145/127/28 3146/128/28 3114/128/28
f 3132/93/15 3133/129/15 3101/129/15
f 3146/128/29 3147/131/29 3115/131/29
f 3133/129/16 3134/133/16 3102/133/16
f 3147/131/30 3148/134/30 3116/134/30
f 3134/133/17 3135/135/17 3103/135/17
f 3148/134/31 3149/137/31 3117/137/31
f 3135/135/18 3136/140/18 3104/140/18
f 3149/137/32 3150/141/32 3118/141/32
f 3136/140/19 3137/95/19 3105/95/19
f 3150/141/33 3151/98/33 3119/98/33
f 3137/95/20 3138/101/20 3106/101/20
f 3151/98/34 3152/103/34 3120/103/34
f 3138/101/21 3139/105/21 3107/105/21
f 3126/142/8 3125/106/8 3093/106/8
f 3152/103/35 3153/109/35 3121/109/35
f 3139/105/22 3140/110/22 3108/110/22
f 3125/106/9 3127/111/9 3095/111/9
f 3153/109/36 3154/112/36 3122/112/36
f 3140/110/23 3141/113/23 3109/113/23
f 3187/116/7 3186/112/7 3185/109/7
f 3185/109/7 3184/103/7 3183/98/7
f 3183/98/44 3182/141/44 3181/137/44
f 3181/137/7 3180/134/7 3179/131/7
f 3179/131/7 3178/128/7 3177/127/7
f 3177/127/7 3176/126/7 3175/122/7
f 3175/122/6 3174/118/6 3173/113/6
f 3173/113/6 3172/110/6 3171/105/6
f 3171/105/44 3170/101/44 3169/95/44
f 3169/95/44 3168/140/44 3167/135/44
f 3167/135/44 3166/133/44 3165/129/44
f 3165/129/7 3164/93/7 3163/94/7
f 3163/94/44 3162/124/44 3161/119/44
f 3161/119/44 3160/114/44 3159/111/44
f 3159/111/6 3157/106/6 3158/142/6
f 3158/142/6 3188/120/6 3187/116/6
f 3187/116/6 3185/109/6 3183/98/6
f 3183/98/6 3181/137/6 3179/131/6
f 3179/131/6 3177/127/6 3175/122/6
f 3175/122/6 3173/113/6 3171/105/6
f 3171/105/6 3169/95/6 3167/135/6
f 3167/135/6 3165/129/6 3163/94/6
f 3163/94/6 3161/119/6 3159/111/6
f 3159/111/6 3158/142/6 3187/116/6
f 3187/116/6 3183/98/6 3179/131/6
f 3179/131/6 3175/122/6 3171/105/6
f 3171/105/6 3167/135/6 3163/94/6
f 3163/94/6 3159/111/6 3187/116/6
f 3187/116/6 3179/131/6 3171/105/6
f 3088/103/5 3216/103/5 3217/109/5
f 3236/110/6 3235/105/6 3107/105/6
f 3125/106/5 3253/106/5 3255/111/5
f 3215/98/5 3216/103/5 3088/103/5
f 3107/105/6 3235/105/6 3234/101/6
f 3254/142/5 3253/106/5 3125/106/5
f 3214/141/5 3215/98/5 3087/98/5
f 3106/101/6 3234/101/6 3233/95/6
f 3213/137/5 3214/141/5 3086/141/5
f 3233/95/6 3232/140/6 3104/140/6
f 3084/134/5 3212/134/5 3213/137/5
f 3104/140/6 3232/140/6 3231/135/6
f 3211/131/5 3212/134/5 3084/134/5
f 3103/135/6 3231/135/6 3230/133/6
f 3082/128/5 3210/128/5 3211/131/5
f 3230/133/6 3229/129/6 3101/129/6
f 3081/127/5 3209/127/5 3210/128/5
f 3101/129/6 3229/129/6 3228/93/6
f 3080/126/5 3208/126/5 3209/127/5
f 3228/93/6 3227/94/6 3099/94/6
f 3207/122/5 3208/126/5 3080/126/5
f 3227/94/6 3226/124/6 3098/124/6
f 3078/118/5 3206/118/5 3207/122/5
f 3098/124/6 3226/124/6 3225/119/6
f 3077/113/5 3205/113/5 3206/118/5
f 3097/119/6 3225/119/6 3224/114/6
f 3204/110/5 3205/113/5 3077/113/5
f 3224/114/6 3223/111/6 3095/111/6
f 3075/105/5 3203/105/5 3204/110/5
f 3223/111/6 3221/106/6 3093/106/6
f 3202/101/5 3203/105/5 3075/105/5
f 3247/98/34 3248/103/34 3216/103/34
f 3234/101/21 3235/105/21 3203/105/21
f 3222/142/8 3221/106/8 3189/106/8
f 3248/103/35 3249/109/35 3217/109/35
f 3235/105/22 3236/110/22 3204/110/22
f 3221/106/9 3223/111/9 3191/111/9
f 3249/109/36 3250/112/36 3218/112/36
f 3236/110/23 3237/113/23 3205/113/23
f 3223/111/10 3224/114/10 3192/114/10
f 3250/112/37 3251/116/37 3219/116/37
f 3237/113/24 3238/118/24 3206/118/24
f 3224/114/11 3225/119/11 3193/119/11
f 3251/116/38 3252/120/38 3220/120/38
f 3238/118/25 3239/122/25 3207/122/25
f 3225/119/12 3226/124/12 3194/124/12
f 3252/120/40 3222/142/40 3190/142/40
f 3239/122/26 3240/126/26 3208/126/26
f 3226/124/13 3227/94/13 3195/94/13
f 3240/126/27 3241/127/27 3209/127/27
f 3227/94/14 3228/93/14 3196/93/14
f 3241/127/28 3242/128/28 3210/128/28
f 3228/93/15 3229/129/15 3197/129/15
f 3242/128/29 3243/131/29 3211/131/29
f 3229/129/16 3230/133/16 3198/133/16
f 3243/131/30 3244/134/30 3212/134/30
f 3230/133/17 3231/135/17 3199/135/17
f 3244/134/31 3245/137/31 3213/137/31
f 3231/135/18 3232/140/18 3200/140/18
f 3245/137/32 3246/141/32 3214/141/32
f 3232/140/19 3233/95/19 3201/95/19
f 3246/141/33 3247/98/33 3215/98/33
f 3233/95/20 3234/101/20 3202/101/20
f 3290/124/13 3291/94/13 3259/94/13
f 3304/126/27 3305/127/27 3273/127/27
f 3291/94/14 3292/93/14 3260/93/14
f 3305/127/28 3306/128/28 3274/128/28
f 3292/93/15 3293/129/15 3261/129/15
f 3306/128/29 3307/131/29 3275/131/29
f 3293/129/16 3294/133/16 3262/133/16
f 3307/131/30 3308/134/30 3276/134/30
f 3294/133/17 3295/135/17 3263/135/17
f 3308/134/31 3309/137/31 3277/137/31
f 3295/135/18 3296/140/18 3264/140/18
f 3309/137/32 3310/141/32 3278/141/32
f 3296/140/19 3297/95/19 3265/95/19
f 3310/141/33 3311/98/33 3279/98/33
f 3297/95/20 3298/101/20 3266/101/20
f 3311/98/34 3312/103/34 3280/103/34
f 3298/101/21 3299/105/21 3267/105/21
f 3286/142/8 3285/106/8 3253/106/8
f 3312/103/35 3313/109/35 3281/109/35
f 3299/105/22 3300/110/22 3268/110/22
f 3285/106/9 3287/111/9 3255/111/9
f 3313/109/36 3314/112/36 3282/112/36
f 3300/110/23 3301/113/23 3269/113/23
f 3287/111/10 3288/114/10 3256/114/10
f 3314/112/37 3315/116/37 3283/116/37
f 3269/113/24 3301/113/24 3302/118/24
f 3288/114/11 3289/119/11 3257/119/11
f 3315/116/38 3316/120/38 3284/120/38
f 3302/118/25 3303/122/25 3271/122/25
f 3289/119/12 3290/124/12 3258/124/12
f 3316/120/40 3286/142/40 3254/142/40
f 3303/122/26 3304/126/26 3272/126/26
f 3265/95/5 3266/101/5 3138/101/5
f 3247/98/6 3246/141/6 3118/141/6
f 3295/135/6 3294/133/6 3166/133/6
f 3266/101/5 3267/105/5 3139/105/5
f 3120/103/6 3248/103/6 3247/98/6
f 3168/140/6 3296/140/6 3295/135/6
f 3139/105/5 3267/105/5 3268/110/5
f 3249/109/6 3248/103/6 3120/103/6
f 3169/95/6 3297/95/6 3296/140/6
f 3268/110/5 3269/113/5 3141/113/5
f 3250/112/6 3249/109/6 3121/109/6
f 3170/101/6 3298/101/6 3297/95/6
f 3141/113/5 3269/113/5 3270/118/5
f 3251/116/6 3250/112/6 3122/112/6
f 3299/105/6 3298/101/6 3170/101/6
f 3142/118/5 3270/118/5 3271/122/5
f 3124/120/6 3252/120/6 3251/116/6
f 3172/110/6 3300/110/6 3299/105/6
f 3271/122/5 3272/126/5 3144/126/5
f 3222/142/6 3252/120/6 3124/120/6
f 3173/113/6 3301/113/6 3300/110/6
f 3144/126/5 3272/126/5 3273/127/5
f 3302/118/6 3301/113/6 3173/113/6
f 3145/127/5 3273/127/5 3274/128/5
f 3303/122/6 3302/118/6 3174/118/6
f 3146/128/5 3274/128/5 3275/131/5
f 3304/126/6 3303/122/6 3175/122/6
f 3275/131/5 3276/134/5 3148/134/5
f 3305/127/6 3304/126/6 3176/126/6
f 3148/134/5 3276/134/5 3277/137/5
f 3178/128/6 3306/128/6 3305/127/6
f 3277/137/5 3278/141/5 3150/141/5
f 3307/131/6 3306/128/6 3178/128/6
f 3278/141/5 3279/98/5 3151/98/5
f 3308/134/6 3307/131/6 3179/131/6
f 3279/98/5 3280/103/5 3152/103/5
f 3190/142/5 3189/106/5 3061/106/5
f 3181/137/6 3309/137/6 3308/134/6
f 3152/103/5 3280/103/5 3281/109/5
f 3061/106/5 3189/106/5 3191/111/5
f 3310/141/6 3309/137/6 3181/137/6
f 3153/109/5 3281/109/5 3282/112/5
f 3063/111/5 3191/111/5 3192/114/5
f 3183/98/6 3311/98/6 3310/141/6
f 3282/112/5 3283/116/5 3155/116/5
f 3192/114/5 3193/119/5 3065/119/5
f 3184/103/6 3312/103/6 3311/98/6
f 3283/116/5 3284/120/5 3156/120/5
f 3193/119/5 3194/124/5 3066/124/5
f 3313/109/6 3312/103/6 3184/103/6
f 3156/120/5 3284/120/5 3254/142/5
f 3066/124/5 3194/124/5 3195/94/5
f 3314/112/6 3313/109/6 3185/109/6
f 3067/94/5 3195/94/5 3196/93/5
f 3187/116/6 3315/116/6 3314/112/6
f 3196/93/5 3197/129/5 3069/129/5
f 3188/120/6 3316/120/6 3315/116/6
f 3069/129/5 3197/129/5 3198/133/5
f 3286/142/6 3316/120/6 3188/120/6
f 3198/133/5 3199/135/5 3071/135/5
f 3199/135/5 3200/140/5 3072/140/5
f 3072/140/5 3200/140/5 3201/95/5
f 3201/95/5 3202/101/5 3074/101/5
f 3093/106/6 3221/106/6 3222/142/6
f 3414/354/6 3447/114/6 3799/114/6
f 3327/423/19 3326/97/19 3637/424/19
f 3516/126/6 3868/126/6 3846/122/6
f 3324/95/19 3639/140/19 3638/425/19
f 3619/180/6 3971/180/6 3949/239/6
f 3322/95/19 3641/427/19 3640/140/19
f 3345/101/5 3323/426/5 3675/426/5
f 3320/95/19 3643/427/19 3642/427/19
f 3415/111/5 3767/111/5 3800/168/5
f 3318/428/19 3645/140/19 3644/140/19
f 3495/122/5 3847/122/5 3869/308/5
f 3620/180/5 3598/235/5 3950/235/5
f 3338/143/33 3337/100/33 3648/429/33
f 3346/101/6 3698/101/6 3676/95/6
f 3335/261/33 3650/151/33 3649/431/33
f 3333/143/33 3652/151/33 3651/431/33
f 3518/432/6 3870/432/6 3848/122/6
f 3331/98/33 3654/151/33 3653/151/33
f 3621/180/6 3973/180/6 3951/235/6
f 3329/433/33 3656/151/33 3655/151/33
f 3347/101/5 3325/95/5 3677/95/5
f 3427/113/5 3394/379/5 3746/379/5
f 3348/101/20 3326/97/20 3327/423/20
f 3497/122/5 3849/122/5 3871/432/5
f 3346/101/20 3324/95/20 3325/95/20
f 3622/199/5 3600/233/5 3952/233/5
f 3344/101/20 3322/95/20 3323/426/20
f 3348/101/6 3700/101/6 3678/97/6
f 3342/294/20 3320/95/20 3321/95/20
f 3428/113/6 3780/113/6 3747/388/6
f 3340/101/20 3318/428/20 3319/428/20
f 3520/308/6 3872/308/6 3850/122/6
f 3623/185/6 3975/185/6 3953/133/6
f 3359/103/34 3337/100/34 3338/143/34
f 3349/301/5 3327/423/5 3679/423/5
f 3357/103/34 3335/261/34 3336/143/34
f 3429/113/5 3396/110/5 3748/110/5
f 3355/103/34 3333/143/34 3334/100/34
f 3499/434/5 3851/434/5 3873/126/5
f 3353/342/34 3331/98/34 3332/98/34
f 3624/231/5 3602/232/5 3954/232/5
f 3351/103/34 3329/433/34 3330/100/34
f 3430/435/6 3782/435/6 3749/380/6
f 3370/436/21 3348/101/21 3349/301/21
f 3522/126/6 3874/126/6 3852/434/6
f 3368/437/21 3346/101/21 3347/101/21
f 3366/404/21 3344/101/21 3345/101/21
f 3328/415/5 3657/151/5 4009/151/5
f 3364/404/21 3342/294/21 3343/294/21
f 3431/435/5 3398/380/5 3750/380/5
f 3362/404/21 3340/101/21 3341/101/21
f 3501/148/5 3853/148/5 3875/126/5
f 3581/131/5 3933/131/5 3955/134/5
f 3382/438/8 3381/384/8 3659/142/8
f 3329/433/6 3681/433/6 4008/151/6
f 3379/384/8 3661/142/8 3660/338/8
f 3432/435/6 3784/435/6 3751/380/6
f 3377/384/8 3663/142/8 3662/142/8
f 3524/126/6 3876/126/6 3854/148/6
f 3375/384/8 3665/329/8 3664/329/8
f 3582/131/6 3604/254/6 3956/254/6
f 3373/402/8 3667/329/8 3666/329/8
f 3330/100/5 3655/151/5 4007/151/5
f 3433/113/5 3400/380/5 3752/380/5
f 3392/109/35 3359/103/35 3360/343/35
f 3503/122/5 3855/122/5 3877/303/5
f 3390/390/35 3357/103/35 3358/103/35
f 3583/131/5 3935/131/5 3957/134/5
f 3388/439/35 3355/103/35 3356/103/35
f 3331/98/6 3683/98/6 4006/151/6
f 3386/439/35 3353/342/35 3354/342/35
f 3434/113/6 3786/113/6 3753/379/6
f 3384/109/35 3351/103/35 3352/103/35
f 3584/131/6 3606/212/6 3958/212/6
f 3403/379/22 3370/436/22 3371/105/22
f 3332/98/5 3653/151/5 4005/151/5
f 3401/379/22 3368/437/22 3369/436/22
f 3435/113/5 3402/379/5 3754/379/5
f 3399/380/22 3366/404/22 3367/437/22
f 3482/330/5 3834/330/5 4020/329/5
f 3397/380/22 3364/404/22 3365/404/22
f 3585/131/5 3937/131/5 3959/212/5
f 3395/388/22 3362/404/22 3363/404/22
f 3333/143/6 3685/143/6 4004/151/6
f 3436/113/6 3788/113/6 3755/379/6
f 3414/354/9 3381/384/9 3382/438/9
f 3483/330/6 3667/329/6 4019/329/6
f 3412/371/9 3379/384/9 3380/438/9
f 3586/131/6 3608/212/6 3960/212/6
f 3410/371/9 3377/384/9 3378/384/9
f 3334/100/5 3651/431/5 4003/431/5
f 3408/377/9 3375/384/9 3376/384/9
f 3437/113/5 3404/379/5 3756/379/5
f 3406/377/9 3373/402/9 3374/108/9
f 3484/255/5 3836/255/5 4018/329/5
f 3587/440/5 3939/440/5 3961/211/5
f 3425/112/36 3392/109/36 3393/390/36
f 3335/261/6 3687/261/6 4002/151/6
f 3423/441/36 3390/390/36 3391/109/36
f 3421/442/36 3388/439/36 3389/390/36
f 3485/120/6 3665/329/6 4017/329/6
f 3419/442/36 3386/439/36 3387/439/36
f 3588/440/6 3610/210/6 3962/210/6
f 3417/112/36 3384/109/36 3385/390/36
f 3336/143/5 3649/431/5 4001/431/5
f 3416/112/5 3383/109/5 3735/109/5
f 3436/113/23 3403/379/23 3404/379/23
f 3486/120/5 3838/120/5 4016/329/5
f 3434/113/23 3401/379/23 3402/379/23
f 3589/443/5 3941/443/5 3963/210/5
f 3432/435/23 3399/380/23 3400/380/23
f 3337/100/6 3689/100/6 4000/429/6
f 3430/435/23 3397/380/23 3398/380/23
f 3417/112/6 3769/112/6 3736/109/6
f 3428/113/23 3395/388/23 3396/110/23
f 3487/120/6 3663/142/6 4015/142/6
f 3590/443/6 3612/134/6 3964/134/6
f 3447/114/10 3414/354/10 3415/111/10
f 3338/143/5 3647/430/5 3999/430/5
f 3445/444/10 3412/371/10 3413/354/10
f 3418/442/5 3385/390/5 3737/390/5
f 3443/114/10 3410/371/10 3411/371/10
f 3488/186/5 3840/186/5 4014/142/5
f 3441/114/10 3408/377/10 3409/377/10
f 3591/131/5 3943/131/5 3965/209/5
f 3439/114/10 3406/377/10 3407/377/10
f 3419/442/6 3771/442/6 3738/439/6
f 3458/264/37 3425/112/37 3426/360/37
f 3489/186/6 3661/142/6 4013/142/6
f 3456/116/37 3423/441/37 3424/441/37
f 3454/116/37 3421/442/37 3422/441/37
f 3646/140/5 3998/140/5 3669/416/5
f 3452/230/37 3419/442/37 3420/442/37
f 3420/442/5 3387/439/5 3739/439/5
f 3450/230/37 3417/112/37 3418/442/37
f 3490/445/5 3842/445/5 4012/338/5
f 3592/133/5 3570/130/5 3922/130/5
f 3469/118/24 3436/113/24 3437/113/24
f 3645/140/6 3318/428/6 3670/428/6
f 3467/146/24 3434/113/24 3435/113/24
f 3421/442/6 3773/442/6 3740/439/6
f 3465/273/24 3432/435/24 3433/113/24
f 3491/120/6 3659/142/6 4011/142/6
f 3463/273/24 3430/435/24 3431/435/24
f 3593/133/6 3945/133/6 3923/130/6
f 3461/282/24 3428/113/24 3429/113/24
f 3644/140/5 3996/140/5 3671/428/5
f 3422/441/5 3389/390/5 3741/390/5
f 3480/119/11 3447/114/11 3448/168/11
f 3492/120/5 3844/120/5 4010/412/5
f 3478/147/11 3445/444/11 3446/444/11
f 3594/239/5 3572/176/5 3924/176/5
f 3476/339/11 3443/114/11 3444/444/11
f 3643/427/6 3320/95/6 3672/95/6
f 3474/339/11 3441/114/11 3442/114/11
f 3423/441/6 3775/441/6 3742/390/6
f 3472/119/11 3439/114/11 3440/114/11
f 3595/238/6 3947/238/6 3925/176/6
f 3491/120/38 3458/264/38 3459/116/38
f 3642/427/5 3994/427/5 3673/95/5
f 3489/186/38 3456/116/38 3457/264/38
f 3424/441/5 3391/109/5 3743/109/5
f 3487/120/38 3454/116/38 3455/116/38
f 3471/119/5 3823/119/5 3856/124/5
f 3485/120/38 3452/230/38 3453/230/38
f 3596/238/5 3574/176/5 3926/176/5
f 3483/330/38 3450/230/38 3451/230/38
f 3641/427/6 3322/95/6 3674/95/6
f 3425/112/6 3777/112/6 3744/109/6
f 3502/148/25 3469/118/25 3470/327/25
f 3472/119/6 3505/124/6 3857/124/6
f 3500/434/25 3467/146/25 3468/146/25
f 3597/239/6 3949/239/6 3927/176/6
f 3498/122/25 3465/273/25 3466/307/25
f 3640/140/5 3992/140/5 3675/426/5
f 3496/122/25 3463/273/25 3464/273/25
f 3426/360/5 3393/390/5 3745/390/5
f 3494/122/25 3461/282/25 3462/118/25
f 3473/147/5 3825/147/5 3858/124/5
f 3598/235/5 3576/176/5 3928/176/5
f 3513/124/12 3480/119/12 3481/147/12
f 3639/140/6 3324/95/6 3676/95/6
f 3511/446/12 3478/147/12 3479/119/12
f 3509/124/12 3476/339/12 3477/147/12
f 3474/339/6 3507/124/6 3859/124/6
f 3507/124/12 3474/339/12 3475/339/12
f 3599/235/6 3951/235/6 3929/176/6
f 3505/124/12 3472/119/12 3473/147/12
f 3638/425/5 3990/425/5 3677/95/5
f 3372/400/5 3724/400/5 3757/371/5
f 3659/142/40 3491/120/40 3492/120/40
f 3475/339/5 3827/339/5 3860/124/5
f 3661/142/40 3489/186/40 3490/445/40
f 3600/233/5 3578/176/5 3930/176/5
f 3663/142/40 3487/120/40 3488/186/40
f 3637/424/7 3326/97/7 3678/97/7
f 3665/329/40 3485/120/40 3486/120/40
f 3373/402/6 3406/377/6 3758/377/6
f 3666/329/40 3667/329/40 3483/330/40
f 3476/339/6 3509/124/6 3861/124/6
f 3601/133/6 3953/133/6 3931/176/6
f 3524/126/26 3502/148/26 3503/122/26
f 3636/96/5 3988/96/5 3679/423/5
f 3522/126/26 3500/434/26 3501/148/26
f 3374/108/5 3726/108/5 3759/377/5
f 3520/308/26 3498/122/26 3499/434/26
f 3477/147/5 3829/147/5 3862/446/5
f 3518/432/26 3496/122/26 3497/122/26
f 3602/232/5 3580/176/5 3932/176/5
f 3516/126/26 3494/122/26 3495/122/26
f 3375/384/6 3408/377/6 3760/377/6
f 3535/300/13 3513/124/13 3514/318/13
f 3478/147/6 3511/446/6 3863/446/6
f 3533/290/13 3511/446/13 3512/446/13
f 3531/290/13 3509/124/13 3510/446/13
f 3376/384/5 3728/384/5 3761/377/5
f 3529/299/13 3507/124/13 3508/124/13
f 3479/119/5 3831/119/5 3864/446/5
f 3527/299/13 3505/124/13 3506/124/13
f 3559/128/5 3911/128/5 3933/131/5
f 3377/384/6 3410/371/6 3762/371/6
f 3546/127/27 3524/126/27 3525/303/27
f 3480/119/6 3513/124/6 3865/124/6
f 3544/127/27 3522/126/27 3523/126/27
f 3582/131/6 3934/131/6 3912/128/6
f 3542/127/27 3520/308/27 3521/126/27
f 3378/384/5 3730/384/5 3763/371/5
f 3540/127/27 3518/432/27 3519/432/27
f 3481/147/5 3833/147/5 3866/318/5
f 3538/127/27 3516/126/27 3517/308/27
f 3561/150/5 3913/150/5 3935/131/5
f 3379/384/6 3412/371/6 3764/371/6
f 3557/156/14 3535/300/14 3536/94/14
f 3555/170/14 3533/290/14 3534/300/14
f 3584/131/6 3936/131/6 3914/447/6
f 3553/170/14 3531/290/14 3532/290/14
f 3380/438/5 3732/438/5 3765/354/5
f 3551/178/14 3529/299/14 3530/299/14
f 3493/122/5 3460/118/5 3812/118/5
f 3549/93/14 3527/299/14 3528/299/14
f 3563/447/5 3915/447/5 3937/131/5
f 3381/384/6 3414/354/6 3766/354/6
f 3568/128/28 3546/127/28 3547/127/28
f 3494/122/6 3846/122/6 3813/282/6
f 3566/128/28 3544/127/28 3545/127/28
f 3586/131/6 3938/131/6 3916/150/6
f 3564/150/28 3542/127/28 3543/127/28
f 3382/438/5 3734/438/5 3767/111/5
f 3562/447/28 3540/127/28 3541/127/28
f 3495/122/5 3462/118/5 3814/118/5
f 3560/128/28 3538/127/28 3539/127/28
f 3565/128/5 3917/128/5 3939/440/5
f 3579/176/15 3557/156/15 3558/170/15
f 3496/122/6 3848/122/6 3815/273/6
f 3577/176/15 3555/170/15 3556/156/15
f 3588/440/6 3940/440/6 3918/128/6
f 3575/176/15 3553/170/15 3554/170/15
f 3394/379/5 3361/404/5 3713/404/5
f 3573/176/15 3551/178/15 3552/178/15
f 3497/122/5 3464/273/5 3816/273/5
f 3571/130/15 3549/93/15 3550/281/15
f 3567/128/5 3919/128/5 3941/443/5
f 3395/388/6 3747/388/6 3714/404/6
f 3590/443/29 3568/128/29 3569/263/29
f 3498/122/6 3850/122/6 3817/273/6
f 3588/440/29 3566/128/29 3567/128/29
f 3590/443/6 3942/443/6 3920/128/6
f 3586/131/29 3564/150/29 3565/128/29
f 3396/110/5 3363/404/5 3715/404/5
f 3584/131/29 3562/447/29 3563/447/29
f 3499/434/5 3466/307/5 3818/307/5
f 3582/131/29 3560/128/29 3561/150/29
f 3569/263/5 3921/263/5 3943/131/5
f 3397/380/6 3749/380/6 3716/404/6
f 3601/133/16 3579/176/16 3580/176/16
f 3500/434/6 3852/434/6 3819/146/6
f 3599/235/16 3577/176/16 3578/176/16
f 3597/239/16 3575/176/16 3576/176/16
f 3398/380/5 3365/404/5 3717/404/5
f 3595/238/16 3573/176/16 3574/176/16
f 3501/148/5 3468/146/5 3820/146/5
f 3593/133/16 3571/130/16 3572/176/16
f 3570/130/5 3548/156/5 3900/156/5
f 3399/380/6 3751/380/6 3718/404/6
f 3612/134/30 3590/443/30 3591/131/30
f 3502/148/6 3854/148/6 3821/118/6
f 3610/210/30 3588/440/30 3589/443/30
f 3571/130/6 3923/130/6 3901/93/6
f 3608/212/30 3586/131/30 3587/440/30
f 3400/380/5 3367/437/5 3719/437/5
f 3606/212/30 3584/131/30 3585/131/30
f 3503/122/5 3470/327/5 3822/327/5
f 3604/254/30 3582/131/30 3583/131/30
f 3572/176/5 3550/281/5 3902/281/5
f 3401/379/6 3753/379/6 3720/437/6
f 3623/185/17 3601/133/17 3602/232/17
f 3621/180/17 3599/235/17 3600/233/17
f 3573/176/6 3925/176/6 3903/178/6
f 3619/180/17 3597/239/17 3598/235/17
f 3402/379/5 3369/436/5 3721/436/5
f 3617/180/17 3595/238/17 3596/238/17
f 3482/330/5 3449/116/5 3801/116/5
f 3615/191/17 3593/133/17 3594/239/17
f 3574/176/5 3552/178/5 3904/178/5
f 3403/379/6 3755/379/6 3722/436/6
f 3634/173/31 3612/134/31 3613/209/31
f 3483/330/6 3835/330/6 3802/230/6
f 3632/137/31 3610/210/31 3611/210/31
f 3575/176/6 3927/176/6 3905/170/6
f 3630/448/31 3608/212/31 3609/211/31
f 3404/379/5 3371/105/5 3723/105/5
f 3628/448/31 3606/212/31 3607/212/31
f 3484/255/5 3451/230/5 3803/230/5
f 3626/137/31 3604/254/31 3605/134/31
f 3576/176/5 3554/170/5 3906/170/5
f 3637/424/18 3623/185/18 3624/231/18
f 3485/120/6 3837/120/6 3804/230/6
f 3639/140/18 3621/180/18 3622/199/18
f 3577/176/6 3929/176/6 3907/170/6
f 3641/427/18 3619/180/18 3620/180/18
f 3350/103/5 3702/103/5 3735/109/5
f 3643/427/18 3617/180/18 3618/180/18
f 3486/120/5 3453/230/5 3805/230/5
f 3644/140/18 3645/140/18 3615/191/18
f 3578/176/5 3556/156/5 3908/156/5
f 3351/103/6 3384/109/6 3736/109/6
f 3648/429/32 3634/173/32 3635/173/32
f 3487/120/6 3839/120/6 3806/116/6
f 3650/151/32 3632/137/32 3633/173/32
f 3579/176/6 3931/176/6 3909/156/6
f 3652/151/32 3630/448/32 3631/137/32
f 3352/103/5 3704/103/5 3737/390/5
f 3654/151/32 3628/448/32 3629/448/32
f 3488/186/5 3455/116/5 3807/116/5
f 3655/151/32 3656/151/32 3626/137/32
f 3580/176/5 3558/170/5 3910/170/5
f 4222/426/19 3679/423/19 3988/96/19
f 3678/97/19 3677/95/19 3990/425/19
f 3675/426/19 3992/140/19 3991/140/19
f 3673/95/19 3994/427/19 3993/427/19
f 3671/428/19 3996/140/19 3995/427/19
f 3669/416/19 3998/140/19 3997/140/19
f 3999/430/33 4225/151/33 4224/98/33
f 3689/100/33 3688/143/33 4001/431/33
f 3686/100/33 4003/431/33 4002/151/33
f 3684/98/33 4005/151/33 4004/151/33
f 3682/100/33 4007/151/33 4006/151/33
f 3680/415/33 4009/151/33 4008/151/33
f 3701/301/20 3679/423/20 4222/426/20
f 3699/101/20 3677/95/20 3678/97/20
f 3697/101/20 3675/426/20 3676/95/20
f 3695/294/20 3673/95/20 3674/95/20
f 3693/101/20 3671/428/20 3672/95/20
f 3691/101/20 3669/416/20 3670/428/20
f 3690/143/34 4224/98/34 4227/104/34
f 3710/103/34 3688/143/34 3689/100/34
f 3708/103/34 3686/100/34 3687/261/34
f 3706/342/34 3684/98/34 3685/143/34
f 3704/103/34 3682/100/34 3683/98/34
f 3702/103/34 3680/415/34 3681/433/34
f 3723/105/21 3701/301/21 4226/102/21
f 3721/436/21 3699/101/21 3700/101/21
f 3719/437/21 3697/101/21 3698/101/21
f 3717/404/21 3695/294/21 3696/101/21
f 3715/404/21 3693/101/21 3694/294/21
f 3713/404/21 3691/101/21 3692/101/21
f 4010/412/8 4230/142/8 4229/353/8
f 3733/384/8 3732/438/8 4012/338/8
f 3731/384/8 3730/384/8 4014/142/8
f 3729/384/8 3728/384/8 4016/329/8
f 3726/108/8 4018/329/8 4017/329/8
f 3724/400/8 4020/329/8 4019/329/8
f 3712/343/35 4227/104/35 4231/109/35
f 3743/109/35 3710/103/35 3711/103/35
f 3741/390/35 3708/103/35 3709/103/35
f 3739/439/35 3706/342/35 3707/103/35
f 3737/390/35 3704/103/35 3705/342/35
f 3735/109/35 3702/103/35 3703/103/35
f 3756/379/22 3723/105/22 4228/105/22
f 3754/379/22 3721/436/22 3722/436/22
f 3752/380/22 3719/437/22 3720/437/22
f 3750/380/22 3717/404/22 3718/404/22
f 3748/110/22 3715/404/22 3716/404/22
f 3746/379/22 3713/404/22 3714/404/22
f 3734/438/9 4229/353/9 4233/111/9
f 3766/354/9 3765/354/9 3732/438/9
f 3764/371/9 3763/371/9 3730/384/9
f 3762/371/9 3761/377/9 3728/384/9
f 3759/377/9 3726/108/9 3727/384/9
f 3757/371/9 3724/400/9 3725/402/9
f 3745/390/36 4231/109/36 4234/112/36
f 3776/441/36 3743/109/36 3744/109/36
f 3774/441/36 3741/390/36 3742/390/36
f 3772/442/36 3739/439/36 3740/439/36
f 3770/442/36 3737/390/36 3738/439/36
f 3768/112/36 3735/109/36 3736/109/36
f 4235/449/23 4236/113/23 3789/113/23
f 3789/113/23 3756/379/23 4232/379/23
f 3787/113/23 3754/379/23 3755/379/23
f 3785/113/23 3752/380/23 3753/379/23
f 3783/435/23 3750/380/23 3751/380/23
f 3781/113/23 3748/110/23 3749/380/23
f 3779/113/23 3746/379/23 3747/388/23
f 3767/111/10 4233/111/10 4237/115/10
f 3798/444/10 3765/354/10 3766/354/10
f 3796/444/10 3763/371/10 3764/371/10
f 3794/114/10 3761/377/10 3762/371/10
f 3792/114/10 3759/377/10 3760/377/10
f 3790/114/10 3757/371/10 3758/377/10
f 3778/360/37 4234/112/37 4238/116/37
f 3809/264/37 3776/441/37 3777/112/37
f 3807/116/37 3774/441/37 3775/441/37
f 3805/230/37 3772/442/37 3773/442/37
f 3803/230/37 3770/442/37 3771/442/37
f 3801/116/37 3768/112/37 3769/112/37
f 3822/327/24 3789/113/24 4236/113/24
f 3820/146/24 3787/113/24 3788/113/24
f 3818/307/24 3785/113/24 3786/113/24
f 3816/273/24 3783/435/24 3784/435/24
f 3814/118/24 3781/113/24 3782/435/24
f 3812/118/24 3779/113/24 3780/113/24
f 3800/168/11 4237/115/11 4240/119/11
f 3831/119/11 3798/444/11 3799/114/11
f 3829/147/11 3796/444/11 3797/444/11
f 3827/339/11 3794/114/11 3795/114/11
f 3825/147/11 3792/114/11 3793/114/11
f 3823/119/11 3790/114/11 3791/114/11
f 3811/116/38 4238/116/38 4241/120/38
f 3842/445/38 3809/264/38 3810/264/38
f 3840/186/38 3807/116/38 3808/116/38
f 3838/120/38 3805/230/38 3806/116/38
f 3836/255/38 3803/230/38 3804/230/38
f 3834/330/38 3801/116/38 3802/230/38
f 3855/122/25 3822/327/25 4239/118/25
f 3853/148/25 3820/146/25 3821/118/25
f 3851/434/25 3818/307/25 3819/146/25
f 3849/122/25 3816/273/25 3817/273/25
f 3847/122/25 3814/118/25 3815/273/25
f 3845/122/25 3812/118/25 3813/282/25
f 3866/318/12 3833/147/12 4240/119/12
f 3864/446/12 3831/119/12 3832/119/12
f 3862/446/12 3829/147/12 3830/147/12
f 3860/124/12 3827/339/12 3828/339/12
f 3858/124/12 3825/147/12 3826/339/12
f 3856/124/12 3823/119/12 3824/119/12
f 4010/412/40 3844/120/40 4241/120/40
f 4012/338/40 3842/445/40 3843/120/40
f 4014/142/40 3840/186/40 3841/186/40
f 4016/329/40 3838/120/40 3839/120/40
f 4018/329/40 3836/255/40 3837/120/40
f 4019/329/40 4020/329/40 3834/330/40
f 3877/303/26 3855/122/26 4242/122/26
f 3875/126/26 3853/148/26 3854/148/26
f 3873/126/26 3851/434/26 3852/434/26
f 3871/432/26 3849/122/26 3850/122/26
f 3869/308/26 3847/122/26 3848/122/26
f 3867/126/26 3845/122/26 3846/122/26
f 3888/94/13 3866/318/13 4243/125/13
f 3886/300/13 3864/446/13 3865/124/13
f 3884/290/13 3862/446/13 3863/446/13
f 3882/299/13 3860/124/13 3861/124/13
f 3880/299/13 3858/124/13 3859/124/13
f 3878/290/13 3856/124/13 3857/124/13
f 3899/127/27 3877/303/27 4244/126/27
f 3897/127/27 3875/126/27 3876/126/27
f 3895/127/27 3873/126/27 3874/126/27
f 3893/127/27 3871/432/27 3872/308/27
f 3891/127/27 3869/308/27 3870/432/27
f 3889/127/27 3867/126/27 3868/126/27
f 3910/170/14 3888/94/14 4245/94/14
f 3908/156/14 3886/300/14 3887/300/14
f 3906/170/14 3884/290/14 3885/290/14
f 3904/178/14 3882/299/14 3883/290/14
f 3902/281/14 3880/299/14 3881/299/14
f 3900/156/14 3878/290/14 3879/299/14
f 3899/127/28 4246/127/28 4248/128/28
f 3919/128/28 3897/127/28 3898/127/28
f 3917/128/28 3895/127/28 3896/127/28
f 3915/447/28 3893/127/28 3894/127/28
f 3913/150/28 3891/127/28 3892/127/28
f 3911/128/28 3889/127/28 3890/127/28
f 3932/176/15 3910/170/15 4247/170/15
f 3930/176/15 3908/156/15 3909/156/15
f 3928/176/15 3906/170/15 3907/170/15
f 3926/176/15 3904/178/15 3905/170/15
f 3924/176/15 3902/281/15 3903/178/15
f 3922/130/15 3900/156/15 3901/93/15
f 3921/263/29 4248/128/29 4250/131/29
f 3941/443/29 3919/128/29 3920/128/29
f 3939/440/29 3917/128/29 3918/128/29
f 3937/131/29 3915/447/29 3916/150/29
f 3935/131/29 3913/150/29 3914/447/29
f 3933/131/29 3911/128/29 3912/128/29
f 3954/232/16 3932/176/16 4249/130/16
f 3952/233/16 3930/176/16 3931/176/16
f 3950/235/16 3928/176/16 3929/176/16
f 3948/238/16 3926/176/16 3927/176/16
f 3946/239/16 3924/176/16 3925/176/16
f 3944/133/16 3922/130/16 3923/130/16
f 3943/131/30 4250/131/30 4252/134/30
f 3963/210/30 3941/443/30 3942/443/30
f 3961/211/30 3939/440/30 3940/440/30
f 3959/212/30 3937/131/30 3938/131/30
f 3957/134/30 3935/131/30 3936/131/30
f 3955/134/30 3933/131/30 3934/131/30
f 3976/231/17 3954/232/17 4251/239/17
f 3974/199/17 3952/233/17 3953/133/17
f 3972/180/17 3950/235/17 3951/235/17
f 3970/180/17 3948/238/17 3949/239/17
f 3968/180/17 3946/239/17 3947/238/17
f 3966/180/17 3944/133/17 3945/133/17
f 3965/209/31 4252/134/31 4254/137/31
f 3985/173/31 3963/210/31 3964/134/31
f 3983/137/31 3961/211/31 3962/210/31
f 3981/448/31 3959/212/31 3960/212/31
f 3979/137/31 3957/134/31 3958/212/31
f 3977/137/31 3955/134/31 3956/254/31
f 3988/96/18 3976/231/18 4253/135/18
f 3990/425/18 3974/199/18 3975/185/18
f 3992/140/18 3972/180/18 3973/180/18
f 3994/427/18 3970/180/18 3971/180/18
f 3996/140/18 3968/180/18 3969/180/18
f 3997/140/18 3998/140/18 3966/180/18
f 3999/430/32 3987/173/32 4254/137/32
f 4001/431/32 3985/173/32 3986/173/32
f 4003/431/32 3983/137/32 3984/137/32
f 4005/151/32 3981/448/32 3982/448/32
f 4007/151/32 3979/137/32 3980/448/32
f 4008/151/32 4009/151/32 3977/137/32
f 3344/101/6 3696/101/6 3674/95/6
f 3618/180/5 3596/238/5 3948/238/5
f 3493/122/5 3845/122/5 3867/126/5
f 3413/354/5 3765/354/5 3798/444/5
f 3343/294/5 3321/95/5 3673/95/5
f 3617/180/6 3969/180/6 3947/238/6
f 3412/371/6 3445/444/6 3797/444/6
f 3342/294/6 3694/294/6 3672/95/6
f 3616/180/5 3594/239/5 3946/239/5
f 3514/318/5 3866/318/5 3888/94/5
f 3411/371/5 3763/371/5 3796/444/5
f 3341/101/5 3319/428/5 3671/428/5
f 3615/191/6 3967/191/6 3945/133/6
f 3513/124/6 3535/300/6 3887/300/6
f 3410/371/6 3443/114/6 3795/114/6
f 3340/101/6 3692/101/6 3670/428/6
f 3614/180/5 3592/133/5 3944/133/5
f 3512/446/5 3864/446/5 3886/300/5
f 3409/377/5 3761/377/5 3794/114/5
f 3339/101/5 3317/416/5 3669/416/5
f 3511/446/6 3533/290/6 3885/290/6
f 3408/377/6 3441/114/6 3793/114/6
f 3613/209/5 3965/209/5 3987/173/5
f 3510/446/5 3862/446/5 3884/290/5
f 3407/377/5 3759/377/5 3792/114/5
f 3338/143/5 3690/143/5 3712/343/5
f 3612/134/6 3634/173/6 3986/173/6
f 3509/124/6 3531/290/6 3883/290/6
f 3406/377/6 3439/114/6 3791/114/6
f 3337/100/6 3359/103/6 3711/103/6
f 3611/210/5 3963/210/5 3985/173/5
f 3508/124/5 3860/124/5 3882/299/5
f 3405/371/5 3757/371/5 3790/114/5
f 3336/143/5 3688/143/5 3710/103/5
f 3610/210/6 3632/137/6 3984/137/6
f 3507/124/6 3529/299/6 3881/299/6
f 3335/261/6 3357/103/6 3709/103/6
f 3609/211/5 3961/211/5 3983/137/5
f 3506/124/5 3858/124/5 3880/299/5
f 3459/116/5 3426/360/5 3778/360/5
f 3334/100/5 3686/100/5 3708/103/5
f 3608/212/6 3630/448/6 3982/448/6
f 3505/124/6 3527/299/6 3879/299/6
f 3458/264/6 3810/264/6 3777/112/6
f 3333/143/6 3355/103/6 3707/103/6
f 3607/212/5 3959/212/5 3981/448/5
f 3504/124/5 3856/124/5 3878/290/5
f 3457/264/5 3424/441/5 3776/441/5
f 3332/98/5 3684/98/5 3706/342/5
f 3606/212/6 3628/448/6 3980/448/6
f 3456/116/6 3808/116/6 3775/441/6
f 3331/98/6 3353/342/6 3705/342/6
f 3605/134/5 3957/134/5 3979/137/5
f 3547/127/5 3525/303/5 3877/303/5
f 3455/116/5 3422/441/5 3774/441/5
f 3330/100/5 3682/100/5 3704/103/5
f 3604/254/6 3626/137/6 3978/137/6
f 3546/127/6 3898/127/6 3876/126/6
f 3454/116/6 3806/116/6 3773/442/6
f 3329/433/6 3351/103/6 3703/103/6
f 3603/134/5 3955/134/5 3977/137/5
f 3545/127/5 3523/126/5 3875/126/5
f 3453/230/5 3420/442/5 3772/442/5
f 3328/415/5 3680/415/5 3702/103/5
f 3544/127/6 3896/127/6 3874/126/6
f 3452/230/6 3804/230/6 3771/442/6
f 3636/96/5 3624/231/5 3976/231/5
f 3543/127/5 3521/126/5 3873/126/5
f 3451/230/5 3418/442/5 3770/442/5
f 3349/301/5 3701/301/5 3723/105/5
f 3637/424/6 3989/424/6 3975/185/6
f 3542/127/6 3894/127/6 3872/308/6
f 3450/230/6 3802/230/6 3769/112/6
f 3348/101/6 3370/436/6 3722/436/6
f 3638/425/5 3622/199/5 3974/199/5
f 3541/127/5 3519/432/5 3871/432/5
f 3449/116/5 3416/112/5 3768/112/5
f 3347/101/5 3699/101/5 3721/436/5
f 3639/140/6 3991/140/6 3973/180/6
f 3540/127/6 3892/127/6 3870/432/6
f 3346/101/6 3368/437/6 3720/437/6
f 3640/140/5 3620/180/5 3972/180/5
f 3539/127/5 3517/308/5 3869/308/5
f 3470/327/5 3437/113/5 3789/113/5
f 3345/101/5 3697/101/5 3719/437/5
f 3641/427/6 3993/427/6 3971/180/6
f 3538/127/6 3890/127/6 3868/126/6
f 3469/118/6 3821/118/6 3788/113/6
f 3344/101/6 3366/404/6 3718/404/6
f 3642/427/5 3618/180/5 3970/180/5
f 3537/127/5 3515/126/5 3867/126/5
f 3468/146/5 3435/113/5 3787/113/5
f 3343/294/5 3695/294/5 3717/404/5
f 3643/427/6 3995/427/6 3969/180/6
f 3467/146/6 3819/146/6 3786/113/6
f 3342/294/6 3364/404/6 3716/404/6
f 3644/140/5 3616/180/5 3968/180/5
f 3536/94/5 3888/94/5 3910/170/5
f 3466/307/5 3433/113/5 3785/113/5
f 3341/101/5 3693/101/5 3715/404/5
f 3645/140/6 3997/140/6 3967/191/6
f 3535/300/6 3557/156/6 3909/156/6
f 3465/273/6 3817/273/6 3784/435/6
f 3340/101/6 3362/404/6 3714/404/6
f 3646/140/5 3614/180/5 3966/180/5
f 3534/300/5 3886/300/5 3908/156/5
f 3464/273/5 3431/435/5 3783/435/5
f 3339/101/5 3691/101/5 3713/404/5
f 3533/290/6 3555/170/6 3907/170/6
f 3463/273/6 3815/273/6 3782/435/6
f 3635/173/5 3987/173/5 3999/430/5
f 3532/290/5 3884/290/5 3906/170/5
f 3462/118/5 3429/113/5 3781/113/5
f 3382/438/41 3658/412/41 4010/412/41
f 3634/173/6 3648/429/6 4000/429/6
f 3531/290/6 3553/170/6 3905/170/6
f 3461/282/6 3813/282/6 3780/113/6
f 3381/384/6 3733/384/6 4011/142/6
f 3633/173/5 3985/173/5 4001/431/5
f 3530/299/5 3882/299/5 3904/178/5
f 3460/118/5 3427/113/5 3779/113/5
f 3380/438/5 3660/338/5 4012/338/5
f 3632/137/6 3650/151/6 4002/151/6
f 3529/299/6 3551/178/6 3903/178/6
f 3379/384/6 3731/384/6 4013/142/6
f 3631/137/5 3983/137/5 4003/431/5
f 3528/299/5 3880/299/5 3902/281/5
f 3448/168/5 3800/168/5 3833/147/5
f 3378/384/5 3662/142/5 4014/142/5
f 3630/448/6 3652/151/6 4004/151/6
f 3527/299/6 3549/93/6 3901/93/6
f 3447/114/6 3480/119/6 3832/119/6
f 3377/384/6 3729/384/6 4015/142/6
f 3629/448/5 3981/448/5 4005/151/5
f 3526/290/5 3878/290/5 3900/156/5
f 3446/444/5 3798/444/5 3831/119/5
f 3376/384/5 3664/329/5 4016/329/5
f 3628/448/6 3654/151/6 4006/151/6
f 3445/444/6 3478/147/6 3830/147/6
f 3375/384/6 3727/384/6 4017/329/6
f 3627/137/5 3979/137/5 4007/151/5
f 3569/263/5 3547/127/5 3899/127/5
f 3444/444/5 3796/444/5 3829/147/5
f 3374/108/5 3666/329/5 4018/329/5
f 3626/137/6 3656/151/6 4008/151/6
f 3568/128/6 3920/128/6 3898/127/6
f 3443/114/6 3476/339/6 3828/339/6
f 3373/402/6 3725/402/6 4019/329/6
f 3625/137/5 3977/137/5 4009/151/5
f 3567/128/5 3545/127/5 3897/127/5
f 3442/114/5 3794/114/5 3827/339/5
f 3372/400/5 3668/329/5 4020/329/5
f 3566/128/6 3918/128/6 3896/127/6
f 3441/114/6 3474/339/6 3826/339/6
f 3565/128/5 3543/127/5 3895/127/5
f 3440/114/5 3792/114/5 3825/147/5
f 3360/343/5 3712/343/5 3745/390/5
f 3564/150/6 3916/150/6 3894/127/6
f 3439/114/6 3472/119/6 3824/119/6
f 3359/103/6 3392/109/6 3744/109/6
f 3563/447/5 3541/127/5 3893/127/5
f 3438/114/5 3790/114/5 3823/119/5
f 3358/103/5 3710/103/5 3743/109/5
f 3562/447/6 3914/447/6 3892/127/6
f 3357/103/6 3390/390/6 3742/390/6
f 3561/150/5 3539/127/5 3891/127/5
f 3492/120/5 3459/116/5 3811/116/5
f 3356/103/5 3708/103/5 3741/390/5
f 3560/128/6 3912/128/6 3890/127/6
f 3491/120/6 3843/120/6 3810/264/6
f 3355/103/6 3388/439/6 3740/439/6
f 3559/128/5 3537/127/5 3889/127/5
f 3490/445/5 3457/264/5 3809/264/5
f 3354/342/5 3706/342/5 3739/439/5
f 3489/186/6 3841/186/6 3808/116/6
f 3353/342/6 3386/439/6 3738/439/6
f 23/450/1 7/4/1 6/2/1
f 7/4/2 14/6/2 13/5/2
f 21/452/3 11/8/3 9/7/3
f 11/8/4 4/477/4 1/9/4
f 4122/572/5 4121/573/5 20/453/5
f 15/574/5 4147/575/5 4146/576/5
f 15/574/5 4146/576/5 4145/577/5
f 4122/572/5 20/453/5 9/7/5
f 4123/578/5 4122/572/5 9/7/5
f 1/10/5 15/574/5 4145/577/5
f 1/10/5 4145/577/5 4144/579/5
f 4124/580/5 4123/578/5 9/7/5
f 4125/581/42 4124/580/42 9/7/42
f 1/10/5 4144/579/5 4143/582/5
f 1/10/5 4143/582/5 4142/583/5
f 4126/584/5 4125/581/5 9/7/5
f 4127/585/5 4126/584/5 9/7/5
f 1/10/5 4142/583/5 4141/586/5
f 1/10/5 4141/586/5 4140/587/5
f 4128/588/5 4127/585/5 9/7/5
f 4129/589/5 4128/588/5 9/7/5
f 1/10/5 4140/587/5 4139/590/5
f 1/10/5 4139/590/5 4138/591/5
f 4130/592/5 4129/589/5 9/7/5
f 4131/593/5 4130/592/5 9/7/5
f 1/10/5 4138/591/5 4137/594/5
f 1/10/5 4137/594/5 4136/595/5
f 4132/596/5 4131/593/5 9/7/5
f 4133/597/5 4132/596/5 9/7/5
f 1/10/5 4136/595/5 4135/598/5
f 4134/454/5 4133/597/5 9/7/5
f 1/10/5 4135/598/5 4134/454/5
f 18/455/6 4/15/6 11/8/6
f 28/456/3 29/456/3 31/452/3
f 4148/599/5 4147/575/5 15/574/5
f 15/574/5 27/600/5 4173/601/5
f 15/574/5 4173/601/5 4172/602/5
f 4149/603/5 4148/599/5 15/574/5
f 4236/460/5 4151/462/5 4150/604/5
f 4150/604/5 4149/603/5 15/574/5
f 15/574/5 4172/602/5 4171/605/5
f 15/574/5 4171/605/5 4170/606/5
f 4236/460/5 4150/604/5 15/574/5
f 4239/607/5 4236/460/5 15/574/5
f 15/574/42 4170/606/42 4169/608/42
f 4242/609/5 4239/607/5 15/574/5
f 4244/610/5 4242/609/5 15/574/5
f 4166/611/5 4165/612/5 24/457/5
f 24/457/5 20/453/5 4121/573/5
f 24/457/45 4121/573/45 4120/613/45
f 4167/614/5 4166/611/5 24/457/5
f 4168/615/5 4167/614/5 24/457/5
f 24/457/5 4120/613/5 4119/616/5
f 4118/617/5 4117/461/5 4235/618/5
f 24/457/5 4119/616/5 4118/617/5
f 4169/608/5 4168/615/5 24/457/5
f 4246/619/5 4244/610/5 15/574/5
f 4248/620/5 4246/619/5 15/574/5
f 4118/617/5 4235/618/5 4232/621/5
f 4118/617/5 4232/621/5 4228/622/5
f 4250/623/5 4248/620/5 15/574/5
f 4252/624/5 4250/623/5 15/574/5
f 4118/617/5 4228/622/5 4226/625/5
f 4118/617/5 4226/625/5 4222/626/5
f 4254/627/5 4252/624/5 15/574/5
f 4225/628/5 4254/627/5 15/574/5
f 4118/617/5 4222/626/5 4223/629/5
f 4118/617/42 4223/629/42 4253/630/42
f 4224/631/5 4225/628/5 15/574/5
f 4224/631/5 15/574/5 4169/608/5
f 24/457/5 4118/617/5 4253/630/5
f 24/457/46 4253/630/46 4251/632/46
f 4227/633/5 4224/631/5 4169/608/5
f 4231/634/5 4227/633/5 4169/608/5
f 24/457/5 4251/632/5 4249/635/5
f 24/457/5 4249/635/5 4247/636/5
f 4231/634/5 4169/608/5 24/457/5
f 4234/637/47 4231/634/47 24/457/47
f 24/457/41 4247/636/41 4245/638/41
f 24/457/5 4245/638/5 4243/639/5
f 4238/640/42 4234/637/42 24/457/42
f 4241/641/5 4238/640/5 24/457/5
f 24/457/5 4243/639/5 4240/642/5
f 24/457/5 4240/642/5 4237/643/5
f 4230/644/5 4241/641/5 24/457/5
f 4229/459/5 4230/644/5 24/457/5
f 24/457/5 4237/643/5 4233/458/5
f 4236/460/48 4235/618/48 4117/461/48
f 28/456/3 21/452/3 20/453/3
f 4/1/1 18/465/1 15/463/1
f 14/6/3 28/456/3 24/457/3
f 4174/645/5 4173/601/5 27/600/5
f 24/457/5 4165/612/5 4164/646/5
f 24/457/5 4164/646/5 4163/647/5
f 4174/645/5 27/600/5 6/11/5
f 4175/648/5 4174/645/5 6/11/5
f 13/5/5 24/457/5 4163/647/5
f 13/5/5 4163/647/5 4162/649/5
f 4176/650/5 4175/648/5 6/11/5
f 4177/651/42 4176/650/42 6/11/42
f 13/5/5 4162/649/5 4161/652/5
f 13/5/5 4161/652/5 4160/653/5
f 4178/654/5 4177/651/5 6/11/5
f 4179/655/5 4178/654/5 6/11/5
f 13/5/5 4160/653/5 4159/656/5
f 13/5/5 4159/656/5 4158/657/5
f 4180/658/5 4179/655/5 6/11/5
f 4181/659/5 4180/658/5 6/11/5
f 13/5/5 4158/657/5 4157/660/5
f 13/5/5 4157/660/5 4156/661/5
f 4182/662/5 4181/659/5 6/11/5
f 4183/663/5 4182/662/5 6/11/5
f 13/5/5 4156/661/5 4155/664/5
f 13/5/5 4155/664/5 4154/665/5
f 4184/666/5 4183/663/5 6/11/5
f 4185/667/5 4184/666/5 6/11/5
f 13/5/5 4154/665/5 4153/668/5
f 4152/464/5 4185/667/5 6/11/5
f 13/5/5 4153/668/5 4152/464/5
f 7/17/6 23/466/6 28/456/6
f 18/465/1 23/450/1 27/451/1
f 33/465/6 40/465/6 42/450/6
f 23/466/2 35/466/2 29/456/2
f 18/465/1 33/465/1 35/450/1
f 21/452/4 31/452/4 33/455/4
f 42/466/2 56/466/2 50/456/2
f 29/456/6 37/456/6 38/452/6
f 35/466/6 42/466/6 37/456/6
f 33/455/6 31/452/6 38/452/6
f 48/467/2 62/467/2 57/468/2
f 38/452/4 53/452/4 55/455/4
f 40/465/1 55/465/1 56/450/1
f 37/456/3 50/456/3 53/452/3
f 46/469/6 53/452/6 50/456/6
f 47/470/6 55/455/6 53/452/6
f 4192/669/6 4195/475/6 48/467/6
f 48/467/6 56/466/6 55/455/6
f 55/455/6 47/470/6 4218/474/6
f 55/455/7 4218/474/7 4219/670/7
f 4190/671/6 4192/669/6 48/467/6
f 4187/472/6 4190/671/6 48/467/6
f 55/455/6 4219/670/6 4186/471/6
f 4187/472/6 48/467/6 55/455/6
f 43/468/6 50/456/6 56/466/6
f 4216/672/6 4220/673/6 60/470/6
f 62/467/6 4194/476/6 4196/674/6
f 62/467/6 4196/674/6 4200/675/6
f 4214/676/6 4216/672/6 60/470/6
f 4212/677/6 4214/676/6 60/470/6
f 62/467/6 4200/675/6 4203/678/6
f 62/467/6 4203/678/6 4206/679/6
f 4210/680/6 4212/677/6 60/470/6
f 4207/681/6 4210/680/6 60/470/6
f 62/467/6 4206/679/6 4209/682/6
f 62/467/6 4209/682/6 4198/683/6
f 4207/681/6 60/470/6 59/469/6
f 4204/684/6 4207/681/6 59/469/6
f 57/468/6 62/467/6 4198/683/6
f 57/468/6 4198/683/6 4199/685/6
f 4201/686/6 4204/684/6 59/469/6
f 4197/687/6 4201/686/6 59/469/6
f 57/468/6 4199/685/6 4202/688/6
f 57/468/6 4202/688/6 4205/689/6
f 4193/690/6 4197/687/6 59/469/6
f 4191/691/6 4193/690/6 59/469/6
f 57/468/6 4205/689/6 4208/692/6
f 57/468/6 4208/692/6 4211/693/6
f 4189/694/6 4191/691/6 59/469/6
f 4188/695/6 4189/694/6 59/469/6
f 57/468/6 4211/693/6 4213/696/6
f 57/468/6 4213/696/6 4215/697/6
f 4221/698/6 4188/695/6 59/469/6
f 57/468/6 4215/697/6 4217/473/6
f 4217/473/6 4221/698/6 59/469/6
f 46/469/4 59/469/4 60/470/4
f 60/470/1 4220/673/1 4218/474/1
f 62/467/1 48/467/1 4195/475/1
f 43/468/3 57/468/3 59/469/3
